target_table,row_id,audio_url,audio_key,audio_source_cell,source_file
senses,2499,https://pub-78d23bf07fce46b3adc19df91148ffb8.r2.dev/Linfala/senses/A/A.C10.mp3,Linfala/senses/A/A.C10.mp3,A.C10,A.C10.mp3
senses,2605,https://pub-78d23bf07fce46b3adc19df91148ffb8.r2.dev/Linfala/senses/A/A.C100.mp3,Linfala/senses/A/A.C100.mp3,A.C100,A.C100.mp3
senses,2606,https://pub-78d23bf07fce46b3adc19df91148ffb8.r2.dev/Linfala/senses/A/A.C101.mp3,Linfala/senses/A/A.C101.mp3,A.C101,A.C101.mp3
senses,2607,https://pub-78d23bf07fce46b3adc19df91148ffb8.r2.dev/Linfala/senses/A/A.C102.mp3,Linfala/senses/A/A.C102.mp3,A.C102,A.C102.mp3
senses,2608,https://pub-78d23bf07fce46b3adc19df91148ffb8.r2.dev/Linfala/senses/A/A.C103.mp3,Linfala/senses/A/A.C103.mp3,A.C103,A.C103.mp3
senses,2609,https://pub-78d23bf07fce46b3adc19df91148ffb8.r2.dev/Linfala/senses/A/A.C104.mp3,Linfala/senses/A/A.C104.mp3,A.C104,A.C104.mp3
senses,2611,https://pub-78d23bf07fce46b3adc19df91148ffb8.r2.dev/Linfala/senses/A/A.C105.mp3,Linfala/senses/A/A.C105.mp3,A.C105,A.C105.mp3
senses,2612,https://pub-78d23bf07fce46b3adc19df91148ffb8.r2.dev/Linfala/senses/A/A.C106.mp3,Linfala/senses/A/A.C106.mp3,A.C106,A.C106.mp3
senses,2613,https://pub-78d23bf07fce46b3adc19df91148ffb8.r2.dev/Linfala/senses/A/A.C107.mp3,Linfala/senses/A/A.C107.mp3,A.C107,A.C107.mp3
senses,2614,https://pub-78d23bf07fce46b3adc19df91148ffb8.r2.dev/Linfala/senses/A/A.C108.mp3,Linfala/senses/A/A.C108.mp3,A.C108,A.C108.mp3
senses,2615,https://pub-78d23bf07fce46b3adc19df91148ffb8.r2.dev/Linfala/senses/A/A.C109.mp3,Linfala/senses/A/A.C109.mp3,A.C109,A.C109.mp3
senses,2500,https://pub-78d23bf07fce46b3adc19df91148ffb8.r2.dev/Linfala/senses/A/A.C11.mp3,Linfala/senses/A/A.C11.mp3,A.C11,A.C11.mp3
senses,2617,https://pub-78d23bf07fce46b3adc19df91148ffb8.r2.dev/Linfala/senses/A/A.C110.mp3,Linfala/senses/A/A.C110.mp3,A.C110,A.C110.mp3
senses,2619,https://pub-78d23bf07fce46b3adc19df91148ffb8.r2.dev/Linfala/senses/A/A.C111.mp3,Linfala/senses/A/A.C111.mp3,A.C111,A.C111.mp3
senses,2620,https://pub-78d23bf07fce46b3adc19df91148ffb8.r2.dev/Linfala/senses/A/A.C112.mp3,Linfala/senses/A/A.C112.mp3,A.C112,A.C112.mp3
senses,2621,https://pub-78d23bf07fce46b3adc19df91148ffb8.r2.dev/Linfala/senses/A/A.C113.mp3,Linfala/senses/A/A.C113.mp3,A.C113,A.C113.mp3
senses,2622,https://pub-78d23bf07fce46b3adc19df91148ffb8.r2.dev/Linfala/senses/A/A.C114.mp3,Linfala/senses/A/A.C114.mp3,A.C114,A.C114.mp3
senses,2623,https://pub-78d23bf07fce46b3adc19df91148ffb8.r2.dev/Linfala/senses/A/A.C115.mp3,Linfala/senses/A/A.C115.mp3,A.C115,A.C115.mp3
senses,2624,https://pub-78d23bf07fce46b3adc19df91148ffb8.r2.dev/Linfala/senses/A/A.C116.mp3,Linfala/senses/A/A.C116.mp3,A.C116,A.C116.mp3
senses,2626,https://pub-78d23bf07fce46b3adc19df91148ffb8.r2.dev/Linfala/senses/A/A.C117.mp3,Linfala/senses/A/A.C117.mp3,A.C117,A.C117.mp3
senses,2628,https://pub-78d23bf07fce46b3adc19df91148ffb8.r2.dev/Linfala/senses/A/A.C118.mp3,Linfala/senses/A/A.C118.mp3,A.C118,A.C118.mp3
senses,2629,https://pub-78d23bf07fce46b3adc19df91148ffb8.r2.dev/Linfala/senses/A/A.C119.mp3,Linfala/senses/A/A.C119.mp3,A.C119,A.C119.mp3
senses,2501,https://pub-78d23bf07fce46b3adc19df91148ffb8.r2.dev/Linfala/senses/A/A.C12.mp3,Linfala/senses/A/A.C12.mp3,A.C12,A.C12.mp3
senses,2631,https://pub-78d23bf07fce46b3adc19df91148ffb8.r2.dev/Linfala/senses/A/A.C120.mp3,Linfala/senses/A/A.C120.mp3,A.C120,A.C120.mp3
senses,2632,https://pub-78d23bf07fce46b3adc19df91148ffb8.r2.dev/Linfala/senses/A/A.C121.mp3,Linfala/senses/A/A.C121.mp3,A.C121,A.C121.mp3
senses,2633,https://pub-78d23bf07fce46b3adc19df91148ffb8.r2.dev/Linfala/senses/A/A.C122.mp3,Linfala/senses/A/A.C122.mp3,A.C122,A.C122.mp3
senses,2634,https://pub-78d23bf07fce46b3adc19df91148ffb8.r2.dev/Linfala/senses/A/A.C123.mp3,Linfala/senses/A/A.C123.mp3,A.C123,A.C123.mp3
senses,2635,https://pub-78d23bf07fce46b3adc19df91148ffb8.r2.dev/Linfala/senses/A/A.C124.mp3,Linfala/senses/A/A.C124.mp3,A.C124,A.C124.mp3
senses,2636,https://pub-78d23bf07fce46b3adc19df91148ffb8.r2.dev/Linfala/senses/A/A.C125.mp3,Linfala/senses/A/A.C125.mp3,A.C125,A.C125.mp3
senses,2637,https://pub-78d23bf07fce46b3adc19df91148ffb8.r2.dev/Linfala/senses/A/A.C126.mp3,Linfala/senses/A/A.C126.mp3,A.C126,A.C126.mp3
senses,2639,https://pub-78d23bf07fce46b3adc19df91148ffb8.r2.dev/Linfala/senses/A/A.C127.mp3,Linfala/senses/A/A.C127.mp3,A.C127,A.C127.mp3
senses,2640,https://pub-78d23bf07fce46b3adc19df91148ffb8.r2.dev/Linfala/senses/A/A.C128.mp3,Linfala/senses/A/A.C128.mp3,A.C128,A.C128.mp3
senses,2641,https://pub-78d23bf07fce46b3adc19df91148ffb8.r2.dev/Linfala/senses/A/A.C129.mp3,Linfala/senses/A/A.C129.mp3,A.C129,A.C129.mp3
senses,2502,https://pub-78d23bf07fce46b3adc19df91148ffb8.r2.dev/Linfala/senses/A/A.C13.mp3,Linfala/senses/A/A.C13.mp3,A.C13,A.C13.mp3
senses,2642,https://pub-78d23bf07fce46b3adc19df91148ffb8.r2.dev/Linfala/senses/A/A.C130.mp3,Linfala/senses/A/A.C130.mp3,A.C130,A.C130.mp3
senses,2643,https://pub-78d23bf07fce46b3adc19df91148ffb8.r2.dev/Linfala/senses/A/A.C131.mp3,Linfala/senses/A/A.C131.mp3,A.C131,A.C131.mp3
senses,2644,https://pub-78d23bf07fce46b3adc19df91148ffb8.r2.dev/Linfala/senses/A/A.C132.mp3,Linfala/senses/A/A.C132.mp3,A.C132,A.C132.mp3
senses,2646,https://pub-78d23bf07fce46b3adc19df91148ffb8.r2.dev/Linfala/senses/A/A.C133.mp3,Linfala/senses/A/A.C133.mp3,A.C133,A.C133.mp3
senses,2647,https://pub-78d23bf07fce46b3adc19df91148ffb8.r2.dev/Linfala/senses/A/A.C134.mp3,Linfala/senses/A/A.C134.mp3,A.C134,A.C134.mp3
senses,2648,https://pub-78d23bf07fce46b3adc19df91148ffb8.r2.dev/Linfala/senses/A/A.C135.mp3,Linfala/senses/A/A.C135.mp3,A.C135,A.C135.mp3
senses,2649,https://pub-78d23bf07fce46b3adc19df91148ffb8.r2.dev/Linfala/senses/A/A.C136.mp3,Linfala/senses/A/A.C136.mp3,A.C136,A.C136.mp3
senses,2651,https://pub-78d23bf07fce46b3adc19df91148ffb8.r2.dev/Linfala/senses/A/A.C137.mp3,Linfala/senses/A/A.C137.mp3,A.C137,A.C137.mp3
senses,2652,https://pub-78d23bf07fce46b3adc19df91148ffb8.r2.dev/Linfala/senses/A/A.C138.mp3,Linfala/senses/A/A.C138.mp3,A.C138,A.C138.mp3
senses,2654,https://pub-78d23bf07fce46b3adc19df91148ffb8.r2.dev/Linfala/senses/A/A.C139.mp3,Linfala/senses/A/A.C139.mp3,A.C139,A.C139.mp3
senses,2504,https://pub-78d23bf07fce46b3adc19df91148ffb8.r2.dev/Linfala/senses/A/A.C14.mp3,Linfala/senses/A/A.C14.mp3,A.C14,A.C14.mp3
senses,2655,https://pub-78d23bf07fce46b3adc19df91148ffb8.r2.dev/Linfala/senses/A/A.C140.mp3,Linfala/senses/A/A.C140.mp3,A.C140,A.C140.mp3
senses,2656,https://pub-78d23bf07fce46b3adc19df91148ffb8.r2.dev/Linfala/senses/A/A.C141.mp3,Linfala/senses/A/A.C141.mp3,A.C141,A.C141.mp3
senses,2657,https://pub-78d23bf07fce46b3adc19df91148ffb8.r2.dev/Linfala/senses/A/A.C142.mp3,Linfala/senses/A/A.C142.mp3,A.C142,A.C142.mp3
senses,2658,https://pub-78d23bf07fce46b3adc19df91148ffb8.r2.dev/Linfala/senses/A/A.C143.mp3,Linfala/senses/A/A.C143.mp3,A.C143,A.C143.mp3
senses,2659,https://pub-78d23bf07fce46b3adc19df91148ffb8.r2.dev/Linfala/senses/A/A.C144.mp3,Linfala/senses/A/A.C144.mp3,A.C144,A.C144.mp3
senses,2660,https://pub-78d23bf07fce46b3adc19df91148ffb8.r2.dev/Linfala/senses/A/A.C145.mp3,Linfala/senses/A/A.C145.mp3,A.C145,A.C145.mp3
senses,2662,https://pub-78d23bf07fce46b3adc19df91148ffb8.r2.dev/Linfala/senses/A/A.C146.mp3,Linfala/senses/A/A.C146.mp3,A.C146,A.C146.mp3
senses,2663,https://pub-78d23bf07fce46b3adc19df91148ffb8.r2.dev/Linfala/senses/A/A.C147.mp3,Linfala/senses/A/A.C147.mp3,A.C147,A.C147.mp3
senses,2664,https://pub-78d23bf07fce46b3adc19df91148ffb8.r2.dev/Linfala/senses/A/A.C148.mp3,Linfala/senses/A/A.C148.mp3,A.C148,A.C148.mp3
senses,2665,https://pub-78d23bf07fce46b3adc19df91148ffb8.r2.dev/Linfala/senses/A/A.C149.mp3,Linfala/senses/A/A.C149.mp3,A.C149,A.C149.mp3
senses,2505,https://pub-78d23bf07fce46b3adc19df91148ffb8.r2.dev/Linfala/senses/A/A.C15.mp3,Linfala/senses/A/A.C15.mp3,A.C15,A.C15.mp3
senses,2667,https://pub-78d23bf07fce46b3adc19df91148ffb8.r2.dev/Linfala/senses/A/A.C150.mp3,Linfala/senses/A/A.C150.mp3,A.C150,A.C150.mp3
senses,2669,https://pub-78d23bf07fce46b3adc19df91148ffb8.r2.dev/Linfala/senses/A/A.C152.mp3,Linfala/senses/A/A.C152.mp3,A.C152,A.C152.mp3
senses,2670,https://pub-78d23bf07fce46b3adc19df91148ffb8.r2.dev/Linfala/senses/A/A.C153.mp3,Linfala/senses/A/A.C153.mp3,A.C153,A.C153.mp3
senses,2671,https://pub-78d23bf07fce46b3adc19df91148ffb8.r2.dev/Linfala/senses/A/A.C154.mp3,Linfala/senses/A/A.C154.mp3,A.C154,A.C154.mp3
senses,2672,https://pub-78d23bf07fce46b3adc19df91148ffb8.r2.dev/Linfala/senses/A/A.C155.mp3,Linfala/senses/A/A.C155.mp3,A.C155,A.C155.mp3
senses,2673,https://pub-78d23bf07fce46b3adc19df91148ffb8.r2.dev/Linfala/senses/A/A.C156.mp3,Linfala/senses/A/A.C156.mp3,A.C156,A.C156.mp3
senses,2674,https://pub-78d23bf07fce46b3adc19df91148ffb8.r2.dev/Linfala/senses/A/A.C157.mp3,Linfala/senses/A/A.C157.mp3,A.C157,A.C157.mp3
senses,2676,https://pub-78d23bf07fce46b3adc19df91148ffb8.r2.dev/Linfala/senses/A/A.C158.mp3,Linfala/senses/A/A.C158.mp3,A.C158,A.C158.mp3
senses,2677,https://pub-78d23bf07fce46b3adc19df91148ffb8.r2.dev/Linfala/senses/A/A.C159.mp3,Linfala/senses/A/A.C159.mp3,A.C159,A.C159.mp3
senses,2506,https://pub-78d23bf07fce46b3adc19df91148ffb8.r2.dev/Linfala/senses/A/A.C16.mp3,Linfala/senses/A/A.C16.mp3,A.C16,A.C16.mp3
senses,2678,https://pub-78d23bf07fce46b3adc19df91148ffb8.r2.dev/Linfala/senses/A/A.C160.mp3,Linfala/senses/A/A.C160.mp3,A.C160,A.C160.mp3
senses,2679,https://pub-78d23bf07fce46b3adc19df91148ffb8.r2.dev/Linfala/senses/A/A.C161.mp3,Linfala/senses/A/A.C161.mp3,A.C161,A.C161.mp3
senses,2680,https://pub-78d23bf07fce46b3adc19df91148ffb8.r2.dev/Linfala/senses/A/A.C162.mp3,Linfala/senses/A/A.C162.mp3,A.C162,A.C162.mp3
senses,2681,https://pub-78d23bf07fce46b3adc19df91148ffb8.r2.dev/Linfala/senses/A/A.C163.mp3,Linfala/senses/A/A.C163.mp3,A.C163,A.C163.mp3
senses,2682,https://pub-78d23bf07fce46b3adc19df91148ffb8.r2.dev/Linfala/senses/A/A.C164.mp3,Linfala/senses/A/A.C164.mp3,A.C164,A.C164.mp3
senses,2684,https://pub-78d23bf07fce46b3adc19df91148ffb8.r2.dev/Linfala/senses/A/A.C165.mp3,Linfala/senses/A/A.C165.mp3,A.C165,A.C165.mp3
senses,2685,https://pub-78d23bf07fce46b3adc19df91148ffb8.r2.dev/Linfala/senses/A/A.C166.mp3,Linfala/senses/A/A.C166.mp3,A.C166,A.C166.mp3
senses,2686,https://pub-78d23bf07fce46b3adc19df91148ffb8.r2.dev/Linfala/senses/A/A.C167.mp3,Linfala/senses/A/A.C167.mp3,A.C167,A.C167.mp3
senses,2507,https://pub-78d23bf07fce46b3adc19df91148ffb8.r2.dev/Linfala/senses/A/A.C17.mp3,Linfala/senses/A/A.C17.mp3,A.C17,A.C17.mp3
senses,2508,https://pub-78d23bf07fce46b3adc19df91148ffb8.r2.dev/Linfala/senses/A/A.C18.mp3,Linfala/senses/A/A.C18.mp3,A.C18,A.C18.mp3
senses,2509,https://pub-78d23bf07fce46b3adc19df91148ffb8.r2.dev/Linfala/senses/A/A.C19.mp3,Linfala/senses/A/A.C19.mp3,A.C19,A.C19.mp3
senses,2510,https://pub-78d23bf07fce46b3adc19df91148ffb8.r2.dev/Linfala/senses/A/A.C20.mp3,Linfala/senses/A/A.C20.mp3,A.C20,A.C20.mp3
senses,2513,https://pub-78d23bf07fce46b3adc19df91148ffb8.r2.dev/Linfala/senses/A/A.C22.mp3,Linfala/senses/A/A.C22.mp3,A.C22,A.C22.mp3
senses,2514,https://pub-78d23bf07fce46b3adc19df91148ffb8.r2.dev/Linfala/senses/A/A.C23.mp3,Linfala/senses/A/A.C23.mp3,A.C23,A.C23.mp3
senses,2515,https://pub-78d23bf07fce46b3adc19df91148ffb8.r2.dev/Linfala/senses/A/A.C24.mp3,Linfala/senses/A/A.C24.mp3,A.C24,A.C24.mp3
senses,2517,https://pub-78d23bf07fce46b3adc19df91148ffb8.r2.dev/Linfala/senses/A/A.C25.mp3,Linfala/senses/A/A.C25.mp3,A.C25,A.C25.mp3
senses,2518,https://pub-78d23bf07fce46b3adc19df91148ffb8.r2.dev/Linfala/senses/A/A.C26.mp3,Linfala/senses/A/A.C26.mp3,A.C26,A.C26.mp3
senses,2520,https://pub-78d23bf07fce46b3adc19df91148ffb8.r2.dev/Linfala/senses/A/A.C28.mp3,Linfala/senses/A/A.C28.mp3,A.C28,A.C28.mp3
senses,2521,https://pub-78d23bf07fce46b3adc19df91148ffb8.r2.dev/Linfala/senses/A/A.C29.mp3,Linfala/senses/A/A.C29.mp3,A.C29,A.C29.mp3
senses,2490,https://pub-78d23bf07fce46b3adc19df91148ffb8.r2.dev/Linfala/senses/A/A.C3.mp3,Linfala/senses/A/A.C3.mp3,A.C3,A.C3.mp3
senses,2522,https://pub-78d23bf07fce46b3adc19df91148ffb8.r2.dev/Linfala/senses/A/A.C30.mp3,Linfala/senses/A/A.C30.mp3,A.C30,A.C30.mp3
senses,2523,https://pub-78d23bf07fce46b3adc19df91148ffb8.r2.dev/Linfala/senses/A/A.C31.mp3,Linfala/senses/A/A.C31.mp3,A.C31,A.C31.mp3
senses,2524,https://pub-78d23bf07fce46b3adc19df91148ffb8.r2.dev/Linfala/senses/A/A.C32.mp3,Linfala/senses/A/A.C32.mp3,A.C32,A.C32.mp3
senses,2525,https://pub-78d23bf07fce46b3adc19df91148ffb8.r2.dev/Linfala/senses/A/A.C33.mp3,Linfala/senses/A/A.C33.mp3,A.C33,A.C33.mp3
senses,2526,https://pub-78d23bf07fce46b3adc19df91148ffb8.r2.dev/Linfala/senses/A/A.C34.mp3,Linfala/senses/A/A.C34.mp3,A.C34,A.C34.mp3
senses,2527,https://pub-78d23bf07fce46b3adc19df91148ffb8.r2.dev/Linfala/senses/A/A.C35.mp3,Linfala/senses/A/A.C35.mp3,A.C35,A.C35.mp3
senses,2529,https://pub-78d23bf07fce46b3adc19df91148ffb8.r2.dev/Linfala/senses/A/A.C36.mp3,Linfala/senses/A/A.C36.mp3,A.C36,A.C36.mp3
senses,2530,https://pub-78d23bf07fce46b3adc19df91148ffb8.r2.dev/Linfala/senses/A/A.C37.mp3,Linfala/senses/A/A.C37.mp3,A.C37,A.C37.mp3
senses,2531,https://pub-78d23bf07fce46b3adc19df91148ffb8.r2.dev/Linfala/senses/A/A.C38.mp3,Linfala/senses/A/A.C38.mp3,A.C38,A.C38.mp3
senses,2532,https://pub-78d23bf07fce46b3adc19df91148ffb8.r2.dev/Linfala/senses/A/A.C39.mp3,Linfala/senses/A/A.C39.mp3,A.C39,A.C39.mp3
senses,2533,https://pub-78d23bf07fce46b3adc19df91148ffb8.r2.dev/Linfala/senses/A/A.C40.mp3,Linfala/senses/A/A.C40.mp3,A.C40,A.C40.mp3
senses,2535,https://pub-78d23bf07fce46b3adc19df91148ffb8.r2.dev/Linfala/senses/A/A.C41.mp3,Linfala/senses/A/A.C41.mp3,A.C41,A.C41.mp3
senses,2536,https://pub-78d23bf07fce46b3adc19df91148ffb8.r2.dev/Linfala/senses/A/A.C42.mp3,Linfala/senses/A/A.C42.mp3,A.C42,A.C42.mp3
senses,2538,https://pub-78d23bf07fce46b3adc19df91148ffb8.r2.dev/Linfala/senses/A/A.C43.mp3,Linfala/senses/A/A.C43.mp3,A.C43,A.C43.mp3
senses,2539,https://pub-78d23bf07fce46b3adc19df91148ffb8.r2.dev/Linfala/senses/A/A.C44.mp3,Linfala/senses/A/A.C44.mp3,A.C44,A.C44.mp3
senses,2540,https://pub-78d23bf07fce46b3adc19df91148ffb8.r2.dev/Linfala/senses/A/A.C45.mp3,Linfala/senses/A/A.C45.mp3,A.C45,A.C45.mp3
senses,2541,https://pub-78d23bf07fce46b3adc19df91148ffb8.r2.dev/Linfala/senses/A/A.C46.mp3,Linfala/senses/A/A.C46.mp3,A.C46,A.C46.mp3
senses,2542,https://pub-78d23bf07fce46b3adc19df91148ffb8.r2.dev/Linfala/senses/A/A.C47.mp3,Linfala/senses/A/A.C47.mp3,A.C47,A.C47.mp3
senses,2543,https://pub-78d23bf07fce46b3adc19df91148ffb8.r2.dev/Linfala/senses/A/A.C48.mp3,Linfala/senses/A/A.C48.mp3,A.C48,A.C48.mp3
senses,2544,https://pub-78d23bf07fce46b3adc19df91148ffb8.r2.dev/Linfala/senses/A/A.C49.mp3,Linfala/senses/A/A.C49.mp3,A.C49,A.C49.mp3
senses,2492,https://pub-78d23bf07fce46b3adc19df91148ffb8.r2.dev/Linfala/senses/A/A.C5.mp3,Linfala/senses/A/A.C5.mp3,A.C5,A.C5.mp3
senses,2545,https://pub-78d23bf07fce46b3adc19df91148ffb8.r2.dev/Linfala/senses/A/A.C50.mp3,Linfala/senses/A/A.C50.mp3,A.C50,A.C50.mp3
senses,2546,https://pub-78d23bf07fce46b3adc19df91148ffb8.r2.dev/Linfala/senses/A/A.C51.mp3,Linfala/senses/A/A.C51.mp3,A.C51,A.C51.mp3
senses,2547,https://pub-78d23bf07fce46b3adc19df91148ffb8.r2.dev/Linfala/senses/A/A.C52.mp3,Linfala/senses/A/A.C52.mp3,A.C52,A.C52.mp3
senses,2548,https://pub-78d23bf07fce46b3adc19df91148ffb8.r2.dev/Linfala/senses/A/A.C53.mp3,Linfala/senses/A/A.C53.mp3,A.C53,A.C53.mp3
senses,2549,https://pub-78d23bf07fce46b3adc19df91148ffb8.r2.dev/Linfala/senses/A/A.C54.mp3,Linfala/senses/A/A.C54.mp3,A.C54,A.C54.mp3
senses,2550,https://pub-78d23bf07fce46b3adc19df91148ffb8.r2.dev/Linfala/senses/A/A.C55.mp3,Linfala/senses/A/A.C55.mp3,A.C55,A.C55.mp3
senses,2552,https://pub-78d23bf07fce46b3adc19df91148ffb8.r2.dev/Linfala/senses/A/A.C56.mp3,Linfala/senses/A/A.C56.mp3,A.C56,A.C56.mp3
senses,2553,https://pub-78d23bf07fce46b3adc19df91148ffb8.r2.dev/Linfala/senses/A/A.C57.mp3,Linfala/senses/A/A.C57.mp3,A.C57,A.C57.mp3
senses,2554,https://pub-78d23bf07fce46b3adc19df91148ffb8.r2.dev/Linfala/senses/A/A.C58.mp3,Linfala/senses/A/A.C58.mp3,A.C58,A.C58.mp3
senses,2556,https://pub-78d23bf07fce46b3adc19df91148ffb8.r2.dev/Linfala/senses/A/A.C59.mp3,Linfala/senses/A/A.C59.mp3,A.C59,A.C59.mp3
senses,2493,https://pub-78d23bf07fce46b3adc19df91148ffb8.r2.dev/Linfala/senses/A/A.C6.mp3,Linfala/senses/A/A.C6.mp3,A.C6,A.C6.mp3
senses,2558,https://pub-78d23bf07fce46b3adc19df91148ffb8.r2.dev/Linfala/senses/A/A.C60.mp3,Linfala/senses/A/A.C60.mp3,A.C60,A.C60.mp3
senses,2559,https://pub-78d23bf07fce46b3adc19df91148ffb8.r2.dev/Linfala/senses/A/A.C61.mp3,Linfala/senses/A/A.C61.mp3,A.C61,A.C61.mp3
senses,2560,https://pub-78d23bf07fce46b3adc19df91148ffb8.r2.dev/Linfala/senses/A/A.C62.mp3,Linfala/senses/A/A.C62.mp3,A.C62,A.C62.mp3
senses,2561,https://pub-78d23bf07fce46b3adc19df91148ffb8.r2.dev/Linfala/senses/A/A.C63.mp3,Linfala/senses/A/A.C63.mp3,A.C63,A.C63.mp3
senses,2562,https://pub-78d23bf07fce46b3adc19df91148ffb8.r2.dev/Linfala/senses/A/A.C64.mp3,Linfala/senses/A/A.C64.mp3,A.C64,A.C64.mp3
senses,2564,https://pub-78d23bf07fce46b3adc19df91148ffb8.r2.dev/Linfala/senses/A/A.C65.mp3,Linfala/senses/A/A.C65.mp3,A.C65,A.C65.mp3
senses,2565,https://pub-78d23bf07fce46b3adc19df91148ffb8.r2.dev/Linfala/senses/A/A.C66.mp3,Linfala/senses/A/A.C66.mp3,A.C66,A.C66.mp3
senses,2568,https://pub-78d23bf07fce46b3adc19df91148ffb8.r2.dev/Linfala/senses/A/A.C67.mp3,Linfala/senses/A/A.C67.mp3,A.C67,A.C67.mp3
senses,2569,https://pub-78d23bf07fce46b3adc19df91148ffb8.r2.dev/Linfala/senses/A/A.C68.mp3,Linfala/senses/A/A.C68.mp3,A.C68,A.C68.mp3
senses,2570,https://pub-78d23bf07fce46b3adc19df91148ffb8.r2.dev/Linfala/senses/A/A.C69.mp3,Linfala/senses/A/A.C69.mp3,A.C69,A.C69.mp3
senses,2494,https://pub-78d23bf07fce46b3adc19df91148ffb8.r2.dev/Linfala/senses/A/A.C7.mp3,Linfala/senses/A/A.C7.mp3,A.C7,A.C7.mp3
senses,2572,https://pub-78d23bf07fce46b3adc19df91148ffb8.r2.dev/Linfala/senses/A/A.C70.mp3,Linfala/senses/A/A.C70.mp3,A.C70,A.C70.mp3
senses,2573,https://pub-78d23bf07fce46b3adc19df91148ffb8.r2.dev/Linfala/senses/A/A.C71.mp3,Linfala/senses/A/A.C71.mp3,A.C71,A.C71.mp3
senses,2574,https://pub-78d23bf07fce46b3adc19df91148ffb8.r2.dev/Linfala/senses/A/A.C72.mp3,Linfala/senses/A/A.C72.mp3,A.C72,A.C72.mp3
senses,2575,https://pub-78d23bf07fce46b3adc19df91148ffb8.r2.dev/Linfala/senses/A/A.C73.mp3,Linfala/senses/A/A.C73.mp3,A.C73,A.C73.mp3
senses,2577,https://pub-78d23bf07fce46b3adc19df91148ffb8.r2.dev/Linfala/senses/A/A.C74.mp3,Linfala/senses/A/A.C74.mp3,A.C74,A.C74.mp3
senses,2578,https://pub-78d23bf07fce46b3adc19df91148ffb8.r2.dev/Linfala/senses/A/A.C75.mp3,Linfala/senses/A/A.C75.mp3,A.C75,A.C75.mp3
senses,2579,https://pub-78d23bf07fce46b3adc19df91148ffb8.r2.dev/Linfala/senses/A/A.C76.mp3,Linfala/senses/A/A.C76.mp3,A.C76,A.C76.mp3
senses,2581,https://pub-78d23bf07fce46b3adc19df91148ffb8.r2.dev/Linfala/senses/A/A.C77.mp3,Linfala/senses/A/A.C77.mp3,A.C77,A.C77.mp3
senses,2582,https://pub-78d23bf07fce46b3adc19df91148ffb8.r2.dev/Linfala/senses/A/A.C78.mp3,Linfala/senses/A/A.C78.mp3,A.C78,A.C78.mp3
senses,2583,https://pub-78d23bf07fce46b3adc19df91148ffb8.r2.dev/Linfala/senses/A/A.C79.mp3,Linfala/senses/A/A.C79.mp3,A.C79,A.C79.mp3
senses,2496,https://pub-78d23bf07fce46b3adc19df91148ffb8.r2.dev/Linfala/senses/A/A.C8.mp3,Linfala/senses/A/A.C8.mp3,A.C8,A.C8.mp3
senses,2584,https://pub-78d23bf07fce46b3adc19df91148ffb8.r2.dev/Linfala/senses/A/A.C80.mp3,Linfala/senses/A/A.C80.mp3,A.C80,A.C80.mp3
senses,2585,https://pub-78d23bf07fce46b3adc19df91148ffb8.r2.dev/Linfala/senses/A/A.C81.mp3,Linfala/senses/A/A.C81.mp3,A.C81,A.C81.mp3
senses,2586,https://pub-78d23bf07fce46b3adc19df91148ffb8.r2.dev/Linfala/senses/A/A.C82.mp3,Linfala/senses/A/A.C82.mp3,A.C82,A.C82.mp3
senses,2587,https://pub-78d23bf07fce46b3adc19df91148ffb8.r2.dev/Linfala/senses/A/A.C83.mp3,Linfala/senses/A/A.C83.mp3,A.C83,A.C83.mp3
senses,2588,https://pub-78d23bf07fce46b3adc19df91148ffb8.r2.dev/Linfala/senses/A/A.C84.mp3,Linfala/senses/A/A.C84.mp3,A.C84,A.C84.mp3
senses,2589,https://pub-78d23bf07fce46b3adc19df91148ffb8.r2.dev/Linfala/senses/A/A.C85.mp3,Linfala/senses/A/A.C85.mp3,A.C85,A.C85.mp3
senses,2590,https://pub-78d23bf07fce46b3adc19df91148ffb8.r2.dev/Linfala/senses/A/A.C86.mp3,Linfala/senses/A/A.C86.mp3,A.C86,A.C86.mp3
senses,2591,https://pub-78d23bf07fce46b3adc19df91148ffb8.r2.dev/Linfala/senses/A/A.C87.mp3,Linfala/senses/A/A.C87.mp3,A.C87,A.C87.mp3
senses,2592,https://pub-78d23bf07fce46b3adc19df91148ffb8.r2.dev/Linfala/senses/A/A.C88.mp3,Linfala/senses/A/A.C88.mp3,A.C88,A.C88.mp3
senses,2593,https://pub-78d23bf07fce46b3adc19df91148ffb8.r2.dev/Linfala/senses/A/A.C89.mp3,Linfala/senses/A/A.C89.mp3,A.C89,A.C89.mp3
senses,2498,https://pub-78d23bf07fce46b3adc19df91148ffb8.r2.dev/Linfala/senses/A/A.C9.mp3,Linfala/senses/A/A.C9.mp3,A.C9,A.C9.mp3
senses,2594,https://pub-78d23bf07fce46b3adc19df91148ffb8.r2.dev/Linfala/senses/A/A.C90.mp3,Linfala/senses/A/A.C90.mp3,A.C90,A.C90.mp3
senses,2595,https://pub-78d23bf07fce46b3adc19df91148ffb8.r2.dev/Linfala/senses/A/A.C91.mp3,Linfala/senses/A/A.C91.mp3,A.C91,A.C91.mp3
senses,2596,https://pub-78d23bf07fce46b3adc19df91148ffb8.r2.dev/Linfala/senses/A/A.C92.mp3,Linfala/senses/A/A.C92.mp3,A.C92,A.C92.mp3
senses,2597,https://pub-78d23bf07fce46b3adc19df91148ffb8.r2.dev/Linfala/senses/A/A.C93.mp3,Linfala/senses/A/A.C93.mp3,A.C93,A.C93.mp3
senses,2598,https://pub-78d23bf07fce46b3adc19df91148ffb8.r2.dev/Linfala/senses/A/A.C94.mp3,Linfala/senses/A/A.C94.mp3,A.C94,A.C94.mp3
senses,2599,https://pub-78d23bf07fce46b3adc19df91148ffb8.r2.dev/Linfala/senses/A/A.C95.mp3,Linfala/senses/A/A.C95.mp3,A.C95,A.C95.mp3
senses,2601,https://pub-78d23bf07fce46b3adc19df91148ffb8.r2.dev/Linfala/senses/A/A.C96.mp3,Linfala/senses/A/A.C96.mp3,A.C96,A.C96.mp3
senses,2602,https://pub-78d23bf07fce46b3adc19df91148ffb8.r2.dev/Linfala/senses/A/A.C97.mp3,Linfala/senses/A/A.C97.mp3,A.C97,A.C97.mp3
senses,2603,https://pub-78d23bf07fce46b3adc19df91148ffb8.r2.dev/Linfala/senses/A/A.C98.mp3,Linfala/senses/A/A.C98.mp3,A.C98,A.C98.mp3
senses,2604,https://pub-78d23bf07fce46b3adc19df91148ffb8.r2.dev/Linfala/senses/A/A.C99.mp3,Linfala/senses/A/A.C99.mp3,A.C99,A.C99.mp3
examples,2499,https://pub-78d23bf07fce46b3adc19df91148ffb8.r2.dev/Linfala/examples/A/A.D10.mp3,Linfala/examples/A/A.D10.mp3,A.D10,A.D10.mp3
examples,2605,https://pub-78d23bf07fce46b3adc19df91148ffb8.r2.dev/Linfala/examples/A/A.D100.mp3,Linfala/examples/A/A.D100.mp3,A.D100,A.D100.mp3
examples,2606,https://pub-78d23bf07fce46b3adc19df91148ffb8.r2.dev/Linfala/examples/A/A.D101.mp3,Linfala/examples/A/A.D101.mp3,A.D101,A.D101.mp3
examples,2607,https://pub-78d23bf07fce46b3adc19df91148ffb8.r2.dev/Linfala/examples/A/A.D102.mp3,Linfala/examples/A/A.D102.mp3,A.D102,A.D102.mp3
examples,2608,https://pub-78d23bf07fce46b3adc19df91148ffb8.r2.dev/Linfala/examples/A/A.D103.mp3,Linfala/examples/A/A.D103.mp3,A.D103,A.D103.mp3
examples,2609,https://pub-78d23bf07fce46b3adc19df91148ffb8.r2.dev/Linfala/examples/A/A.D104.mp3,Linfala/examples/A/A.D104.mp3,A.D104,A.D104.mp3
examples,2611,https://pub-78d23bf07fce46b3adc19df91148ffb8.r2.dev/Linfala/examples/A/A.D105.mp3,Linfala/examples/A/A.D105.mp3,A.D105,A.D105.mp3
examples,2612,https://pub-78d23bf07fce46b3adc19df91148ffb8.r2.dev/Linfala/examples/A/A.D106.mp3,Linfala/examples/A/A.D106.mp3,A.D106,A.D106.mp3
examples,2613,https://pub-78d23bf07fce46b3adc19df91148ffb8.r2.dev/Linfala/examples/A/A.D107.mp3,Linfala/examples/A/A.D107.mp3,A.D107,A.D107.mp3
examples,2614,https://pub-78d23bf07fce46b3adc19df91148ffb8.r2.dev/Linfala/examples/A/A.D108.mp3,Linfala/examples/A/A.D108.mp3,A.D108,A.D108.mp3
examples,2615,https://pub-78d23bf07fce46b3adc19df91148ffb8.r2.dev/Linfala/examples/A/A.D109.mp3,Linfala/examples/A/A.D109.mp3,A.D109,A.D109.mp3
examples,2500,https://pub-78d23bf07fce46b3adc19df91148ffb8.r2.dev/Linfala/examples/A/A.D11.mp3,Linfala/examples/A/A.D11.mp3,A.D11,A.D11.mp3
examples,2617,https://pub-78d23bf07fce46b3adc19df91148ffb8.r2.dev/Linfala/examples/A/A.D110.mp3,Linfala/examples/A/A.D110.mp3,A.D110,A.D110.mp3
examples,2619,https://pub-78d23bf07fce46b3adc19df91148ffb8.r2.dev/Linfala/examples/A/A.D111.mp3,Linfala/examples/A/A.D111.mp3,A.D111,A.D111.mp3
examples,2620,https://pub-78d23bf07fce46b3adc19df91148ffb8.r2.dev/Linfala/examples/A/A.D112.mp3,Linfala/examples/A/A.D112.mp3,A.D112,A.D112.mp3
examples,2621,https://pub-78d23bf07fce46b3adc19df91148ffb8.r2.dev/Linfala/examples/A/A.D113.mp3,Linfala/examples/A/A.D113.mp3,A.D113,A.D113.mp3
examples,2622,https://pub-78d23bf07fce46b3adc19df91148ffb8.r2.dev/Linfala/examples/A/A.D114.mp3,Linfala/examples/A/A.D114.mp3,A.D114,A.D114.mp3
examples,2623,https://pub-78d23bf07fce46b3adc19df91148ffb8.r2.dev/Linfala/examples/A/A.D115.mp3,Linfala/examples/A/A.D115.mp3,A.D115,A.D115.mp3
examples,2624,https://pub-78d23bf07fce46b3adc19df91148ffb8.r2.dev/Linfala/examples/A/A.D116.mp3,Linfala/examples/A/A.D116.mp3,A.D116,A.D116.mp3
examples,2626,https://pub-78d23bf07fce46b3adc19df91148ffb8.r2.dev/Linfala/examples/A/A.D117.mp3,Linfala/examples/A/A.D117.mp3,A.D117,A.D117.mp3
examples,2628,https://pub-78d23bf07fce46b3adc19df91148ffb8.r2.dev/Linfala/examples/A/A.D118.mp3,Linfala/examples/A/A.D118.mp3,A.D118,A.D118.mp3
examples,2629,https://pub-78d23bf07fce46b3adc19df91148ffb8.r2.dev/Linfala/examples/A/A.D119.mp3,Linfala/examples/A/A.D119.mp3,A.D119,A.D119.mp3
examples,2501,https://pub-78d23bf07fce46b3adc19df91148ffb8.r2.dev/Linfala/examples/A/A.D12.mp3,Linfala/examples/A/A.D12.mp3,A.D12,A.D12.mp3
examples,2631,https://pub-78d23bf07fce46b3adc19df91148ffb8.r2.dev/Linfala/examples/A/A.D120.mp3,Linfala/examples/A/A.D120.mp3,A.D120,A.D120.mp3
examples,2632,https://pub-78d23bf07fce46b3adc19df91148ffb8.r2.dev/Linfala/examples/A/A.D121.mp3,Linfala/examples/A/A.D121.mp3,A.D121,A.D121.mp3
examples,2633,https://pub-78d23bf07fce46b3adc19df91148ffb8.r2.dev/Linfala/examples/A/A.D122.mp3,Linfala/examples/A/A.D122.mp3,A.D122,A.D122.mp3
examples,2634,https://pub-78d23bf07fce46b3adc19df91148ffb8.r2.dev/Linfala/examples/A/A.D123.mp3,Linfala/examples/A/A.D123.mp3,A.D123,A.D123.mp3
examples,2635,https://pub-78d23bf07fce46b3adc19df91148ffb8.r2.dev/Linfala/examples/A/A.D124.mp3,Linfala/examples/A/A.D124.mp3,A.D124,A.D124.mp3
examples,2636,https://pub-78d23bf07fce46b3adc19df91148ffb8.r2.dev/Linfala/examples/A/A.D125.mp3,Linfala/examples/A/A.D125.mp3,A.D125,A.D125.mp3
examples,2637,https://pub-78d23bf07fce46b3adc19df91148ffb8.r2.dev/Linfala/examples/A/A.D126.mp3,Linfala/examples/A/A.D126.mp3,A.D126,A.D126.mp3
examples,2639,https://pub-78d23bf07fce46b3adc19df91148ffb8.r2.dev/Linfala/examples/A/A.D127.mp3,Linfala/examples/A/A.D127.mp3,A.D127,A.D127.mp3
examples,2640,https://pub-78d23bf07fce46b3adc19df91148ffb8.r2.dev/Linfala/examples/A/A.D128.mp3,Linfala/examples/A/A.D128.mp3,A.D128,A.D128.mp3
examples,2641,https://pub-78d23bf07fce46b3adc19df91148ffb8.r2.dev/Linfala/examples/A/A.D129.mp3,Linfala/examples/A/A.D129.mp3,A.D129,A.D129.mp3
examples,2502,https://pub-78d23bf07fce46b3adc19df91148ffb8.r2.dev/Linfala/examples/A/A.D13.mp3,Linfala/examples/A/A.D13.mp3,A.D13,A.D13.mp3
examples,2642,https://pub-78d23bf07fce46b3adc19df91148ffb8.r2.dev/Linfala/examples/A/A.D130.mp3,Linfala/examples/A/A.D130.mp3,A.D130,A.D130.mp3
examples,2643,https://pub-78d23bf07fce46b3adc19df91148ffb8.r2.dev/Linfala/examples/A/A.D131.mp3,Linfala/examples/A/A.D131.mp3,A.D131,A.D131.mp3
examples,2644,https://pub-78d23bf07fce46b3adc19df91148ffb8.r2.dev/Linfala/examples/A/A.D132.mp3,Linfala/examples/A/A.D132.mp3,A.D132,A.D132.mp3
examples,2646,https://pub-78d23bf07fce46b3adc19df91148ffb8.r2.dev/Linfala/examples/A/A.D133.mp3,Linfala/examples/A/A.D133.mp3,A.D133,A.D133.mp3
examples,2647,https://pub-78d23bf07fce46b3adc19df91148ffb8.r2.dev/Linfala/examples/A/A.D134.mp3,Linfala/examples/A/A.D134.mp3,A.D134,A.D134.mp3
examples,2648,https://pub-78d23bf07fce46b3adc19df91148ffb8.r2.dev/Linfala/examples/A/A.D135.mp3,Linfala/examples/A/A.D135.mp3,A.D135,A.D135.mp3
examples,2649,https://pub-78d23bf07fce46b3adc19df91148ffb8.r2.dev/Linfala/examples/A/A.D136.mp3,Linfala/examples/A/A.D136.mp3,A.D136,A.D136.mp3
examples,2651,https://pub-78d23bf07fce46b3adc19df91148ffb8.r2.dev/Linfala/examples/A/A.D137.mp3,Linfala/examples/A/A.D137.mp3,A.D137,A.D137.mp3
examples,2652,https://pub-78d23bf07fce46b3adc19df91148ffb8.r2.dev/Linfala/examples/A/A.D138.mp3,Linfala/examples/A/A.D138.mp3,A.D138,A.D138.mp3
examples,2654,https://pub-78d23bf07fce46b3adc19df91148ffb8.r2.dev/Linfala/examples/A/A.D139.mp3,Linfala/examples/A/A.D139.mp3,A.D139,A.D139.mp3
examples,2504,https://pub-78d23bf07fce46b3adc19df91148ffb8.r2.dev/Linfala/examples/A/A.D14.mp3,Linfala/examples/A/A.D14.mp3,A.D14,A.D14.mp3
examples,2655,https://pub-78d23bf07fce46b3adc19df91148ffb8.r2.dev/Linfala/examples/A/A.D140.mp3,Linfala/examples/A/A.D140.mp3,A.D140,A.D140.mp3
examples,2656,https://pub-78d23bf07fce46b3adc19df91148ffb8.r2.dev/Linfala/examples/A/A.D141.mp3,Linfala/examples/A/A.D141.mp3,A.D141,A.D141.mp3
examples,2657,https://pub-78d23bf07fce46b3adc19df91148ffb8.r2.dev/Linfala/examples/A/A.D142.mp3,Linfala/examples/A/A.D142.mp3,A.D142,A.D142.mp3
examples,2658,https://pub-78d23bf07fce46b3adc19df91148ffb8.r2.dev/Linfala/examples/A/A.D143.mp3,Linfala/examples/A/A.D143.mp3,A.D143,A.D143.mp3
examples,2659,https://pub-78d23bf07fce46b3adc19df91148ffb8.r2.dev/Linfala/examples/A/A.D144.mp3,Linfala/examples/A/A.D144.mp3,A.D144,A.D144.mp3
examples,2660,https://pub-78d23bf07fce46b3adc19df91148ffb8.r2.dev/Linfala/examples/A/A.D145.mp3,Linfala/examples/A/A.D145.mp3,A.D145,A.D145.mp3
examples,2662,https://pub-78d23bf07fce46b3adc19df91148ffb8.r2.dev/Linfala/examples/A/A.D146.mp3,Linfala/examples/A/A.D146.mp3,A.D146,A.D146.mp3
examples,2663,https://pub-78d23bf07fce46b3adc19df91148ffb8.r2.dev/Linfala/examples/A/A.D147.mp3,Linfala/examples/A/A.D147.mp3,A.D147,A.D147.mp3
examples,2664,https://pub-78d23bf07fce46b3adc19df91148ffb8.r2.dev/Linfala/examples/A/A.D148.mp3,Linfala/examples/A/A.D148.mp3,A.D148,A.D148.mp3
examples,2665,https://pub-78d23bf07fce46b3adc19df91148ffb8.r2.dev/Linfala/examples/A/A.D149.mp3,Linfala/examples/A/A.D149.mp3,A.D149,A.D149.mp3
examples,2505,https://pub-78d23bf07fce46b3adc19df91148ffb8.r2.dev/Linfala/examples/A/A.D15.mp3,Linfala/examples/A/A.D15.mp3,A.D15,A.D15.mp3
examples,2667,https://pub-78d23bf07fce46b3adc19df91148ffb8.r2.dev/Linfala/examples/A/A.D150.mp3,Linfala/examples/A/A.D150.mp3,A.D150,A.D150.mp3
examples,2669,https://pub-78d23bf07fce46b3adc19df91148ffb8.r2.dev/Linfala/examples/A/A.D152.mp3,Linfala/examples/A/A.D152.mp3,A.D152,A.D152.mp3
examples,2670,https://pub-78d23bf07fce46b3adc19df91148ffb8.r2.dev/Linfala/examples/A/A.D153.mp3,Linfala/examples/A/A.D153.mp3,A.D153,A.D153.mp3
examples,2671,https://pub-78d23bf07fce46b3adc19df91148ffb8.r2.dev/Linfala/examples/A/A.D154.mp3,Linfala/examples/A/A.D154.mp3,A.D154,A.D154.mp3
examples,2672,https://pub-78d23bf07fce46b3adc19df91148ffb8.r2.dev/Linfala/examples/A/A.D155.mp3,Linfala/examples/A/A.D155.mp3,A.D155,A.D155.mp3
examples,2673,https://pub-78d23bf07fce46b3adc19df91148ffb8.r2.dev/Linfala/examples/A/A.D156.mp3,Linfala/examples/A/A.D156.mp3,A.D156,A.D156.mp3
examples,2674,https://pub-78d23bf07fce46b3adc19df91148ffb8.r2.dev/Linfala/examples/A/A.D157.mp3,Linfala/examples/A/A.D157.mp3,A.D157,A.D157.mp3
examples,2676,https://pub-78d23bf07fce46b3adc19df91148ffb8.r2.dev/Linfala/examples/A/A.D158.mp3,Linfala/examples/A/A.D158.mp3,A.D158,A.D158.mp3
examples,2677,https://pub-78d23bf07fce46b3adc19df91148ffb8.r2.dev/Linfala/examples/A/A.D159.mp3,Linfala/examples/A/A.D159.mp3,A.D159,A.D159.mp3
examples,2506,https://pub-78d23bf07fce46b3adc19df91148ffb8.r2.dev/Linfala/examples/A/A.D16.mp3,Linfala/examples/A/A.D16.mp3,A.D16,A.D16.mp3
examples,2678,https://pub-78d23bf07fce46b3adc19df91148ffb8.r2.dev/Linfala/examples/A/A.D160.mp3,Linfala/examples/A/A.D160.mp3,A.D160,A.D160.mp3
examples,2679,https://pub-78d23bf07fce46b3adc19df91148ffb8.r2.dev/Linfala/examples/A/A.D161.mp3,Linfala/examples/A/A.D161.mp3,A.D161,A.D161.mp3
examples,2680,https://pub-78d23bf07fce46b3adc19df91148ffb8.r2.dev/Linfala/examples/A/A.D162.mp3,Linfala/examples/A/A.D162.mp3,A.D162,A.D162.mp3
examples,2681,https://pub-78d23bf07fce46b3adc19df91148ffb8.r2.dev/Linfala/examples/A/A.D163.mp3,Linfala/examples/A/A.D163.mp3,A.D163,A.D163.mp3
examples,2682,https://pub-78d23bf07fce46b3adc19df91148ffb8.r2.dev/Linfala/examples/A/A.D164.mp3,Linfala/examples/A/A.D164.mp3,A.D164,A.D164.mp3
examples,2684,https://pub-78d23bf07fce46b3adc19df91148ffb8.r2.dev/Linfala/examples/A/A.D165.mp3,Linfala/examples/A/A.D165.mp3,A.D165,A.D165.mp3
examples,2685,https://pub-78d23bf07fce46b3adc19df91148ffb8.r2.dev/Linfala/examples/A/A.D166.mp3,Linfala/examples/A/A.D166.mp3,A.D166,A.D166.mp3
examples,2686,https://pub-78d23bf07fce46b3adc19df91148ffb8.r2.dev/Linfala/examples/A/A.D167.mp3,Linfala/examples/A/A.D167.mp3,A.D167,A.D167.mp3
examples,2507,https://pub-78d23bf07fce46b3adc19df91148ffb8.r2.dev/Linfala/examples/A/A.D17.mp3,Linfala/examples/A/A.D17.mp3,A.D17,A.D17.mp3
examples,2508,https://pub-78d23bf07fce46b3adc19df91148ffb8.r2.dev/Linfala/examples/A/A.D18.mp3,Linfala/examples/A/A.D18.mp3,A.D18,A.D18.mp3
examples,2509,https://pub-78d23bf07fce46b3adc19df91148ffb8.r2.dev/Linfala/examples/A/A.D19.mp3,Linfala/examples/A/A.D19.mp3,A.D19,A.D19.mp3
examples,2512,https://pub-78d23bf07fce46b3adc19df91148ffb8.r2.dev/Linfala/examples/A/A.D21.mp3,Linfala/examples/A/A.D21.mp3,A.D21,A.D21.mp3
examples,2513,https://pub-78d23bf07fce46b3adc19df91148ffb8.r2.dev/Linfala/examples/A/A.D22.mp3,Linfala/examples/A/A.D22.mp3,A.D22,A.D22.mp3
examples,2514,https://pub-78d23bf07fce46b3adc19df91148ffb8.r2.dev/Linfala/examples/A/A.D23.mp3,Linfala/examples/A/A.D23.mp3,A.D23,A.D23.mp3
examples,2515,https://pub-78d23bf07fce46b3adc19df91148ffb8.r2.dev/Linfala/examples/A/A.D24.mp3,Linfala/examples/A/A.D24.mp3,A.D24,A.D24.mp3
examples,2517,https://pub-78d23bf07fce46b3adc19df91148ffb8.r2.dev/Linfala/examples/A/A.D25.mp3,Linfala/examples/A/A.D25.mp3,A.D25,A.D25.mp3
examples,2521,https://pub-78d23bf07fce46b3adc19df91148ffb8.r2.dev/Linfala/examples/A/A.D29.mp3,Linfala/examples/A/A.D29.mp3,A.D29,A.D29.mp3
examples,2490,https://pub-78d23bf07fce46b3adc19df91148ffb8.r2.dev/Linfala/examples/A/A.D3.mp3,Linfala/examples/A/A.D3.mp3,A.D3,A.D3.mp3
examples,2522,https://pub-78d23bf07fce46b3adc19df91148ffb8.r2.dev/Linfala/examples/A/A.D30.mp3,Linfala/examples/A/A.D30.mp3,A.D30,A.D30.mp3
examples,2523,https://pub-78d23bf07fce46b3adc19df91148ffb8.r2.dev/Linfala/examples/A/A.D31.mp3,Linfala/examples/A/A.D31.mp3,A.D31,A.D31.mp3
examples,2524,https://pub-78d23bf07fce46b3adc19df91148ffb8.r2.dev/Linfala/examples/A/A.D32.mp3,Linfala/examples/A/A.D32.mp3,A.D32,A.D32.mp3
examples,2525,https://pub-78d23bf07fce46b3adc19df91148ffb8.r2.dev/Linfala/examples/A/A.D33.mp3,Linfala/examples/A/A.D33.mp3,A.D33,A.D33.mp3
examples,2526,https://pub-78d23bf07fce46b3adc19df91148ffb8.r2.dev/Linfala/examples/A/A.D34.mp3,Linfala/examples/A/A.D34.mp3,A.D34,A.D34.mp3
examples,2527,https://pub-78d23bf07fce46b3adc19df91148ffb8.r2.dev/Linfala/examples/A/A.D35.mp3,Linfala/examples/A/A.D35.mp3,A.D35,A.D35.mp3
examples,2529,https://pub-78d23bf07fce46b3adc19df91148ffb8.r2.dev/Linfala/examples/A/A.D36.mp3,Linfala/examples/A/A.D36.mp3,A.D36,A.D36.mp3
examples,2530,https://pub-78d23bf07fce46b3adc19df91148ffb8.r2.dev/Linfala/examples/A/A.D37.mp3,Linfala/examples/A/A.D37.mp3,A.D37,A.D37.mp3
examples,2531,https://pub-78d23bf07fce46b3adc19df91148ffb8.r2.dev/Linfala/examples/A/A.D38.mp3,Linfala/examples/A/A.D38.mp3,A.D38,A.D38.mp3
examples,2532,https://pub-78d23bf07fce46b3adc19df91148ffb8.r2.dev/Linfala/examples/A/A.D39.mp3,Linfala/examples/A/A.D39.mp3,A.D39,A.D39.mp3
examples,2491,https://pub-78d23bf07fce46b3adc19df91148ffb8.r2.dev/Linfala/examples/A/A.D4.mp3,Linfala/examples/A/A.D4.mp3,A.D4,A.D4.mp3
examples,2533,https://pub-78d23bf07fce46b3adc19df91148ffb8.r2.dev/Linfala/examples/A/A.D40.mp3,Linfala/examples/A/A.D40.mp3,A.D40,A.D40.mp3
examples,2535,https://pub-78d23bf07fce46b3adc19df91148ffb8.r2.dev/Linfala/examples/A/A.D41.mp3,Linfala/examples/A/A.D41.mp3,A.D41,A.D41.mp3
examples,2536,https://pub-78d23bf07fce46b3adc19df91148ffb8.r2.dev/Linfala/examples/A/A.D42.mp3,Linfala/examples/A/A.D42.mp3,A.D42,A.D42.mp3
examples,2538,https://pub-78d23bf07fce46b3adc19df91148ffb8.r2.dev/Linfala/examples/A/A.D43.mp3,Linfala/examples/A/A.D43.mp3,A.D43,A.D43.mp3
examples,2539,https://pub-78d23bf07fce46b3adc19df91148ffb8.r2.dev/Linfala/examples/A/A.D44.mp3,Linfala/examples/A/A.D44.mp3,A.D44,A.D44.mp3
examples,2540,https://pub-78d23bf07fce46b3adc19df91148ffb8.r2.dev/Linfala/examples/A/A.D45.mp3,Linfala/examples/A/A.D45.mp3,A.D45,A.D45.mp3
examples,2541,https://pub-78d23bf07fce46b3adc19df91148ffb8.r2.dev/Linfala/examples/A/A.D46.mp3,Linfala/examples/A/A.D46.mp3,A.D46,A.D46.mp3
examples,2542,https://pub-78d23bf07fce46b3adc19df91148ffb8.r2.dev/Linfala/examples/A/A.D47.mp3,Linfala/examples/A/A.D47.mp3,A.D47,A.D47.mp3
examples,2544,https://pub-78d23bf07fce46b3adc19df91148ffb8.r2.dev/Linfala/examples/A/A.D49.mp3,Linfala/examples/A/A.D49.mp3,A.D49,A.D49.mp3
examples,2492,https://pub-78d23bf07fce46b3adc19df91148ffb8.r2.dev/Linfala/examples/A/A.D5.mp3,Linfala/examples/A/A.D5.mp3,A.D5,A.D5.mp3
examples,2545,https://pub-78d23bf07fce46b3adc19df91148ffb8.r2.dev/Linfala/examples/A/A.D50.mp3,Linfala/examples/A/A.D50.mp3,A.D50,A.D50.mp3
examples,2546,https://pub-78d23bf07fce46b3adc19df91148ffb8.r2.dev/Linfala/examples/A/A.D51.mp3,Linfala/examples/A/A.D51.mp3,A.D51,A.D51.mp3
examples,2547,https://pub-78d23bf07fce46b3adc19df91148ffb8.r2.dev/Linfala/examples/A/A.D52.mp3,Linfala/examples/A/A.D52.mp3,A.D52,A.D52.mp3
examples,2548,https://pub-78d23bf07fce46b3adc19df91148ffb8.r2.dev/Linfala/examples/A/A.D53.mp3,Linfala/examples/A/A.D53.mp3,A.D53,A.D53.mp3
examples,2549,https://pub-78d23bf07fce46b3adc19df91148ffb8.r2.dev/Linfala/examples/A/A.D54.mp3,Linfala/examples/A/A.D54.mp3,A.D54,A.D54.mp3
examples,2550,https://pub-78d23bf07fce46b3adc19df91148ffb8.r2.dev/Linfala/examples/A/A.D55.mp3,Linfala/examples/A/A.D55.mp3,A.D55,A.D55.mp3
examples,2552,https://pub-78d23bf07fce46b3adc19df91148ffb8.r2.dev/Linfala/examples/A/A.D56.mp3,Linfala/examples/A/A.D56.mp3,A.D56,A.D56.mp3
examples,2553,https://pub-78d23bf07fce46b3adc19df91148ffb8.r2.dev/Linfala/examples/A/A.D57.mp3,Linfala/examples/A/A.D57.mp3,A.D57,A.D57.mp3
examples,2554,https://pub-78d23bf07fce46b3adc19df91148ffb8.r2.dev/Linfala/examples/A/A.D58.mp3,Linfala/examples/A/A.D58.mp3,A.D58,A.D58.mp3
examples,2556,https://pub-78d23bf07fce46b3adc19df91148ffb8.r2.dev/Linfala/examples/A/A.D59.mp3,Linfala/examples/A/A.D59.mp3,A.D59,A.D59.mp3
examples,2493,https://pub-78d23bf07fce46b3adc19df91148ffb8.r2.dev/Linfala/examples/A/A.D6.mp3,Linfala/examples/A/A.D6.mp3,A.D6,A.D6.mp3
examples,2558,https://pub-78d23bf07fce46b3adc19df91148ffb8.r2.dev/Linfala/examples/A/A.D60.mp3,Linfala/examples/A/A.D60.mp3,A.D60,A.D60.mp3
examples,2559,https://pub-78d23bf07fce46b3adc19df91148ffb8.r2.dev/Linfala/examples/A/A.D61.mp3,Linfala/examples/A/A.D61.mp3,A.D61,A.D61.mp3
examples,2560,https://pub-78d23bf07fce46b3adc19df91148ffb8.r2.dev/Linfala/examples/A/A.D62.mp3,Linfala/examples/A/A.D62.mp3,A.D62,A.D62.mp3
examples,2561,https://pub-78d23bf07fce46b3adc19df91148ffb8.r2.dev/Linfala/examples/A/A.D63.mp3,Linfala/examples/A/A.D63.mp3,A.D63,A.D63.mp3
examples,2562,https://pub-78d23bf07fce46b3adc19df91148ffb8.r2.dev/Linfala/examples/A/A.D64.mp3,Linfala/examples/A/A.D64.mp3,A.D64,A.D64.mp3
examples,2564,https://pub-78d23bf07fce46b3adc19df91148ffb8.r2.dev/Linfala/examples/A/A.D65.mp3,Linfala/examples/A/A.D65.mp3,A.D65,A.D65.mp3
examples,2565,https://pub-78d23bf07fce46b3adc19df91148ffb8.r2.dev/Linfala/examples/A/A.D66.mp3,Linfala/examples/A/A.D66.mp3,A.D66,A.D66.mp3
examples,2568,https://pub-78d23bf07fce46b3adc19df91148ffb8.r2.dev/Linfala/examples/A/A.D67.mp3,Linfala/examples/A/A.D67.mp3,A.D67,A.D67.mp3
examples,2569,https://pub-78d23bf07fce46b3adc19df91148ffb8.r2.dev/Linfala/examples/A/A.D68.mp3,Linfala/examples/A/A.D68.mp3,A.D68,A.D68.mp3
examples,2570,https://pub-78d23bf07fce46b3adc19df91148ffb8.r2.dev/Linfala/examples/A/A.D69.mp3,Linfala/examples/A/A.D69.mp3,A.D69,A.D69.mp3
examples,2494,https://pub-78d23bf07fce46b3adc19df91148ffb8.r2.dev/Linfala/examples/A/A.D7.mp3,Linfala/examples/A/A.D7.mp3,A.D7,A.D7.mp3
examples,2572,https://pub-78d23bf07fce46b3adc19df91148ffb8.r2.dev/Linfala/examples/A/A.D70.mp3,Linfala/examples/A/A.D70.mp3,A.D70,A.D70.mp3
examples,2573,https://pub-78d23bf07fce46b3adc19df91148ffb8.r2.dev/Linfala/examples/A/A.D71.mp3,Linfala/examples/A/A.D71.mp3,A.D71,A.D71.mp3
examples,2574,https://pub-78d23bf07fce46b3adc19df91148ffb8.r2.dev/Linfala/examples/A/A.D72.mp3,Linfala/examples/A/A.D72.mp3,A.D72,A.D72.mp3
examples,2575,https://pub-78d23bf07fce46b3adc19df91148ffb8.r2.dev/Linfala/examples/A/A.D73.mp3,Linfala/examples/A/A.D73.mp3,A.D73,A.D73.mp3
examples,2577,https://pub-78d23bf07fce46b3adc19df91148ffb8.r2.dev/Linfala/examples/A/A.D74.mp3,Linfala/examples/A/A.D74.mp3,A.D74,A.D74.mp3
examples,2578,https://pub-78d23bf07fce46b3adc19df91148ffb8.r2.dev/Linfala/examples/A/A.D75.mp3,Linfala/examples/A/A.D75.mp3,A.D75,A.D75.mp3
examples,2579,https://pub-78d23bf07fce46b3adc19df91148ffb8.r2.dev/Linfala/examples/A/A.D76.mp3,Linfala/examples/A/A.D76.mp3,A.D76,A.D76.mp3
examples,2581,https://pub-78d23bf07fce46b3adc19df91148ffb8.r2.dev/Linfala/examples/A/A.D77.mp3,Linfala/examples/A/A.D77.mp3,A.D77,A.D77.mp3
examples,2582,https://pub-78d23bf07fce46b3adc19df91148ffb8.r2.dev/Linfala/examples/A/A.D78.mp3,Linfala/examples/A/A.D78.mp3,A.D78,A.D78.mp3
examples,2583,https://pub-78d23bf07fce46b3adc19df91148ffb8.r2.dev/Linfala/examples/A/A.D79.mp3,Linfala/examples/A/A.D79.mp3,A.D79,A.D79.mp3
examples,2496,https://pub-78d23bf07fce46b3adc19df91148ffb8.r2.dev/Linfala/examples/A/A.D8.mp3,Linfala/examples/A/A.D8.mp3,A.D8,A.D8.mp3
examples,2584,https://pub-78d23bf07fce46b3adc19df91148ffb8.r2.dev/Linfala/examples/A/A.D80.mp3,Linfala/examples/A/A.D80.mp3,A.D80,A.D80.mp3
examples,2585,https://pub-78d23bf07fce46b3adc19df91148ffb8.r2.dev/Linfala/examples/A/A.D81.mp3,Linfala/examples/A/A.D81.mp3,A.D81,A.D81.mp3
examples,2586,https://pub-78d23bf07fce46b3adc19df91148ffb8.r2.dev/Linfala/examples/A/A.D82.mp3,Linfala/examples/A/A.D82.mp3,A.D82,A.D82.mp3
examples,2587,https://pub-78d23bf07fce46b3adc19df91148ffb8.r2.dev/Linfala/examples/A/A.D83.mp3,Linfala/examples/A/A.D83.mp3,A.D83,A.D83.mp3
examples,2588,https://pub-78d23bf07fce46b3adc19df91148ffb8.r2.dev/Linfala/examples/A/A.D84.mp3,Linfala/examples/A/A.D84.mp3,A.D84,A.D84.mp3
examples,2589,https://pub-78d23bf07fce46b3adc19df91148ffb8.r2.dev/Linfala/examples/A/A.D85.mp3,Linfala/examples/A/A.D85.mp3,A.D85,A.D85.mp3
examples,2590,https://pub-78d23bf07fce46b3adc19df91148ffb8.r2.dev/Linfala/examples/A/A.D86.mp3,Linfala/examples/A/A.D86.mp3,A.D86,A.D86.mp3
examples,2591,https://pub-78d23bf07fce46b3adc19df91148ffb8.r2.dev/Linfala/examples/A/A.D87.mp3,Linfala/examples/A/A.D87.mp3,A.D87,A.D87.mp3
examples,2592,https://pub-78d23bf07fce46b3adc19df91148ffb8.r2.dev/Linfala/examples/A/A.D88.mp3,Linfala/examples/A/A.D88.mp3,A.D88,A.D88.mp3
examples,2593,https://pub-78d23bf07fce46b3adc19df91148ffb8.r2.dev/Linfala/examples/A/A.D89.mp3,Linfala/examples/A/A.D89.mp3,A.D89,A.D89.mp3
examples,2498,https://pub-78d23bf07fce46b3adc19df91148ffb8.r2.dev/Linfala/examples/A/A.D9.mp3,Linfala/examples/A/A.D9.mp3,A.D9,A.D9.mp3
examples,2594,https://pub-78d23bf07fce46b3adc19df91148ffb8.r2.dev/Linfala/examples/A/A.D90.mp3,Linfala/examples/A/A.D90.mp3,A.D90,A.D90.mp3
examples,2595,https://pub-78d23bf07fce46b3adc19df91148ffb8.r2.dev/Linfala/examples/A/A.D91.mp3,Linfala/examples/A/A.D91.mp3,A.D91,A.D91.mp3
examples,2596,https://pub-78d23bf07fce46b3adc19df91148ffb8.r2.dev/Linfala/examples/A/A.D92.mp3,Linfala/examples/A/A.D92.mp3,A.D92,A.D92.mp3
examples,2597,https://pub-78d23bf07fce46b3adc19df91148ffb8.r2.dev/Linfala/examples/A/A.D93.mp3,Linfala/examples/A/A.D93.mp3,A.D93,A.D93.mp3
examples,2598,https://pub-78d23bf07fce46b3adc19df91148ffb8.r2.dev/Linfala/examples/A/A.D94.mp3,Linfala/examples/A/A.D94.mp3,A.D94,A.D94.mp3
examples,2599,https://pub-78d23bf07fce46b3adc19df91148ffb8.r2.dev/Linfala/examples/A/A.D95.mp3,Linfala/examples/A/A.D95.mp3,A.D95,A.D95.mp3
examples,2601,https://pub-78d23bf07fce46b3adc19df91148ffb8.r2.dev/Linfala/examples/A/A.D96.mp3,Linfala/examples/A/A.D96.mp3,A.D96,A.D96.mp3
examples,2602,https://pub-78d23bf07fce46b3adc19df91148ffb8.r2.dev/Linfala/examples/A/A.D97.mp3,Linfala/examples/A/A.D97.mp3,A.D97,A.D97.mp3
examples,2603,https://pub-78d23bf07fce46b3adc19df91148ffb8.r2.dev/Linfala/examples/A/A.D98.mp3,Linfala/examples/A/A.D98.mp3,A.D98,A.D98.mp3
examples,2604,https://pub-78d23bf07fce46b3adc19df91148ffb8.r2.dev/Linfala/examples/A/A.D99.mp3,Linfala/examples/A/A.D99.mp3,A.D99,A.D99.mp3
senses,2610,https://pub-78d23bf07fce46b3adc19df91148ffb8.r2.dev/Linfala/senses/A/A.F104.mp3,Linfala/senses/A/A.F104.mp3,A.F104,A.F104.mp3
senses,2616,https://pub-78d23bf07fce46b3adc19df91148ffb8.r2.dev/Linfala/senses/A/A.F109.mp3,Linfala/senses/A/A.F109.mp3,A.F109,A.F109.mp3
senses,2618,https://pub-78d23bf07fce46b3adc19df91148ffb8.r2.dev/Linfala/senses/A/A.F110.mp3,Linfala/senses/A/A.F110.mp3,A.F110,A.F110.mp3
senses,2625,https://pub-78d23bf07fce46b3adc19df91148ffb8.r2.dev/Linfala/senses/A/A.F116.mp3,Linfala/senses/A/A.F116.mp3,A.F116,A.F116.mp3
senses,2627,https://pub-78d23bf07fce46b3adc19df91148ffb8.r2.dev/Linfala/senses/A/A.F117.mp3,Linfala/senses/A/A.F117.mp3,A.F117,A.F117.mp3
senses,2630,https://pub-78d23bf07fce46b3adc19df91148ffb8.r2.dev/Linfala/senses/A/A.F119.mp3,Linfala/senses/A/A.F119.mp3,A.F119,A.F119.mp3
senses,2638,https://pub-78d23bf07fce46b3adc19df91148ffb8.r2.dev/Linfala/senses/A/A.F126.mp3,Linfala/senses/A/A.F126.mp3,A.F126,A.F126.mp3
senses,2503,https://pub-78d23bf07fce46b3adc19df91148ffb8.r2.dev/Linfala/senses/A/A.F13.mp3,Linfala/senses/A/A.F13.mp3,A.F13,A.F13.mp3
senses,2645,https://pub-78d23bf07fce46b3adc19df91148ffb8.r2.dev/Linfala/senses/A/A.F132.mp3,Linfala/senses/A/A.F132.mp3,A.F132,A.F132.mp3
senses,2650,https://pub-78d23bf07fce46b3adc19df91148ffb8.r2.dev/Linfala/senses/A/A.F136.mp3,Linfala/senses/A/A.F136.mp3,A.F136,A.F136.mp3
senses,2653,https://pub-78d23bf07fce46b3adc19df91148ffb8.r2.dev/Linfala/senses/A/A.F138.mp3,Linfala/senses/A/A.F138.mp3,A.F138,A.F138.mp3
senses,2661,https://pub-78d23bf07fce46b3adc19df91148ffb8.r2.dev/Linfala/senses/A/A.F145.mp3,Linfala/senses/A/A.F145.mp3,A.F145,A.F145.mp3
senses,2666,https://pub-78d23bf07fce46b3adc19df91148ffb8.r2.dev/Linfala/senses/A/A.F149.mp3,Linfala/senses/A/A.F149.mp3,A.F149,A.F149.mp3
senses,2675,https://pub-78d23bf07fce46b3adc19df91148ffb8.r2.dev/Linfala/senses/A/A.F157.mp3,Linfala/senses/A/A.F157.mp3,A.F157,A.F157.mp3
senses,2683,https://pub-78d23bf07fce46b3adc19df91148ffb8.r2.dev/Linfala/senses/A/A.F164.mp3,Linfala/senses/A/A.F164.mp3,A.F164,A.F164.mp3
senses,2511,https://pub-78d23bf07fce46b3adc19df91148ffb8.r2.dev/Linfala/senses/A/A.F20.mp3,Linfala/senses/A/A.F20.mp3,A.F20,A.F20.mp3
senses,2516,https://pub-78d23bf07fce46b3adc19df91148ffb8.r2.dev/Linfala/senses/A/A.F24.mp3,Linfala/senses/A/A.F24.mp3,A.F24,A.F24.mp3
senses,2528,https://pub-78d23bf07fce46b3adc19df91148ffb8.r2.dev/Linfala/senses/A/A.F35.mp3,Linfala/senses/A/A.F35.mp3,A.F35,A.F35.mp3
senses,2534,https://pub-78d23bf07fce46b3adc19df91148ffb8.r2.dev/Linfala/senses/A/A.F40.mp3,Linfala/senses/A/A.F40.mp3,A.F40,A.F40.mp3
senses,2537,https://pub-78d23bf07fce46b3adc19df91148ffb8.r2.dev/Linfala/senses/A/A.F42.mp3,Linfala/senses/A/A.F42.mp3,A.F42,A.F42.mp3
senses,2551,https://pub-78d23bf07fce46b3adc19df91148ffb8.r2.dev/Linfala/senses/A/A.F55.mp3,Linfala/senses/A/A.F55.mp3,A.F55,A.F55.mp3
senses,2555,https://pub-78d23bf07fce46b3adc19df91148ffb8.r2.dev/Linfala/senses/A/A.F58.mp3,Linfala/senses/A/A.F58.mp3,A.F58,A.F58.mp3
senses,2563,https://pub-78d23bf07fce46b3adc19df91148ffb8.r2.dev/Linfala/senses/A/A.F64.mp3,Linfala/senses/A/A.F64.mp3,A.F64,A.F64.mp3
senses,2566,https://pub-78d23bf07fce46b3adc19df91148ffb8.r2.dev/Linfala/senses/A/A.F66.mp3,Linfala/senses/A/A.F66.mp3,A.F66,A.F66.mp3
senses,2571,https://pub-78d23bf07fce46b3adc19df91148ffb8.r2.dev/Linfala/senses/A/A.F69.mp3,Linfala/senses/A/A.F69.mp3,A.F69,A.F69.mp3
senses,2576,https://pub-78d23bf07fce46b3adc19df91148ffb8.r2.dev/Linfala/senses/A/A.F73.mp3,Linfala/senses/A/A.F73.mp3,A.F73,A.F73.mp3
senses,2580,https://pub-78d23bf07fce46b3adc19df91148ffb8.r2.dev/Linfala/senses/A/A.F76.mp3,Linfala/senses/A/A.F76.mp3,A.F76,A.F76.mp3
senses,2497,https://pub-78d23bf07fce46b3adc19df91148ffb8.r2.dev/Linfala/senses/A/A.F8.mp3,Linfala/senses/A/A.F8.mp3,A.F8,A.F8.mp3
senses,2600,https://pub-78d23bf07fce46b3adc19df91148ffb8.r2.dev/Linfala/senses/A/A.F95.mp3,Linfala/senses/A/A.F95.mp3,A.F95,A.F95.mp3
examples,2610,https://pub-78d23bf07fce46b3adc19df91148ffb8.r2.dev/Linfala/examples/A/A.G104.mp3,Linfala/examples/A/A.G104.mp3,A.G104,A.G104.mp3
examples,2616,https://pub-78d23bf07fce46b3adc19df91148ffb8.r2.dev/Linfala/examples/A/A.G109.mp3,Linfala/examples/A/A.G109.mp3,A.G109,A.G109.mp3
examples,2618,https://pub-78d23bf07fce46b3adc19df91148ffb8.r2.dev/Linfala/examples/A/A.G110.mp3,Linfala/examples/A/A.G110.mp3,A.G110,A.G110.mp3
examples,2625,https://pub-78d23bf07fce46b3adc19df91148ffb8.r2.dev/Linfala/examples/A/A.G116.mp3,Linfala/examples/A/A.G116.mp3,A.G116,A.G116.mp3
examples,2627,https://pub-78d23bf07fce46b3adc19df91148ffb8.r2.dev/Linfala/examples/A/A.G117.mp3,Linfala/examples/A/A.G117.mp3,A.G117,A.G117.mp3
examples,2630,https://pub-78d23bf07fce46b3adc19df91148ffb8.r2.dev/Linfala/examples/A/A.G119.mp3,Linfala/examples/A/A.G119.mp3,A.G119,A.G119.mp3
examples,2638,https://pub-78d23bf07fce46b3adc19df91148ffb8.r2.dev/Linfala/examples/A/A.G126.mp3,Linfala/examples/A/A.G126.mp3,A.G126,A.G126.mp3
examples,2503,https://pub-78d23bf07fce46b3adc19df91148ffb8.r2.dev/Linfala/examples/A/A.G13.mp3,Linfala/examples/A/A.G13.mp3,A.G13,A.G13.mp3
examples,2645,https://pub-78d23bf07fce46b3adc19df91148ffb8.r2.dev/Linfala/examples/A/A.G132.mp3,Linfala/examples/A/A.G132.mp3,A.G132,A.G132.mp3
examples,2650,https://pub-78d23bf07fce46b3adc19df91148ffb8.r2.dev/Linfala/examples/A/A.G136.mp3,Linfala/examples/A/A.G136.mp3,A.G136,A.G136.mp3
examples,2653,https://pub-78d23bf07fce46b3adc19df91148ffb8.r2.dev/Linfala/examples/A/A.G138.mp3,Linfala/examples/A/A.G138.mp3,A.G138,A.G138.mp3
examples,2661,https://pub-78d23bf07fce46b3adc19df91148ffb8.r2.dev/Linfala/examples/A/A.G145.mp3,Linfala/examples/A/A.G145.mp3,A.G145,A.G145.mp3
examples,2666,https://pub-78d23bf07fce46b3adc19df91148ffb8.r2.dev/Linfala/examples/A/A.G149.mp3,Linfala/examples/A/A.G149.mp3,A.G149,A.G149.mp3
examples,2675,https://pub-78d23bf07fce46b3adc19df91148ffb8.r2.dev/Linfala/examples/A/A.G157.mp3,Linfala/examples/A/A.G157.mp3,A.G157,A.G157.mp3
examples,2683,https://pub-78d23bf07fce46b3adc19df91148ffb8.r2.dev/Linfala/examples/A/A.G164.mp3,Linfala/examples/A/A.G164.mp3,A.G164,A.G164.mp3
examples,2511,https://pub-78d23bf07fce46b3adc19df91148ffb8.r2.dev/Linfala/examples/A/A.G20.mp3,Linfala/examples/A/A.G20.mp3,A.G20,A.G20.mp3
examples,2528,https://pub-78d23bf07fce46b3adc19df91148ffb8.r2.dev/Linfala/examples/A/A.G35.mp3,Linfala/examples/A/A.G35.mp3,A.G35,A.G35.mp3
examples,2534,https://pub-78d23bf07fce46b3adc19df91148ffb8.r2.dev/Linfala/examples/A/A.G40.mp3,Linfala/examples/A/A.G40.mp3,A.G40,A.G40.mp3
examples,2537,https://pub-78d23bf07fce46b3adc19df91148ffb8.r2.dev/Linfala/examples/A/A.G42.mp3,Linfala/examples/A/A.G42.mp3,A.G42,A.G42.mp3
examples,2551,https://pub-78d23bf07fce46b3adc19df91148ffb8.r2.dev/Linfala/examples/A/A.G55.mp3,Linfala/examples/A/A.G55.mp3,A.G55,A.G55.mp3
examples,2563,https://pub-78d23bf07fce46b3adc19df91148ffb8.r2.dev/Linfala/examples/A/A.G64.mp3,Linfala/examples/A/A.G64.mp3,A.G64,A.G64.mp3
examples,2566,https://pub-78d23bf07fce46b3adc19df91148ffb8.r2.dev/Linfala/examples/A/A.G66.mp3,Linfala/examples/A/A.G66.mp3,A.G66,A.G66.mp3
examples,2571,https://pub-78d23bf07fce46b3adc19df91148ffb8.r2.dev/Linfala/examples/A/A.G69.mp3,Linfala/examples/A/A.G69.mp3,A.G69,A.G69.mp3
examples,2495,https://pub-78d23bf07fce46b3adc19df91148ffb8.r2.dev/Linfala/examples/A/A.G7.mp3,Linfala/examples/A/A.G7.mp3,A.G7,A.G7.mp3
examples,2576,https://pub-78d23bf07fce46b3adc19df91148ffb8.r2.dev/Linfala/examples/A/A.G73.mp3,Linfala/examples/A/A.G73.mp3,A.G73,A.G73.mp3
examples,2580,https://pub-78d23bf07fce46b3adc19df91148ffb8.r2.dev/Linfala/examples/A/A.G76.mp3,Linfala/examples/A/A.G76.mp3,A.G76,A.G76.mp3
examples,2497,https://pub-78d23bf07fce46b3adc19df91148ffb8.r2.dev/Linfala/examples/A/A.G8.mp3,Linfala/examples/A/A.G8.mp3,A.G8,A.G8.mp3
examples,2600,https://pub-78d23bf07fce46b3adc19df91148ffb8.r2.dev/Linfala/examples/A/A.G95.mp3,Linfala/examples/A/A.G95.mp3,A.G95,A.G95.mp3
senses,2567,https://pub-78d23bf07fce46b3adc19df91148ffb8.r2.dev/Linfala/senses/A/A.I66.mp3,Linfala/senses/A/A.I66.mp3,A.I66,A.I66.mp3
examples,2567,https://pub-78d23bf07fce46b3adc19df91148ffb8.r2.dev/Linfala/examples/A/A.J66.mp3,Linfala/examples/A/A.J66.mp3,A.J66,A.J66.mp3
senses,39,https://pub-78d23bf07fce46b3adc19df91148ffb8.r2.dev/Linfala/senses/B/B.C10.mp3,Linfala/senses/B/B.C10.mp3,B.C10,B.C10.mp3
senses,40,https://pub-78d23bf07fce46b3adc19df91148ffb8.r2.dev/Linfala/senses/B/B.C11.mp3,Linfala/senses/B/B.C11.mp3,B.C11,B.C11.mp3
senses,41,https://pub-78d23bf07fce46b3adc19df91148ffb8.r2.dev/Linfala/senses/B/B.C12.mp3,Linfala/senses/B/B.C12.mp3,B.C12,B.C12.mp3
senses,42,https://pub-78d23bf07fce46b3adc19df91148ffb8.r2.dev/Linfala/senses/B/B.C13.mp3,Linfala/senses/B/B.C13.mp3,B.C13,B.C13.mp3
senses,43,https://pub-78d23bf07fce46b3adc19df91148ffb8.r2.dev/Linfala/senses/B/B.C14.mp3,Linfala/senses/B/B.C14.mp3,B.C14,B.C14.mp3
senses,44,https://pub-78d23bf07fce46b3adc19df91148ffb8.r2.dev/Linfala/senses/B/B.C15.mp3,Linfala/senses/B/B.C15.mp3,B.C15,B.C15.mp3
senses,45,https://pub-78d23bf07fce46b3adc19df91148ffb8.r2.dev/Linfala/senses/B/B.C16.mp3,Linfala/senses/B/B.C16.mp3,B.C16,B.C16.mp3
senses,46,https://pub-78d23bf07fce46b3adc19df91148ffb8.r2.dev/Linfala/senses/B/B.C17.mp3,Linfala/senses/B/B.C17.mp3,B.C17,B.C17.mp3
senses,47,https://pub-78d23bf07fce46b3adc19df91148ffb8.r2.dev/Linfala/senses/B/B.C18.mp3,Linfala/senses/B/B.C18.mp3,B.C18,B.C18.mp3
senses,48,https://pub-78d23bf07fce46b3adc19df91148ffb8.r2.dev/Linfala/senses/B/B.C19.mp3,Linfala/senses/B/B.C19.mp3,B.C19,B.C19.mp3
senses,49,https://pub-78d23bf07fce46b3adc19df91148ffb8.r2.dev/Linfala/senses/B/B.C20.mp3,Linfala/senses/B/B.C20.mp3,B.C20,B.C20.mp3
senses,50,https://pub-78d23bf07fce46b3adc19df91148ffb8.r2.dev/Linfala/senses/B/B.C21.mp3,Linfala/senses/B/B.C21.mp3,B.C21,B.C21.mp3
senses,51,https://pub-78d23bf07fce46b3adc19df91148ffb8.r2.dev/Linfala/senses/B/B.C22.mp3,Linfala/senses/B/B.C22.mp3,B.C22,B.C22.mp3
senses,52,https://pub-78d23bf07fce46b3adc19df91148ffb8.r2.dev/Linfala/senses/B/B.C23.mp3,Linfala/senses/B/B.C23.mp3,B.C23,B.C23.mp3
senses,54,https://pub-78d23bf07fce46b3adc19df91148ffb8.r2.dev/Linfala/senses/B/B.C24.mp3,Linfala/senses/B/B.C24.mp3,B.C24,B.C24.mp3
senses,55,https://pub-78d23bf07fce46b3adc19df91148ffb8.r2.dev/Linfala/senses/B/B.C25.mp3,Linfala/senses/B/B.C25.mp3,B.C25,B.C25.mp3
senses,56,https://pub-78d23bf07fce46b3adc19df91148ffb8.r2.dev/Linfala/senses/B/B.C26.mp3,Linfala/senses/B/B.C26.mp3,B.C26,B.C26.mp3
senses,57,https://pub-78d23bf07fce46b3adc19df91148ffb8.r2.dev/Linfala/senses/B/B.C27.mp3,Linfala/senses/B/B.C27.mp3,B.C27,B.C27.mp3
senses,58,https://pub-78d23bf07fce46b3adc19df91148ffb8.r2.dev/Linfala/senses/B/B.C28.mp3,Linfala/senses/B/B.C28.mp3,B.C28,B.C28.mp3
senses,60,https://pub-78d23bf07fce46b3adc19df91148ffb8.r2.dev/Linfala/senses/B/B.C29.mp3,Linfala/senses/B/B.C29.mp3,B.C29,B.C29.mp3
senses,31,https://pub-78d23bf07fce46b3adc19df91148ffb8.r2.dev/Linfala/senses/B/B.C3.mp3,Linfala/senses/B/B.C3.mp3,B.C3,B.C3.mp3
senses,61,https://pub-78d23bf07fce46b3adc19df91148ffb8.r2.dev/Linfala/senses/B/B.C30.mp3,Linfala/senses/B/B.C30.mp3,B.C30,B.C30.mp3
senses,62,https://pub-78d23bf07fce46b3adc19df91148ffb8.r2.dev/Linfala/senses/B/B.C31.mp3,Linfala/senses/B/B.C31.mp3,B.C31,B.C31.mp3
senses,63,https://pub-78d23bf07fce46b3adc19df91148ffb8.r2.dev/Linfala/senses/B/B.C32.mp3,Linfala/senses/B/B.C32.mp3,B.C32,B.C32.mp3
senses,64,https://pub-78d23bf07fce46b3adc19df91148ffb8.r2.dev/Linfala/senses/B/B.C33.mp3,Linfala/senses/B/B.C33.mp3,B.C33,B.C33.mp3
senses,65,https://pub-78d23bf07fce46b3adc19df91148ffb8.r2.dev/Linfala/senses/B/B.C34.mp3,Linfala/senses/B/B.C34.mp3,B.C34,B.C34.mp3
senses,66,https://pub-78d23bf07fce46b3adc19df91148ffb8.r2.dev/Linfala/senses/B/B.C35.mp3,Linfala/senses/B/B.C35.mp3,B.C35,B.C35.mp3
senses,67,https://pub-78d23bf07fce46b3adc19df91148ffb8.r2.dev/Linfala/senses/B/B.C36.mp3,Linfala/senses/B/B.C36.mp3,B.C36,B.C36.mp3
senses,68,https://pub-78d23bf07fce46b3adc19df91148ffb8.r2.dev/Linfala/senses/B/B.C37.mp3,Linfala/senses/B/B.C37.mp3,B.C37,B.C37.mp3
senses,69,https://pub-78d23bf07fce46b3adc19df91148ffb8.r2.dev/Linfala/senses/B/B.C38.mp3,Linfala/senses/B/B.C38.mp3,B.C38,B.C38.mp3
senses,71,https://pub-78d23bf07fce46b3adc19df91148ffb8.r2.dev/Linfala/senses/B/B.C39.mp3,Linfala/senses/B/B.C39.mp3,B.C39,B.C39.mp3
senses,32,https://pub-78d23bf07fce46b3adc19df91148ffb8.r2.dev/Linfala/senses/B/B.C4.mp3,Linfala/senses/B/B.C4.mp3,B.C4,B.C4.mp3
senses,73,https://pub-78d23bf07fce46b3adc19df91148ffb8.r2.dev/Linfala/senses/B/B.C40.mp3,Linfala/senses/B/B.C40.mp3,B.C40,B.C40.mp3
senses,74,https://pub-78d23bf07fce46b3adc19df91148ffb8.r2.dev/Linfala/senses/B/B.C41.mp3,Linfala/senses/B/B.C41.mp3,B.C41,B.C41.mp3
senses,75,https://pub-78d23bf07fce46b3adc19df91148ffb8.r2.dev/Linfala/senses/B/B.C42.mp3,Linfala/senses/B/B.C42.mp3,B.C42,B.C42.mp3
senses,76,https://pub-78d23bf07fce46b3adc19df91148ffb8.r2.dev/Linfala/senses/B/B.C43.mp3,Linfala/senses/B/B.C43.mp3,B.C43,B.C43.mp3
senses,78,https://pub-78d23bf07fce46b3adc19df91148ffb8.r2.dev/Linfala/senses/B/B.C44.mp3,Linfala/senses/B/B.C44.mp3,B.C44,B.C44.mp3
senses,79,https://pub-78d23bf07fce46b3adc19df91148ffb8.r2.dev/Linfala/senses/B/B.C45.mp3,Linfala/senses/B/B.C45.mp3,B.C45,B.C45.mp3
senses,80,https://pub-78d23bf07fce46b3adc19df91148ffb8.r2.dev/Linfala/senses/B/B.C46.mp3,Linfala/senses/B/B.C46.mp3,B.C46,B.C46.mp3
senses,81,https://pub-78d23bf07fce46b3adc19df91148ffb8.r2.dev/Linfala/senses/B/B.C47.mp3,Linfala/senses/B/B.C47.mp3,B.C47,B.C47.mp3
senses,82,https://pub-78d23bf07fce46b3adc19df91148ffb8.r2.dev/Linfala/senses/B/B.C48.mp3,Linfala/senses/B/B.C48.mp3,B.C48,B.C48.mp3
senses,83,https://pub-78d23bf07fce46b3adc19df91148ffb8.r2.dev/Linfala/senses/B/B.C49.mp3,Linfala/senses/B/B.C49.mp3,B.C49,B.C49.mp3
senses,33,https://pub-78d23bf07fce46b3adc19df91148ffb8.r2.dev/Linfala/senses/B/B.C5.mp3,Linfala/senses/B/B.C5.mp3,B.C5,B.C5.mp3
senses,84,https://pub-78d23bf07fce46b3adc19df91148ffb8.r2.dev/Linfala/senses/B/B.C50.mp3,Linfala/senses/B/B.C50.mp3,B.C50,B.C50.mp3
senses,85,https://pub-78d23bf07fce46b3adc19df91148ffb8.r2.dev/Linfala/senses/B/B.C51.mp3,Linfala/senses/B/B.C51.mp3,B.C51,B.C51.mp3
senses,86,https://pub-78d23bf07fce46b3adc19df91148ffb8.r2.dev/Linfala/senses/B/B.C52.mp3,Linfala/senses/B/B.C52.mp3,B.C52,B.C52.mp3
senses,88,https://pub-78d23bf07fce46b3adc19df91148ffb8.r2.dev/Linfala/senses/B/B.C53.mp3,Linfala/senses/B/B.C53.mp3,B.C53,B.C53.mp3
senses,89,https://pub-78d23bf07fce46b3adc19df91148ffb8.r2.dev/Linfala/senses/B/B.C54.mp3,Linfala/senses/B/B.C54.mp3,B.C54,B.C54.mp3
senses,90,https://pub-78d23bf07fce46b3adc19df91148ffb8.r2.dev/Linfala/senses/B/B.C55.mp3,Linfala/senses/B/B.C55.mp3,B.C55,B.C55.mp3
senses,91,https://pub-78d23bf07fce46b3adc19df91148ffb8.r2.dev/Linfala/senses/B/B.C56.mp3,Linfala/senses/B/B.C56.mp3,B.C56,B.C56.mp3
senses,92,https://pub-78d23bf07fce46b3adc19df91148ffb8.r2.dev/Linfala/senses/B/B.C57.mp3,Linfala/senses/B/B.C57.mp3,B.C57,B.C57.mp3
senses,93,https://pub-78d23bf07fce46b3adc19df91148ffb8.r2.dev/Linfala/senses/B/B.C58.mp3,Linfala/senses/B/B.C58.mp3,B.C58,B.C58.mp3
senses,94,https://pub-78d23bf07fce46b3adc19df91148ffb8.r2.dev/Linfala/senses/B/B.C59.mp3,Linfala/senses/B/B.C59.mp3,B.C59,B.C59.mp3
senses,35,https://pub-78d23bf07fce46b3adc19df91148ffb8.r2.dev/Linfala/senses/B/B.C6.mp3,Linfala/senses/B/B.C6.mp3,B.C6,B.C6.mp3
senses,95,https://pub-78d23bf07fce46b3adc19df91148ffb8.r2.dev/Linfala/senses/B/B.C60.mp3,Linfala/senses/B/B.C60.mp3,B.C60,B.C60.mp3
senses,96,https://pub-78d23bf07fce46b3adc19df91148ffb8.r2.dev/Linfala/senses/B/B.C61.mp3,Linfala/senses/B/B.C61.mp3,B.C61,B.C61.mp3
senses,97,https://pub-78d23bf07fce46b3adc19df91148ffb8.r2.dev/Linfala/senses/B/B.C62.mp3,Linfala/senses/B/B.C62.mp3,B.C62,B.C62.mp3
senses,98,https://pub-78d23bf07fce46b3adc19df91148ffb8.r2.dev/Linfala/senses/B/B.C63.mp3,Linfala/senses/B/B.C63.mp3,B.C63,B.C63.mp3
senses,99,https://pub-78d23bf07fce46b3adc19df91148ffb8.r2.dev/Linfala/senses/B/B.C64.mp3,Linfala/senses/B/B.C64.mp3,B.C64,B.C64.mp3
senses,101,https://pub-78d23bf07fce46b3adc19df91148ffb8.r2.dev/Linfala/senses/B/B.C65.mp3,Linfala/senses/B/B.C65.mp3,B.C65,B.C65.mp3
senses,102,https://pub-78d23bf07fce46b3adc19df91148ffb8.r2.dev/Linfala/senses/B/B.C66.mp3,Linfala/senses/B/B.C66.mp3,B.C66,B.C66.mp3
senses,103,https://pub-78d23bf07fce46b3adc19df91148ffb8.r2.dev/Linfala/senses/B/B.C67.mp3,Linfala/senses/B/B.C67.mp3,B.C67,B.C67.mp3
senses,104,https://pub-78d23bf07fce46b3adc19df91148ffb8.r2.dev/Linfala/senses/B/B.C68.mp3,Linfala/senses/B/B.C68.mp3,B.C68,B.C68.mp3
senses,105,https://pub-78d23bf07fce46b3adc19df91148ffb8.r2.dev/Linfala/senses/B/B.C69.mp3,Linfala/senses/B/B.C69.mp3,B.C69,B.C69.mp3
senses,36,https://pub-78d23bf07fce46b3adc19df91148ffb8.r2.dev/Linfala/senses/B/B.C7.mp3,Linfala/senses/B/B.C7.mp3,B.C7,B.C7.mp3
senses,106,https://pub-78d23bf07fce46b3adc19df91148ffb8.r2.dev/Linfala/senses/B/B.C70.mp3,Linfala/senses/B/B.C70.mp3,B.C70,B.C70.mp3
senses,107,https://pub-78d23bf07fce46b3adc19df91148ffb8.r2.dev/Linfala/senses/B/B.C71.mp3,Linfala/senses/B/B.C71.mp3,B.C71,B.C71.mp3
senses,108,https://pub-78d23bf07fce46b3adc19df91148ffb8.r2.dev/Linfala/senses/B/B.C72.mp3,Linfala/senses/B/B.C72.mp3,B.C72,B.C72.mp3
senses,110,https://pub-78d23bf07fce46b3adc19df91148ffb8.r2.dev/Linfala/senses/B/B.C73.mp3,Linfala/senses/B/B.C73.mp3,B.C73,B.C73.mp3
senses,111,https://pub-78d23bf07fce46b3adc19df91148ffb8.r2.dev/Linfala/senses/B/B.C74.mp3,Linfala/senses/B/B.C74.mp3,B.C74,B.C74.mp3
senses,112,https://pub-78d23bf07fce46b3adc19df91148ffb8.r2.dev/Linfala/senses/B/B.C75.mp3,Linfala/senses/B/B.C75.mp3,B.C75,B.C75.mp3
senses,113,https://pub-78d23bf07fce46b3adc19df91148ffb8.r2.dev/Linfala/senses/B/B.C76.mp3,Linfala/senses/B/B.C76.mp3,B.C76,B.C76.mp3
senses,114,https://pub-78d23bf07fce46b3adc19df91148ffb8.r2.dev/Linfala/senses/B/B.C77.mp3,Linfala/senses/B/B.C77.mp3,B.C77,B.C77.mp3
senses,115,https://pub-78d23bf07fce46b3adc19df91148ffb8.r2.dev/Linfala/senses/B/B.C78.mp3,Linfala/senses/B/B.C78.mp3,B.C78,B.C78.mp3
senses,116,https://pub-78d23bf07fce46b3adc19df91148ffb8.r2.dev/Linfala/senses/B/B.C79.mp3,Linfala/senses/B/B.C79.mp3,B.C79,B.C79.mp3
senses,37,https://pub-78d23bf07fce46b3adc19df91148ffb8.r2.dev/Linfala/senses/B/B.C8.mp3,Linfala/senses/B/B.C8.mp3,B.C8,B.C8.mp3
senses,117,https://pub-78d23bf07fce46b3adc19df91148ffb8.r2.dev/Linfala/senses/B/B.C80.mp3,Linfala/senses/B/B.C80.mp3,B.C80,B.C80.mp3
senses,118,https://pub-78d23bf07fce46b3adc19df91148ffb8.r2.dev/Linfala/senses/B/B.C81.mp3,Linfala/senses/B/B.C81.mp3,B.C81,B.C81.mp3
senses,119,https://pub-78d23bf07fce46b3adc19df91148ffb8.r2.dev/Linfala/senses/B/B.C82.mp3,Linfala/senses/B/B.C82.mp3,B.C82,B.C82.mp3
senses,120,https://pub-78d23bf07fce46b3adc19df91148ffb8.r2.dev/Linfala/senses/B/B.C83.mp3,Linfala/senses/B/B.C83.mp3,B.C83,B.C83.mp3
senses,122,https://pub-78d23bf07fce46b3adc19df91148ffb8.r2.dev/Linfala/senses/B/B.C84.mp3,Linfala/senses/B/B.C84.mp3,B.C84,B.C84.mp3
senses,123,https://pub-78d23bf07fce46b3adc19df91148ffb8.r2.dev/Linfala/senses/B/B.C85.mp3,Linfala/senses/B/B.C85.mp3,B.C85,B.C85.mp3
senses,124,https://pub-78d23bf07fce46b3adc19df91148ffb8.r2.dev/Linfala/senses/B/B.C86.mp3,Linfala/senses/B/B.C86.mp3,B.C86,B.C86.mp3
senses,126,https://pub-78d23bf07fce46b3adc19df91148ffb8.r2.dev/Linfala/senses/B/B.C87.mp3,Linfala/senses/B/B.C87.mp3,B.C87,B.C87.mp3
senses,128,https://pub-78d23bf07fce46b3adc19df91148ffb8.r2.dev/Linfala/senses/B/B.C88.mp3,Linfala/senses/B/B.C88.mp3,B.C88,B.C88.mp3
senses,130,https://pub-78d23bf07fce46b3adc19df91148ffb8.r2.dev/Linfala/senses/B/B.C89.mp3,Linfala/senses/B/B.C89.mp3,B.C89,B.C89.mp3
senses,38,https://pub-78d23bf07fce46b3adc19df91148ffb8.r2.dev/Linfala/senses/B/B.C9.mp3,Linfala/senses/B/B.C9.mp3,B.C9,B.C9.mp3
senses,131,https://pub-78d23bf07fce46b3adc19df91148ffb8.r2.dev/Linfala/senses/B/B.C90.mp3,Linfala/senses/B/B.C90.mp3,B.C90,B.C90.mp3
senses,133,https://pub-78d23bf07fce46b3adc19df91148ffb8.r2.dev/Linfala/senses/B/B.C91.mp3,Linfala/senses/B/B.C91.mp3,B.C91,B.C91.mp3
senses,134,https://pub-78d23bf07fce46b3adc19df91148ffb8.r2.dev/Linfala/senses/B/B.C92.mp3,Linfala/senses/B/B.C92.mp3,B.C92,B.C92.mp3
senses,135,https://pub-78d23bf07fce46b3adc19df91148ffb8.r2.dev/Linfala/senses/B/B.C93.mp3,Linfala/senses/B/B.C93.mp3,B.C93,B.C93.mp3
senses,136,https://pub-78d23bf07fce46b3adc19df91148ffb8.r2.dev/Linfala/senses/B/B.C94.mp3,Linfala/senses/B/B.C94.mp3,B.C94,B.C94.mp3
senses,137,https://pub-78d23bf07fce46b3adc19df91148ffb8.r2.dev/Linfala/senses/B/B.C95.mp3,Linfala/senses/B/B.C95.mp3,B.C95,B.C95.mp3
senses,138,https://pub-78d23bf07fce46b3adc19df91148ffb8.r2.dev/Linfala/senses/B/B.C96.mp3,Linfala/senses/B/B.C96.mp3,B.C96,B.C96.mp3
senses,139,https://pub-78d23bf07fce46b3adc19df91148ffb8.r2.dev/Linfala/senses/B/B.C97.mp3,Linfala/senses/B/B.C97.mp3,B.C97,B.C97.mp3
senses,140,https://pub-78d23bf07fce46b3adc19df91148ffb8.r2.dev/Linfala/senses/B/B.C98.mp3,Linfala/senses/B/B.C98.mp3,B.C98,B.C98.mp3
examples,39,https://pub-78d23bf07fce46b3adc19df91148ffb8.r2.dev/Linfala/examples/B/B.D10.mp3,Linfala/examples/B/B.D10.mp3,B.D10,B.D10.mp3
examples,40,https://pub-78d23bf07fce46b3adc19df91148ffb8.r2.dev/Linfala/examples/B/B.D11.mp3,Linfala/examples/B/B.D11.mp3,B.D11,B.D11.mp3
examples,41,https://pub-78d23bf07fce46b3adc19df91148ffb8.r2.dev/Linfala/examples/B/B.D12.mp3,Linfala/examples/B/B.D12.mp3,B.D12,B.D12.mp3
examples,42,https://pub-78d23bf07fce46b3adc19df91148ffb8.r2.dev/Linfala/examples/B/B.D13.mp3,Linfala/examples/B/B.D13.mp3,B.D13,B.D13.mp3
examples,43,https://pub-78d23bf07fce46b3adc19df91148ffb8.r2.dev/Linfala/examples/B/B.D14.mp3,Linfala/examples/B/B.D14.mp3,B.D14,B.D14.mp3
examples,44,https://pub-78d23bf07fce46b3adc19df91148ffb8.r2.dev/Linfala/examples/B/B.D15.mp3,Linfala/examples/B/B.D15.mp3,B.D15,B.D15.mp3
examples,45,https://pub-78d23bf07fce46b3adc19df91148ffb8.r2.dev/Linfala/examples/B/B.D16.mp3,Linfala/examples/B/B.D16.mp3,B.D16,B.D16.mp3
examples,46,https://pub-78d23bf07fce46b3adc19df91148ffb8.r2.dev/Linfala/examples/B/B.D17.mp3,Linfala/examples/B/B.D17.mp3,B.D17,B.D17.mp3
examples,47,https://pub-78d23bf07fce46b3adc19df91148ffb8.r2.dev/Linfala/examples/B/B.D18.mp3,Linfala/examples/B/B.D18.mp3,B.D18,B.D18.mp3
examples,48,https://pub-78d23bf07fce46b3adc19df91148ffb8.r2.dev/Linfala/examples/B/B.D19.mp3,Linfala/examples/B/B.D19.mp3,B.D19,B.D19.mp3
examples,49,https://pub-78d23bf07fce46b3adc19df91148ffb8.r2.dev/Linfala/examples/B/B.D20.mp3,Linfala/examples/B/B.D20.mp3,B.D20,B.D20.mp3
examples,50,https://pub-78d23bf07fce46b3adc19df91148ffb8.r2.dev/Linfala/examples/B/B.D21.mp3,Linfala/examples/B/B.D21.mp3,B.D21,B.D21.mp3
examples,51,https://pub-78d23bf07fce46b3adc19df91148ffb8.r2.dev/Linfala/examples/B/B.D22.mp3,Linfala/examples/B/B.D22.mp3,B.D22,B.D22.mp3
examples,52,https://pub-78d23bf07fce46b3adc19df91148ffb8.r2.dev/Linfala/examples/B/B.D23.mp3,Linfala/examples/B/B.D23.mp3,B.D23,B.D23.mp3
examples,54,https://pub-78d23bf07fce46b3adc19df91148ffb8.r2.dev/Linfala/examples/B/B.D24.mp3,Linfala/examples/B/B.D24.mp3,B.D24,B.D24.mp3
examples,55,https://pub-78d23bf07fce46b3adc19df91148ffb8.r2.dev/Linfala/examples/B/B.D25.mp3,Linfala/examples/B/B.D25.mp3,B.D25,B.D25.mp3
examples,56,https://pub-78d23bf07fce46b3adc19df91148ffb8.r2.dev/Linfala/examples/B/B.D26.mp3,Linfala/examples/B/B.D26.mp3,B.D26,B.D26.mp3
examples,57,https://pub-78d23bf07fce46b3adc19df91148ffb8.r2.dev/Linfala/examples/B/B.D27.mp3,Linfala/examples/B/B.D27.mp3,B.D27,B.D27.mp3
examples,58,https://pub-78d23bf07fce46b3adc19df91148ffb8.r2.dev/Linfala/examples/B/B.D28.mp3,Linfala/examples/B/B.D28.mp3,B.D28,B.D28.mp3
examples,60,https://pub-78d23bf07fce46b3adc19df91148ffb8.r2.dev/Linfala/examples/B/B.D29.mp3,Linfala/examples/B/B.D29.mp3,B.D29,B.D29.mp3
examples,61,https://pub-78d23bf07fce46b3adc19df91148ffb8.r2.dev/Linfala/examples/B/B.D30.mp3,Linfala/examples/B/B.D30.mp3,B.D30,B.D30.mp3
examples,62,https://pub-78d23bf07fce46b3adc19df91148ffb8.r2.dev/Linfala/examples/B/B.D31.mp3,Linfala/examples/B/B.D31.mp3,B.D31,B.D31.mp3
examples,63,https://pub-78d23bf07fce46b3adc19df91148ffb8.r2.dev/Linfala/examples/B/B.D32.mp3,Linfala/examples/B/B.D32.mp3,B.D32,B.D32.mp3
examples,64,https://pub-78d23bf07fce46b3adc19df91148ffb8.r2.dev/Linfala/examples/B/B.D33.mp3,Linfala/examples/B/B.D33.mp3,B.D33,B.D33.mp3
examples,65,https://pub-78d23bf07fce46b3adc19df91148ffb8.r2.dev/Linfala/examples/B/B.D34.mp3,Linfala/examples/B/B.D34.mp3,B.D34,B.D34.mp3
examples,66,https://pub-78d23bf07fce46b3adc19df91148ffb8.r2.dev/Linfala/examples/B/B.D35.mp3,Linfala/examples/B/B.D35.mp3,B.D35,B.D35.mp3
examples,67,https://pub-78d23bf07fce46b3adc19df91148ffb8.r2.dev/Linfala/examples/B/B.D36.mp3,Linfala/examples/B/B.D36.mp3,B.D36,B.D36.mp3
examples,68,https://pub-78d23bf07fce46b3adc19df91148ffb8.r2.dev/Linfala/examples/B/B.D37.mp3,Linfala/examples/B/B.D37.mp3,B.D37,B.D37.mp3
examples,69,https://pub-78d23bf07fce46b3adc19df91148ffb8.r2.dev/Linfala/examples/B/B.D38.mp3,Linfala/examples/B/B.D38.mp3,B.D38,B.D38.mp3
examples,71,https://pub-78d23bf07fce46b3adc19df91148ffb8.r2.dev/Linfala/examples/B/B.D39.mp3,Linfala/examples/B/B.D39.mp3,B.D39,B.D39.mp3
examples,32,https://pub-78d23bf07fce46b3adc19df91148ffb8.r2.dev/Linfala/examples/B/B.D4.mp3,Linfala/examples/B/B.D4.mp3,B.D4,B.D4.mp3
examples,73,https://pub-78d23bf07fce46b3adc19df91148ffb8.r2.dev/Linfala/examples/B/B.D40.mp3,Linfala/examples/B/B.D40.mp3,B.D40,B.D40.mp3
examples,74,https://pub-78d23bf07fce46b3adc19df91148ffb8.r2.dev/Linfala/examples/B/B.D41.mp3,Linfala/examples/B/B.D41.mp3,B.D41,B.D41.mp3
examples,75,https://pub-78d23bf07fce46b3adc19df91148ffb8.r2.dev/Linfala/examples/B/B.D42.mp3,Linfala/examples/B/B.D42.mp3,B.D42,B.D42.mp3
examples,76,https://pub-78d23bf07fce46b3adc19df91148ffb8.r2.dev/Linfala/examples/B/B.D43.mp3,Linfala/examples/B/B.D43.mp3,B.D43,B.D43.mp3
examples,78,https://pub-78d23bf07fce46b3adc19df91148ffb8.r2.dev/Linfala/examples/B/B.D44.mp3,Linfala/examples/B/B.D44.mp3,B.D44,B.D44.mp3
examples,79,https://pub-78d23bf07fce46b3adc19df91148ffb8.r2.dev/Linfala/examples/B/B.D45.mp3,Linfala/examples/B/B.D45.mp3,B.D45,B.D45.mp3
examples,80,https://pub-78d23bf07fce46b3adc19df91148ffb8.r2.dev/Linfala/examples/B/B.D46.mp3,Linfala/examples/B/B.D46.mp3,B.D46,B.D46.mp3
examples,81,https://pub-78d23bf07fce46b3adc19df91148ffb8.r2.dev/Linfala/examples/B/B.D47.mp3,Linfala/examples/B/B.D47.mp3,B.D47,B.D47.mp3
examples,82,https://pub-78d23bf07fce46b3adc19df91148ffb8.r2.dev/Linfala/examples/B/B.D48.mp3,Linfala/examples/B/B.D48.mp3,B.D48,B.D48.mp3
examples,83,https://pub-78d23bf07fce46b3adc19df91148ffb8.r2.dev/Linfala/examples/B/B.D49.mp3,Linfala/examples/B/B.D49.mp3,B.D49,B.D49.mp3
examples,33,https://pub-78d23bf07fce46b3adc19df91148ffb8.r2.dev/Linfala/examples/B/B.D5.mp3,Linfala/examples/B/B.D5.mp3,B.D5,B.D5.mp3
examples,84,https://pub-78d23bf07fce46b3adc19df91148ffb8.r2.dev/Linfala/examples/B/B.D50.mp3,Linfala/examples/B/B.D50.mp3,B.D50,B.D50.mp3
examples,85,https://pub-78d23bf07fce46b3adc19df91148ffb8.r2.dev/Linfala/examples/B/B.D51.mp3,Linfala/examples/B/B.D51.mp3,B.D51,B.D51.mp3
examples,86,https://pub-78d23bf07fce46b3adc19df91148ffb8.r2.dev/Linfala/examples/B/B.D52.mp3,Linfala/examples/B/B.D52.mp3,B.D52,B.D52.mp3
examples,88,https://pub-78d23bf07fce46b3adc19df91148ffb8.r2.dev/Linfala/examples/B/B.D53.mp3,Linfala/examples/B/B.D53.mp3,B.D53,B.D53.mp3
examples,89,https://pub-78d23bf07fce46b3adc19df91148ffb8.r2.dev/Linfala/examples/B/B.D54.mp3,Linfala/examples/B/B.D54.mp3,B.D54,B.D54.mp3
examples,90,https://pub-78d23bf07fce46b3adc19df91148ffb8.r2.dev/Linfala/examples/B/B.D55.mp3,Linfala/examples/B/B.D55.mp3,B.D55,B.D55.mp3
examples,91,https://pub-78d23bf07fce46b3adc19df91148ffb8.r2.dev/Linfala/examples/B/B.D56.mp3,Linfala/examples/B/B.D56.mp3,B.D56,B.D56.mp3
examples,92,https://pub-78d23bf07fce46b3adc19df91148ffb8.r2.dev/Linfala/examples/B/B.D57.mp3,Linfala/examples/B/B.D57.mp3,B.D57,B.D57.mp3
examples,93,https://pub-78d23bf07fce46b3adc19df91148ffb8.r2.dev/Linfala/examples/B/B.D58.mp3,Linfala/examples/B/B.D58.mp3,B.D58,B.D58.mp3
examples,94,https://pub-78d23bf07fce46b3adc19df91148ffb8.r2.dev/Linfala/examples/B/B.D59.mp3,Linfala/examples/B/B.D59.mp3,B.D59,B.D59.mp3
examples,35,https://pub-78d23bf07fce46b3adc19df91148ffb8.r2.dev/Linfala/examples/B/B.D6.mp3,Linfala/examples/B/B.D6.mp3,B.D6,B.D6.mp3
examples,95,https://pub-78d23bf07fce46b3adc19df91148ffb8.r2.dev/Linfala/examples/B/B.D60.mp3,Linfala/examples/B/B.D60.mp3,B.D60,B.D60.mp3
examples,96,https://pub-78d23bf07fce46b3adc19df91148ffb8.r2.dev/Linfala/examples/B/B.D61.mp3,Linfala/examples/B/B.D61.mp3,B.D61,B.D61.mp3
examples,97,https://pub-78d23bf07fce46b3adc19df91148ffb8.r2.dev/Linfala/examples/B/B.D62.mp3,Linfala/examples/B/B.D62.mp3,B.D62,B.D62.mp3
examples,98,https://pub-78d23bf07fce46b3adc19df91148ffb8.r2.dev/Linfala/examples/B/B.D63.mp3,Linfala/examples/B/B.D63.mp3,B.D63,B.D63.mp3
examples,99,https://pub-78d23bf07fce46b3adc19df91148ffb8.r2.dev/Linfala/examples/B/B.D64.mp3,Linfala/examples/B/B.D64.mp3,B.D64,B.D64.mp3
examples,101,https://pub-78d23bf07fce46b3adc19df91148ffb8.r2.dev/Linfala/examples/B/B.D65.mp3,Linfala/examples/B/B.D65.mp3,B.D65,B.D65.mp3
examples,102,https://pub-78d23bf07fce46b3adc19df91148ffb8.r2.dev/Linfala/examples/B/B.D66.mp3,Linfala/examples/B/B.D66.mp3,B.D66,B.D66.mp3
examples,103,https://pub-78d23bf07fce46b3adc19df91148ffb8.r2.dev/Linfala/examples/B/B.D67.mp3,Linfala/examples/B/B.D67.mp3,B.D67,B.D67.mp3
examples,104,https://pub-78d23bf07fce46b3adc19df91148ffb8.r2.dev/Linfala/examples/B/B.D68.mp3,Linfala/examples/B/B.D68.mp3,B.D68,B.D68.mp3
examples,105,https://pub-78d23bf07fce46b3adc19df91148ffb8.r2.dev/Linfala/examples/B/B.D69.mp3,Linfala/examples/B/B.D69.mp3,B.D69,B.D69.mp3
examples,36,https://pub-78d23bf07fce46b3adc19df91148ffb8.r2.dev/Linfala/examples/B/B.D7.mp3,Linfala/examples/B/B.D7.mp3,B.D7,B.D7.mp3
examples,106,https://pub-78d23bf07fce46b3adc19df91148ffb8.r2.dev/Linfala/examples/B/B.D70.mp3,Linfala/examples/B/B.D70.mp3,B.D70,B.D70.mp3
examples,107,https://pub-78d23bf07fce46b3adc19df91148ffb8.r2.dev/Linfala/examples/B/B.D71.mp3,Linfala/examples/B/B.D71.mp3,B.D71,B.D71.mp3
examples,108,https://pub-78d23bf07fce46b3adc19df91148ffb8.r2.dev/Linfala/examples/B/B.D72.mp3,Linfala/examples/B/B.D72.mp3,B.D72,B.D72.mp3
examples,110,https://pub-78d23bf07fce46b3adc19df91148ffb8.r2.dev/Linfala/examples/B/B.D73.mp3,Linfala/examples/B/B.D73.mp3,B.D73,B.D73.mp3
examples,111,https://pub-78d23bf07fce46b3adc19df91148ffb8.r2.dev/Linfala/examples/B/B.D74.mp3,Linfala/examples/B/B.D74.mp3,B.D74,B.D74.mp3
examples,112,https://pub-78d23bf07fce46b3adc19df91148ffb8.r2.dev/Linfala/examples/B/B.D75.mp3,Linfala/examples/B/B.D75.mp3,B.D75,B.D75.mp3
examples,113,https://pub-78d23bf07fce46b3adc19df91148ffb8.r2.dev/Linfala/examples/B/B.D76.mp3,Linfala/examples/B/B.D76.mp3,B.D76,B.D76.mp3
examples,114,https://pub-78d23bf07fce46b3adc19df91148ffb8.r2.dev/Linfala/examples/B/B.D77.mp3,Linfala/examples/B/B.D77.mp3,B.D77,B.D77.mp3
examples,115,https://pub-78d23bf07fce46b3adc19df91148ffb8.r2.dev/Linfala/examples/B/B.D78.mp3,Linfala/examples/B/B.D78.mp3,B.D78,B.D78.mp3
examples,116,https://pub-78d23bf07fce46b3adc19df91148ffb8.r2.dev/Linfala/examples/B/B.D79.mp3,Linfala/examples/B/B.D79.mp3,B.D79,B.D79.mp3
examples,37,https://pub-78d23bf07fce46b3adc19df91148ffb8.r2.dev/Linfala/examples/B/B.D8.mp3,Linfala/examples/B/B.D8.mp3,B.D8,B.D8.mp3
examples,117,https://pub-78d23bf07fce46b3adc19df91148ffb8.r2.dev/Linfala/examples/B/B.D80.mp3,Linfala/examples/B/B.D80.mp3,B.D80,B.D80.mp3
examples,118,https://pub-78d23bf07fce46b3adc19df91148ffb8.r2.dev/Linfala/examples/B/B.D81.mp3,Linfala/examples/B/B.D81.mp3,B.D81,B.D81.mp3
examples,119,https://pub-78d23bf07fce46b3adc19df91148ffb8.r2.dev/Linfala/examples/B/B.D82.mp3,Linfala/examples/B/B.D82.mp3,B.D82,B.D82.mp3
examples,120,https://pub-78d23bf07fce46b3adc19df91148ffb8.r2.dev/Linfala/examples/B/B.D83.mp3,Linfala/examples/B/B.D83.mp3,B.D83,B.D83.mp3
examples,122,https://pub-78d23bf07fce46b3adc19df91148ffb8.r2.dev/Linfala/examples/B/B.D84.mp3,Linfala/examples/B/B.D84.mp3,B.D84,B.D84.mp3
examples,123,https://pub-78d23bf07fce46b3adc19df91148ffb8.r2.dev/Linfala/examples/B/B.D85.mp3,Linfala/examples/B/B.D85.mp3,B.D85,B.D85.mp3
examples,124,https://pub-78d23bf07fce46b3adc19df91148ffb8.r2.dev/Linfala/examples/B/B.D86.mp3,Linfala/examples/B/B.D86.mp3,B.D86,B.D86.mp3
examples,126,https://pub-78d23bf07fce46b3adc19df91148ffb8.r2.dev/Linfala/examples/B/B.D87.mp3,Linfala/examples/B/B.D87.mp3,B.D87,B.D87.mp3
examples,128,https://pub-78d23bf07fce46b3adc19df91148ffb8.r2.dev/Linfala/examples/B/B.D88.mp3,Linfala/examples/B/B.D88.mp3,B.D88,B.D88.mp3
examples,38,https://pub-78d23bf07fce46b3adc19df91148ffb8.r2.dev/Linfala/examples/B/B.D9.mp3,Linfala/examples/B/B.D9.mp3,B.D9,B.D9.mp3
examples,131,https://pub-78d23bf07fce46b3adc19df91148ffb8.r2.dev/Linfala/examples/B/B.D90.mp3,Linfala/examples/B/B.D90.mp3,B.D90,B.D90.mp3
examples,133,https://pub-78d23bf07fce46b3adc19df91148ffb8.r2.dev/Linfala/examples/B/B.D91.mp3,Linfala/examples/B/B.D91.mp3,B.D91,B.D91.mp3
examples,134,https://pub-78d23bf07fce46b3adc19df91148ffb8.r2.dev/Linfala/examples/B/B.D92.mp3,Linfala/examples/B/B.D92.mp3,B.D92,B.D92.mp3
examples,135,https://pub-78d23bf07fce46b3adc19df91148ffb8.r2.dev/Linfala/examples/B/B.D93.mp3,Linfala/examples/B/B.D93.mp3,B.D93,B.D93.mp3
examples,136,https://pub-78d23bf07fce46b3adc19df91148ffb8.r2.dev/Linfala/examples/B/B.D94.mp3,Linfala/examples/B/B.D94.mp3,B.D94,B.D94.mp3
examples,137,https://pub-78d23bf07fce46b3adc19df91148ffb8.r2.dev/Linfala/examples/B/B.D95.mp3,Linfala/examples/B/B.D95.mp3,B.D95,B.D95.mp3
examples,138,https://pub-78d23bf07fce46b3adc19df91148ffb8.r2.dev/Linfala/examples/B/B.D96.mp3,Linfala/examples/B/B.D96.mp3,B.D96,B.D96.mp3
examples,139,https://pub-78d23bf07fce46b3adc19df91148ffb8.r2.dev/Linfala/examples/B/B.D97.mp3,Linfala/examples/B/B.D97.mp3,B.D97,B.D97.mp3
examples,140,https://pub-78d23bf07fce46b3adc19df91148ffb8.r2.dev/Linfala/examples/B/B.D98.mp3,Linfala/examples/B/B.D98.mp3,B.D98,B.D98.mp3
senses,53,https://pub-78d23bf07fce46b3adc19df91148ffb8.r2.dev/Linfala/senses/B/B.F23.mp3,Linfala/senses/B/B.F23.mp3,B.F23,B.F23.mp3
senses,59,https://pub-78d23bf07fce46b3adc19df91148ffb8.r2.dev/Linfala/senses/B/B.F28.mp3,Linfala/senses/B/B.F28.mp3,B.F28,B.F28.mp3
senses,70,https://pub-78d23bf07fce46b3adc19df91148ffb8.r2.dev/Linfala/senses/B/B.F38.mp3,Linfala/senses/B/B.F38.mp3,B.F38,B.F38.mp3
senses,72,https://pub-78d23bf07fce46b3adc19df91148ffb8.r2.dev/Linfala/senses/B/B.F39.mp3,Linfala/senses/B/B.F39.mp3,B.F39,B.F39.mp3
senses,77,https://pub-78d23bf07fce46b3adc19df91148ffb8.r2.dev/Linfala/senses/B/B.F43.mp3,Linfala/senses/B/B.F43.mp3,B.F43,B.F43.mp3
senses,34,https://pub-78d23bf07fce46b3adc19df91148ffb8.r2.dev/Linfala/senses/B/B.F5.mp3,Linfala/senses/B/B.F5.mp3,B.F5,B.F5.mp3
senses,87,https://pub-78d23bf07fce46b3adc19df91148ffb8.r2.dev/Linfala/senses/B/B.F52.mp3,Linfala/senses/B/B.F52.mp3,B.F52,B.F52.mp3
senses,100,https://pub-78d23bf07fce46b3adc19df91148ffb8.r2.dev/Linfala/senses/B/B.F64.mp3,Linfala/senses/B/B.F64.mp3,B.F64,B.F64.mp3
senses,109,https://pub-78d23bf07fce46b3adc19df91148ffb8.r2.dev/Linfala/senses/B/B.F72.mp3,Linfala/senses/B/B.F72.mp3,B.F72,B.F72.mp3
senses,121,https://pub-78d23bf07fce46b3adc19df91148ffb8.r2.dev/Linfala/senses/B/B.F83.mp3,Linfala/senses/B/B.F83.mp3,B.F83,B.F83.mp3
senses,125,https://pub-78d23bf07fce46b3adc19df91148ffb8.r2.dev/Linfala/senses/B/B.F86.mp3,Linfala/senses/B/B.F86.mp3,B.F86,B.F86.mp3
senses,127,https://pub-78d23bf07fce46b3adc19df91148ffb8.r2.dev/Linfala/senses/B/B.F87.mp3,Linfala/senses/B/B.F87.mp3,B.F87,B.F87.mp3
senses,129,https://pub-78d23bf07fce46b3adc19df91148ffb8.r2.dev/Linfala/senses/B/B.F88.mp3,Linfala/senses/B/B.F88.mp3,B.F88,B.F88.mp3
senses,132,https://pub-78d23bf07fce46b3adc19df91148ffb8.r2.dev/Linfala/senses/B/B.F90.mp3,Linfala/senses/B/B.F90.mp3,B.F90,B.F90.mp3
examples,53,https://pub-78d23bf07fce46b3adc19df91148ffb8.r2.dev/Linfala/examples/B/B.G23.mp3,Linfala/examples/B/B.G23.mp3,B.G23,B.G23.mp3
examples,59,https://pub-78d23bf07fce46b3adc19df91148ffb8.r2.dev/Linfala/examples/B/B.G28.mp3,Linfala/examples/B/B.G28.mp3,B.G28,B.G28.mp3
examples,70,https://pub-78d23bf07fce46b3adc19df91148ffb8.r2.dev/Linfala/examples/B/B.G38.mp3,Linfala/examples/B/B.G38.mp3,B.G38,B.G38.mp3
examples,72,https://pub-78d23bf07fce46b3adc19df91148ffb8.r2.dev/Linfala/examples/B/B.G39.mp3,Linfala/examples/B/B.G39.mp3,B.G39,B.G39.mp3
examples,77,https://pub-78d23bf07fce46b3adc19df91148ffb8.r2.dev/Linfala/examples/B/B.G43.mp3,Linfala/examples/B/B.G43.mp3,B.G43,B.G43.mp3
examples,34,https://pub-78d23bf07fce46b3adc19df91148ffb8.r2.dev/Linfala/examples/B/B.G5.mp3,Linfala/examples/B/B.G5.mp3,B.G5,B.G5.mp3
examples,87,https://pub-78d23bf07fce46b3adc19df91148ffb8.r2.dev/Linfala/examples/B/B.G52.mp3,Linfala/examples/B/B.G52.mp3,B.G52,B.G52.mp3
examples,100,https://pub-78d23bf07fce46b3adc19df91148ffb8.r2.dev/Linfala/examples/B/B.G64.mp3,Linfala/examples/B/B.G64.mp3,B.G64,B.G64.mp3
examples,109,https://pub-78d23bf07fce46b3adc19df91148ffb8.r2.dev/Linfala/examples/B/B.G72.mp3,Linfala/examples/B/B.G72.mp3,B.G72,B.G72.mp3
examples,121,https://pub-78d23bf07fce46b3adc19df91148ffb8.r2.dev/Linfala/examples/B/B.G83.mp3,Linfala/examples/B/B.G83.mp3,B.G83,B.G83.mp3
examples,125,https://pub-78d23bf07fce46b3adc19df91148ffb8.r2.dev/Linfala/examples/B/B.G86.mp3,Linfala/examples/B/B.G86.mp3,B.G86,B.G86.mp3
examples,127,https://pub-78d23bf07fce46b3adc19df91148ffb8.r2.dev/Linfala/examples/B/B.G87.mp3,Linfala/examples/B/B.G87.mp3,B.G87,B.G87.mp3
examples,129,https://pub-78d23bf07fce46b3adc19df91148ffb8.r2.dev/Linfala/examples/B/B.G88.mp3,Linfala/examples/B/B.G88.mp3,B.G88,B.G88.mp3
examples,132,https://pub-78d23bf07fce46b3adc19df91148ffb8.r2.dev/Linfala/examples/B/B.G90.mp3,Linfala/examples/B/B.G90.mp3,B.G90,B.G90.mp3
senses,151,https://pub-78d23bf07fce46b3adc19df91148ffb8.r2.dev/Linfala/senses/C/C.C10.mp3,Linfala/senses/C/C.C10.mp3,C.C10,C.C10.mp3
senses,257,https://pub-78d23bf07fce46b3adc19df91148ffb8.r2.dev/Linfala/senses/C/C.C100.mp3,Linfala/senses/C/C.C100.mp3,C.C100,C.C100.mp3
senses,258,https://pub-78d23bf07fce46b3adc19df91148ffb8.r2.dev/Linfala/senses/C/C.C101.mp3,Linfala/senses/C/C.C101.mp3,C.C101,C.C101.mp3
senses,259,https://pub-78d23bf07fce46b3adc19df91148ffb8.r2.dev/Linfala/senses/C/C.C102.mp3,Linfala/senses/C/C.C102.mp3,C.C102,C.C102.mp3
senses,260,https://pub-78d23bf07fce46b3adc19df91148ffb8.r2.dev/Linfala/senses/C/C.C103.mp3,Linfala/senses/C/C.C103.mp3,C.C103,C.C103.mp3
senses,261,https://pub-78d23bf07fce46b3adc19df91148ffb8.r2.dev/Linfala/senses/C/C.C104.mp3,Linfala/senses/C/C.C104.mp3,C.C104,C.C104.mp3
senses,262,https://pub-78d23bf07fce46b3adc19df91148ffb8.r2.dev/Linfala/senses/C/C.C105.mp3,Linfala/senses/C/C.C105.mp3,C.C105,C.C105.mp3
senses,263,https://pub-78d23bf07fce46b3adc19df91148ffb8.r2.dev/Linfala/senses/C/C.C106.mp3,Linfala/senses/C/C.C106.mp3,C.C106,C.C106.mp3
senses,264,https://pub-78d23bf07fce46b3adc19df91148ffb8.r2.dev/Linfala/senses/C/C.C107.mp3,Linfala/senses/C/C.C107.mp3,C.C107,C.C107.mp3
senses,265,https://pub-78d23bf07fce46b3adc19df91148ffb8.r2.dev/Linfala/senses/C/C.C108.mp3,Linfala/senses/C/C.C108.mp3,C.C108,C.C108.mp3
senses,267,https://pub-78d23bf07fce46b3adc19df91148ffb8.r2.dev/Linfala/senses/C/C.C109.mp3,Linfala/senses/C/C.C109.mp3,C.C109,C.C109.mp3
senses,152,https://pub-78d23bf07fce46b3adc19df91148ffb8.r2.dev/Linfala/senses/C/C.C11.mp3,Linfala/senses/C/C.C11.mp3,C.C11,C.C11.mp3
senses,268,https://pub-78d23bf07fce46b3adc19df91148ffb8.r2.dev/Linfala/senses/C/C.C110.mp3,Linfala/senses/C/C.C110.mp3,C.C110,C.C110.mp3
senses,269,https://pub-78d23bf07fce46b3adc19df91148ffb8.r2.dev/Linfala/senses/C/C.C111.mp3,Linfala/senses/C/C.C111.mp3,C.C111,C.C111.mp3
senses,270,https://pub-78d23bf07fce46b3adc19df91148ffb8.r2.dev/Linfala/senses/C/C.C112.mp3,Linfala/senses/C/C.C112.mp3,C.C112,C.C112.mp3
senses,273,https://pub-78d23bf07fce46b3adc19df91148ffb8.r2.dev/Linfala/senses/C/C.C113.mp3,Linfala/senses/C/C.C113.mp3,C.C113,C.C113.mp3
senses,274,https://pub-78d23bf07fce46b3adc19df91148ffb8.r2.dev/Linfala/senses/C/C.C114.mp3,Linfala/senses/C/C.C114.mp3,C.C114,C.C114.mp3
senses,276,https://pub-78d23bf07fce46b3adc19df91148ffb8.r2.dev/Linfala/senses/C/C.C115.mp3,Linfala/senses/C/C.C115.mp3,C.C115,C.C115.mp3
senses,277,https://pub-78d23bf07fce46b3adc19df91148ffb8.r2.dev/Linfala/senses/C/C.C116.mp3,Linfala/senses/C/C.C116.mp3,C.C116,C.C116.mp3
senses,278,https://pub-78d23bf07fce46b3adc19df91148ffb8.r2.dev/Linfala/senses/C/C.C117.mp3,Linfala/senses/C/C.C117.mp3,C.C117,C.C117.mp3
senses,279,https://pub-78d23bf07fce46b3adc19df91148ffb8.r2.dev/Linfala/senses/C/C.C118.mp3,Linfala/senses/C/C.C118.mp3,C.C118,C.C118.mp3
senses,280,https://pub-78d23bf07fce46b3adc19df91148ffb8.r2.dev/Linfala/senses/C/C.C119.mp3,Linfala/senses/C/C.C119.mp3,C.C119,C.C119.mp3
senses,153,https://pub-78d23bf07fce46b3adc19df91148ffb8.r2.dev/Linfala/senses/C/C.C12.mp3,Linfala/senses/C/C.C12.mp3,C.C12,C.C12.mp3
senses,281,https://pub-78d23bf07fce46b3adc19df91148ffb8.r2.dev/Linfala/senses/C/C.C120.mp3,Linfala/senses/C/C.C120.mp3,C.C120,C.C120.mp3
senses,282,https://pub-78d23bf07fce46b3adc19df91148ffb8.r2.dev/Linfala/senses/C/C.C121.mp3,Linfala/senses/C/C.C121.mp3,C.C121,C.C121.mp3
senses,283,https://pub-78d23bf07fce46b3adc19df91148ffb8.r2.dev/Linfala/senses/C/C.C122.mp3,Linfala/senses/C/C.C122.mp3,C.C122,C.C122.mp3
senses,284,https://pub-78d23bf07fce46b3adc19df91148ffb8.r2.dev/Linfala/senses/C/C.C123.mp3,Linfala/senses/C/C.C123.mp3,C.C123,C.C123.mp3
senses,285,https://pub-78d23bf07fce46b3adc19df91148ffb8.r2.dev/Linfala/senses/C/C.C124.mp3,Linfala/senses/C/C.C124.mp3,C.C124,C.C124.mp3
senses,287,https://pub-78d23bf07fce46b3adc19df91148ffb8.r2.dev/Linfala/senses/C/C.C125.mp3,Linfala/senses/C/C.C125.mp3,C.C125,C.C125.mp3
senses,288,https://pub-78d23bf07fce46b3adc19df91148ffb8.r2.dev/Linfala/senses/C/C.C126.mp3,Linfala/senses/C/C.C126.mp3,C.C126,C.C126.mp3
senses,289,https://pub-78d23bf07fce46b3adc19df91148ffb8.r2.dev/Linfala/senses/C/C.C127.mp3,Linfala/senses/C/C.C127.mp3,C.C127,C.C127.mp3
senses,290,https://pub-78d23bf07fce46b3adc19df91148ffb8.r2.dev/Linfala/senses/C/C.C128.mp3,Linfala/senses/C/C.C128.mp3,C.C128,C.C128.mp3
senses,291,https://pub-78d23bf07fce46b3adc19df91148ffb8.r2.dev/Linfala/senses/C/C.C129.mp3,Linfala/senses/C/C.C129.mp3,C.C129,C.C129.mp3
senses,154,https://pub-78d23bf07fce46b3adc19df91148ffb8.r2.dev/Linfala/senses/C/C.C13.mp3,Linfala/senses/C/C.C13.mp3,C.C13,C.C13.mp3
senses,292,https://pub-78d23bf07fce46b3adc19df91148ffb8.r2.dev/Linfala/senses/C/C.C130.mp3,Linfala/senses/C/C.C130.mp3,C.C130,C.C130.mp3
senses,293,https://pub-78d23bf07fce46b3adc19df91148ffb8.r2.dev/Linfala/senses/C/C.C131.mp3,Linfala/senses/C/C.C131.mp3,C.C131,C.C131.mp3
senses,294,https://pub-78d23bf07fce46b3adc19df91148ffb8.r2.dev/Linfala/senses/C/C.C132.mp3,Linfala/senses/C/C.C132.mp3,C.C132,C.C132.mp3
senses,295,https://pub-78d23bf07fce46b3adc19df91148ffb8.r2.dev/Linfala/senses/C/C.C133.mp3,Linfala/senses/C/C.C133.mp3,C.C133,C.C133.mp3
senses,296,https://pub-78d23bf07fce46b3adc19df91148ffb8.r2.dev/Linfala/senses/C/C.C134.mp3,Linfala/senses/C/C.C134.mp3,C.C134,C.C134.mp3
senses,297,https://pub-78d23bf07fce46b3adc19df91148ffb8.r2.dev/Linfala/senses/C/C.C135.mp3,Linfala/senses/C/C.C135.mp3,C.C135,C.C135.mp3
senses,299,https://pub-78d23bf07fce46b3adc19df91148ffb8.r2.dev/Linfala/senses/C/C.C136.mp3,Linfala/senses/C/C.C136.mp3,C.C136,C.C136.mp3
senses,300,https://pub-78d23bf07fce46b3adc19df91148ffb8.r2.dev/Linfala/senses/C/C.C137.mp3,Linfala/senses/C/C.C137.mp3,C.C137,C.C137.mp3
senses,301,https://pub-78d23bf07fce46b3adc19df91148ffb8.r2.dev/Linfala/senses/C/C.C138.mp3,Linfala/senses/C/C.C138.mp3,C.C138,C.C138.mp3
senses,303,https://pub-78d23bf07fce46b3adc19df91148ffb8.r2.dev/Linfala/senses/C/C.C139.mp3,Linfala/senses/C/C.C139.mp3,C.C139,C.C139.mp3
senses,155,https://pub-78d23bf07fce46b3adc19df91148ffb8.r2.dev/Linfala/senses/C/C.C14.mp3,Linfala/senses/C/C.C14.mp3,C.C14,C.C14.mp3
senses,304,https://pub-78d23bf07fce46b3adc19df91148ffb8.r2.dev/Linfala/senses/C/C.C140.mp3,Linfala/senses/C/C.C140.mp3,C.C140,C.C140.mp3
senses,305,https://pub-78d23bf07fce46b3adc19df91148ffb8.r2.dev/Linfala/senses/C/C.C141.mp3,Linfala/senses/C/C.C141.mp3,C.C141,C.C141.mp3
senses,306,https://pub-78d23bf07fce46b3adc19df91148ffb8.r2.dev/Linfala/senses/C/C.C142.mp3,Linfala/senses/C/C.C142.mp3,C.C142,C.C142.mp3
senses,308,https://pub-78d23bf07fce46b3adc19df91148ffb8.r2.dev/Linfala/senses/C/C.C143.mp3,Linfala/senses/C/C.C143.mp3,C.C143,C.C143.mp3
senses,309,https://pub-78d23bf07fce46b3adc19df91148ffb8.r2.dev/Linfala/senses/C/C.C144.mp3,Linfala/senses/C/C.C144.mp3,C.C144,C.C144.mp3
senses,310,https://pub-78d23bf07fce46b3adc19df91148ffb8.r2.dev/Linfala/senses/C/C.C145.mp3,Linfala/senses/C/C.C145.mp3,C.C145,C.C145.mp3
senses,311,https://pub-78d23bf07fce46b3adc19df91148ffb8.r2.dev/Linfala/senses/C/C.C146.mp3,Linfala/senses/C/C.C146.mp3,C.C146,C.C146.mp3
senses,312,https://pub-78d23bf07fce46b3adc19df91148ffb8.r2.dev/Linfala/senses/C/C.C147.mp3,Linfala/senses/C/C.C147.mp3,C.C147,C.C147.mp3
senses,313,https://pub-78d23bf07fce46b3adc19df91148ffb8.r2.dev/Linfala/senses/C/C.C148.mp3,Linfala/senses/C/C.C148.mp3,C.C148,C.C148.mp3
senses,315,https://pub-78d23bf07fce46b3adc19df91148ffb8.r2.dev/Linfala/senses/C/C.C149.mp3,Linfala/senses/C/C.C149.mp3,C.C149,C.C149.mp3
senses,156,https://pub-78d23bf07fce46b3adc19df91148ffb8.r2.dev/Linfala/senses/C/C.C15.mp3,Linfala/senses/C/C.C15.mp3,C.C15,C.C15.mp3
senses,316,https://pub-78d23bf07fce46b3adc19df91148ffb8.r2.dev/Linfala/senses/C/C.C150.mp3,Linfala/senses/C/C.C150.mp3,C.C150,C.C150.mp3
senses,317,https://pub-78d23bf07fce46b3adc19df91148ffb8.r2.dev/Linfala/senses/C/C.C151.mp3,Linfala/senses/C/C.C151.mp3,C.C151,C.C151.mp3
senses,318,https://pub-78d23bf07fce46b3adc19df91148ffb8.r2.dev/Linfala/senses/C/C.C152.mp3,Linfala/senses/C/C.C152.mp3,C.C152,C.C152.mp3
senses,319,https://pub-78d23bf07fce46b3adc19df91148ffb8.r2.dev/Linfala/senses/C/C.C153.mp3,Linfala/senses/C/C.C153.mp3,C.C153,C.C153.mp3
senses,320,https://pub-78d23bf07fce46b3adc19df91148ffb8.r2.dev/Linfala/senses/C/C.C154.mp3,Linfala/senses/C/C.C154.mp3,C.C154,C.C154.mp3
senses,321,https://pub-78d23bf07fce46b3adc19df91148ffb8.r2.dev/Linfala/senses/C/C.C155.mp3,Linfala/senses/C/C.C155.mp3,C.C155,C.C155.mp3
senses,322,https://pub-78d23bf07fce46b3adc19df91148ffb8.r2.dev/Linfala/senses/C/C.C156.mp3,Linfala/senses/C/C.C156.mp3,C.C156,C.C156.mp3
senses,323,https://pub-78d23bf07fce46b3adc19df91148ffb8.r2.dev/Linfala/senses/C/C.C157.mp3,Linfala/senses/C/C.C157.mp3,C.C157,C.C157.mp3
senses,324,https://pub-78d23bf07fce46b3adc19df91148ffb8.r2.dev/Linfala/senses/C/C.C158.mp3,Linfala/senses/C/C.C158.mp3,C.C158,C.C158.mp3
senses,325,https://pub-78d23bf07fce46b3adc19df91148ffb8.r2.dev/Linfala/senses/C/C.C159.mp3,Linfala/senses/C/C.C159.mp3,C.C159,C.C159.mp3
senses,158,https://pub-78d23bf07fce46b3adc19df91148ffb8.r2.dev/Linfala/senses/C/C.C16.mp3,Linfala/senses/C/C.C16.mp3,C.C16,C.C16.mp3
senses,327,https://pub-78d23bf07fce46b3adc19df91148ffb8.r2.dev/Linfala/senses/C/C.C160.mp3,Linfala/senses/C/C.C160.mp3,C.C160,C.C160.mp3
senses,328,https://pub-78d23bf07fce46b3adc19df91148ffb8.r2.dev/Linfala/senses/C/C.C161.mp3,Linfala/senses/C/C.C161.mp3,C.C161,C.C161.mp3
senses,329,https://pub-78d23bf07fce46b3adc19df91148ffb8.r2.dev/Linfala/senses/C/C.C162.mp3,Linfala/senses/C/C.C162.mp3,C.C162,C.C162.mp3
senses,330,https://pub-78d23bf07fce46b3adc19df91148ffb8.r2.dev/Linfala/senses/C/C.C163.mp3,Linfala/senses/C/C.C163.mp3,C.C163,C.C163.mp3
senses,331,https://pub-78d23bf07fce46b3adc19df91148ffb8.r2.dev/Linfala/senses/C/C.C164.mp3,Linfala/senses/C/C.C164.mp3,C.C164,C.C164.mp3
senses,332,https://pub-78d23bf07fce46b3adc19df91148ffb8.r2.dev/Linfala/senses/C/C.C165.mp3,Linfala/senses/C/C.C165.mp3,C.C165,C.C165.mp3
senses,333,https://pub-78d23bf07fce46b3adc19df91148ffb8.r2.dev/Linfala/senses/C/C.C166.mp3,Linfala/senses/C/C.C166.mp3,C.C166,C.C166.mp3
senses,334,https://pub-78d23bf07fce46b3adc19df91148ffb8.r2.dev/Linfala/senses/C/C.C167.mp3,Linfala/senses/C/C.C167.mp3,C.C167,C.C167.mp3
senses,335,https://pub-78d23bf07fce46b3adc19df91148ffb8.r2.dev/Linfala/senses/C/C.C168.mp3,Linfala/senses/C/C.C168.mp3,C.C168,C.C168.mp3
senses,336,https://pub-78d23bf07fce46b3adc19df91148ffb8.r2.dev/Linfala/senses/C/C.C169.mp3,Linfala/senses/C/C.C169.mp3,C.C169,C.C169.mp3
senses,159,https://pub-78d23bf07fce46b3adc19df91148ffb8.r2.dev/Linfala/senses/C/C.C17.mp3,Linfala/senses/C/C.C17.mp3,C.C17,C.C17.mp3
senses,337,https://pub-78d23bf07fce46b3adc19df91148ffb8.r2.dev/Linfala/senses/C/C.C170.mp3,Linfala/senses/C/C.C170.mp3,C.C170,C.C170.mp3
senses,338,https://pub-78d23bf07fce46b3adc19df91148ffb8.r2.dev/Linfala/senses/C/C.C171.mp3,Linfala/senses/C/C.C171.mp3,C.C171,C.C171.mp3
senses,339,https://pub-78d23bf07fce46b3adc19df91148ffb8.r2.dev/Linfala/senses/C/C.C172.mp3,Linfala/senses/C/C.C172.mp3,C.C172,C.C172.mp3
senses,340,https://pub-78d23bf07fce46b3adc19df91148ffb8.r2.dev/Linfala/senses/C/C.C173.mp3,Linfala/senses/C/C.C173.mp3,C.C173,C.C173.mp3
senses,341,https://pub-78d23bf07fce46b3adc19df91148ffb8.r2.dev/Linfala/senses/C/C.C174.mp3,Linfala/senses/C/C.C174.mp3,C.C174,C.C174.mp3
senses,342,https://pub-78d23bf07fce46b3adc19df91148ffb8.r2.dev/Linfala/senses/C/C.C175.mp3,Linfala/senses/C/C.C175.mp3,C.C175,C.C175.mp3
senses,343,https://pub-78d23bf07fce46b3adc19df91148ffb8.r2.dev/Linfala/senses/C/C.C176.mp3,Linfala/senses/C/C.C176.mp3,C.C176,C.C176.mp3
senses,344,https://pub-78d23bf07fce46b3adc19df91148ffb8.r2.dev/Linfala/senses/C/C.C177.mp3,Linfala/senses/C/C.C177.mp3,C.C177,C.C177.mp3
senses,345,https://pub-78d23bf07fce46b3adc19df91148ffb8.r2.dev/Linfala/senses/C/C.C178.mp3,Linfala/senses/C/C.C178.mp3,C.C178,C.C178.mp3
senses,346,https://pub-78d23bf07fce46b3adc19df91148ffb8.r2.dev/Linfala/senses/C/C.C179.mp3,Linfala/senses/C/C.C179.mp3,C.C179,C.C179.mp3
senses,160,https://pub-78d23bf07fce46b3adc19df91148ffb8.r2.dev/Linfala/senses/C/C.C18.mp3,Linfala/senses/C/C.C18.mp3,C.C18,C.C18.mp3
senses,347,https://pub-78d23bf07fce46b3adc19df91148ffb8.r2.dev/Linfala/senses/C/C.C180.mp3,Linfala/senses/C/C.C180.mp3,C.C180,C.C180.mp3
senses,348,https://pub-78d23bf07fce46b3adc19df91148ffb8.r2.dev/Linfala/senses/C/C.C181.mp3,Linfala/senses/C/C.C181.mp3,C.C181,C.C181.mp3
senses,349,https://pub-78d23bf07fce46b3adc19df91148ffb8.r2.dev/Linfala/senses/C/C.C182.mp3,Linfala/senses/C/C.C182.mp3,C.C182,C.C182.mp3
senses,350,https://pub-78d23bf07fce46b3adc19df91148ffb8.r2.dev/Linfala/senses/C/C.C183.mp3,Linfala/senses/C/C.C183.mp3,C.C183,C.C183.mp3
senses,352,https://pub-78d23bf07fce46b3adc19df91148ffb8.r2.dev/Linfala/senses/C/C.C184.mp3,Linfala/senses/C/C.C184.mp3,C.C184,C.C184.mp3
senses,353,https://pub-78d23bf07fce46b3adc19df91148ffb8.r2.dev/Linfala/senses/C/C.C185.mp3,Linfala/senses/C/C.C185.mp3,C.C185,C.C185.mp3
senses,354,https://pub-78d23bf07fce46b3adc19df91148ffb8.r2.dev/Linfala/senses/C/C.C186.mp3,Linfala/senses/C/C.C186.mp3,C.C186,C.C186.mp3
senses,355,https://pub-78d23bf07fce46b3adc19df91148ffb8.r2.dev/Linfala/senses/C/C.C187.mp3,Linfala/senses/C/C.C187.mp3,C.C187,C.C187.mp3
senses,356,https://pub-78d23bf07fce46b3adc19df91148ffb8.r2.dev/Linfala/senses/C/C.C188.mp3,Linfala/senses/C/C.C188.mp3,C.C188,C.C188.mp3
senses,357,https://pub-78d23bf07fce46b3adc19df91148ffb8.r2.dev/Linfala/senses/C/C.C189.mp3,Linfala/senses/C/C.C189.mp3,C.C189,C.C189.mp3
senses,161,https://pub-78d23bf07fce46b3adc19df91148ffb8.r2.dev/Linfala/senses/C/C.C19.mp3,Linfala/senses/C/C.C19.mp3,C.C19,C.C19.mp3
senses,358,https://pub-78d23bf07fce46b3adc19df91148ffb8.r2.dev/Linfala/senses/C/C.C190.mp3,Linfala/senses/C/C.C190.mp3,C.C190,C.C190.mp3
senses,359,https://pub-78d23bf07fce46b3adc19df91148ffb8.r2.dev/Linfala/senses/C/C.C191.mp3,Linfala/senses/C/C.C191.mp3,C.C191,C.C191.mp3
senses,361,https://pub-78d23bf07fce46b3adc19df91148ffb8.r2.dev/Linfala/senses/C/C.C192.mp3,Linfala/senses/C/C.C192.mp3,C.C192,C.C192.mp3
senses,362,https://pub-78d23bf07fce46b3adc19df91148ffb8.r2.dev/Linfala/senses/C/C.C193.mp3,Linfala/senses/C/C.C193.mp3,C.C193,C.C193.mp3
senses,363,https://pub-78d23bf07fce46b3adc19df91148ffb8.r2.dev/Linfala/senses/C/C.C194.mp3,Linfala/senses/C/C.C194.mp3,C.C194,C.C194.mp3
senses,364,https://pub-78d23bf07fce46b3adc19df91148ffb8.r2.dev/Linfala/senses/C/C.C195.mp3,Linfala/senses/C/C.C195.mp3,C.C195,C.C195.mp3
senses,366,https://pub-78d23bf07fce46b3adc19df91148ffb8.r2.dev/Linfala/senses/C/C.C196.mp3,Linfala/senses/C/C.C196.mp3,C.C196,C.C196.mp3
senses,367,https://pub-78d23bf07fce46b3adc19df91148ffb8.r2.dev/Linfala/senses/C/C.C197.mp3,Linfala/senses/C/C.C197.mp3,C.C197,C.C197.mp3
senses,368,https://pub-78d23bf07fce46b3adc19df91148ffb8.r2.dev/Linfala/senses/C/C.C198.mp3,Linfala/senses/C/C.C198.mp3,C.C198,C.C198.mp3
senses,369,https://pub-78d23bf07fce46b3adc19df91148ffb8.r2.dev/Linfala/senses/C/C.C199.mp3,Linfala/senses/C/C.C199.mp3,C.C199,C.C199.mp3
senses,162,https://pub-78d23bf07fce46b3adc19df91148ffb8.r2.dev/Linfala/senses/C/C.C20.mp3,Linfala/senses/C/C.C20.mp3,C.C20,C.C20.mp3
senses,371,https://pub-78d23bf07fce46b3adc19df91148ffb8.r2.dev/Linfala/senses/C/C.C200.mp3,Linfala/senses/C/C.C200.mp3,C.C200,C.C200.mp3
senses,372,https://pub-78d23bf07fce46b3adc19df91148ffb8.r2.dev/Linfala/senses/C/C.C201.mp3,Linfala/senses/C/C.C201.mp3,C.C201,C.C201.mp3
senses,373,https://pub-78d23bf07fce46b3adc19df91148ffb8.r2.dev/Linfala/senses/C/C.C202.mp3,Linfala/senses/C/C.C202.mp3,C.C202,C.C202.mp3
senses,374,https://pub-78d23bf07fce46b3adc19df91148ffb8.r2.dev/Linfala/senses/C/C.C203.mp3,Linfala/senses/C/C.C203.mp3,C.C203,C.C203.mp3
senses,375,https://pub-78d23bf07fce46b3adc19df91148ffb8.r2.dev/Linfala/senses/C/C.C204.mp3,Linfala/senses/C/C.C204.mp3,C.C204,C.C204.mp3
senses,377,https://pub-78d23bf07fce46b3adc19df91148ffb8.r2.dev/Linfala/senses/C/C.C205.mp3,Linfala/senses/C/C.C205.mp3,C.C205,C.C205.mp3
senses,378,https://pub-78d23bf07fce46b3adc19df91148ffb8.r2.dev/Linfala/senses/C/C.C206.mp3,Linfala/senses/C/C.C206.mp3,C.C206,C.C206.mp3
senses,379,https://pub-78d23bf07fce46b3adc19df91148ffb8.r2.dev/Linfala/senses/C/C.C207.mp3,Linfala/senses/C/C.C207.mp3,C.C207,C.C207.mp3
senses,380,https://pub-78d23bf07fce46b3adc19df91148ffb8.r2.dev/Linfala/senses/C/C.C208.mp3,Linfala/senses/C/C.C208.mp3,C.C208,C.C208.mp3
senses,382,https://pub-78d23bf07fce46b3adc19df91148ffb8.r2.dev/Linfala/senses/C/C.C209.mp3,Linfala/senses/C/C.C209.mp3,C.C209,C.C209.mp3
senses,163,https://pub-78d23bf07fce46b3adc19df91148ffb8.r2.dev/Linfala/senses/C/C.C21.mp3,Linfala/senses/C/C.C21.mp3,C.C21,C.C21.mp3
senses,383,https://pub-78d23bf07fce46b3adc19df91148ffb8.r2.dev/Linfala/senses/C/C.C210.mp3,Linfala/senses/C/C.C210.mp3,C.C210,C.C210.mp3
senses,384,https://pub-78d23bf07fce46b3adc19df91148ffb8.r2.dev/Linfala/senses/C/C.C211.mp3,Linfala/senses/C/C.C211.mp3,C.C211,C.C211.mp3
senses,385,https://pub-78d23bf07fce46b3adc19df91148ffb8.r2.dev/Linfala/senses/C/C.C212.mp3,Linfala/senses/C/C.C212.mp3,C.C212,C.C212.mp3
senses,386,https://pub-78d23bf07fce46b3adc19df91148ffb8.r2.dev/Linfala/senses/C/C.C213.mp3,Linfala/senses/C/C.C213.mp3,C.C213,C.C213.mp3
senses,387,https://pub-78d23bf07fce46b3adc19df91148ffb8.r2.dev/Linfala/senses/C/C.C214.mp3,Linfala/senses/C/C.C214.mp3,C.C214,C.C214.mp3
senses,389,https://pub-78d23bf07fce46b3adc19df91148ffb8.r2.dev/Linfala/senses/C/C.C215.mp3,Linfala/senses/C/C.C215.mp3,C.C215,C.C215.mp3
senses,390,https://pub-78d23bf07fce46b3adc19df91148ffb8.r2.dev/Linfala/senses/C/C.C216.mp3,Linfala/senses/C/C.C216.mp3,C.C216,C.C216.mp3
senses,391,https://pub-78d23bf07fce46b3adc19df91148ffb8.r2.dev/Linfala/senses/C/C.C217.mp3,Linfala/senses/C/C.C217.mp3,C.C217,C.C217.mp3
senses,392,https://pub-78d23bf07fce46b3adc19df91148ffb8.r2.dev/Linfala/senses/C/C.C218.mp3,Linfala/senses/C/C.C218.mp3,C.C218,C.C218.mp3
senses,393,https://pub-78d23bf07fce46b3adc19df91148ffb8.r2.dev/Linfala/senses/C/C.C219.mp3,Linfala/senses/C/C.C219.mp3,C.C219,C.C219.mp3
senses,164,https://pub-78d23bf07fce46b3adc19df91148ffb8.r2.dev/Linfala/senses/C/C.C22.mp3,Linfala/senses/C/C.C22.mp3,C.C22,C.C22.mp3
senses,394,https://pub-78d23bf07fce46b3adc19df91148ffb8.r2.dev/Linfala/senses/C/C.C220.mp3,Linfala/senses/C/C.C220.mp3,C.C220,C.C220.mp3
senses,395,https://pub-78d23bf07fce46b3adc19df91148ffb8.r2.dev/Linfala/senses/C/C.C221.mp3,Linfala/senses/C/C.C221.mp3,C.C221,C.C221.mp3
senses,396,https://pub-78d23bf07fce46b3adc19df91148ffb8.r2.dev/Linfala/senses/C/C.C222.mp3,Linfala/senses/C/C.C222.mp3,C.C222,C.C222.mp3
senses,397,https://pub-78d23bf07fce46b3adc19df91148ffb8.r2.dev/Linfala/senses/C/C.C223.mp3,Linfala/senses/C/C.C223.mp3,C.C223,C.C223.mp3
senses,398,https://pub-78d23bf07fce46b3adc19df91148ffb8.r2.dev/Linfala/senses/C/C.C224.mp3,Linfala/senses/C/C.C224.mp3,C.C224,C.C224.mp3
senses,399,https://pub-78d23bf07fce46b3adc19df91148ffb8.r2.dev/Linfala/senses/C/C.C225.mp3,Linfala/senses/C/C.C225.mp3,C.C225,C.C225.mp3
senses,400,https://pub-78d23bf07fce46b3adc19df91148ffb8.r2.dev/Linfala/senses/C/C.C226.mp3,Linfala/senses/C/C.C226.mp3,C.C226,C.C226.mp3
senses,401,https://pub-78d23bf07fce46b3adc19df91148ffb8.r2.dev/Linfala/senses/C/C.C227.mp3,Linfala/senses/C/C.C227.mp3,C.C227,C.C227.mp3
senses,402,https://pub-78d23bf07fce46b3adc19df91148ffb8.r2.dev/Linfala/senses/C/C.C228.mp3,Linfala/senses/C/C.C228.mp3,C.C228,C.C228.mp3
senses,403,https://pub-78d23bf07fce46b3adc19df91148ffb8.r2.dev/Linfala/senses/C/C.C229.mp3,Linfala/senses/C/C.C229.mp3,C.C229,C.C229.mp3
senses,165,https://pub-78d23bf07fce46b3adc19df91148ffb8.r2.dev/Linfala/senses/C/C.C23.mp3,Linfala/senses/C/C.C23.mp3,C.C23,C.C23.mp3
senses,404,https://pub-78d23bf07fce46b3adc19df91148ffb8.r2.dev/Linfala/senses/C/C.C230.mp3,Linfala/senses/C/C.C230.mp3,C.C230,C.C230.mp3
senses,405,https://pub-78d23bf07fce46b3adc19df91148ffb8.r2.dev/Linfala/senses/C/C.C231.mp3,Linfala/senses/C/C.C231.mp3,C.C231,C.C231.mp3
senses,406,https://pub-78d23bf07fce46b3adc19df91148ffb8.r2.dev/Linfala/senses/C/C.C232.mp3,Linfala/senses/C/C.C232.mp3,C.C232,C.C232.mp3
senses,408,https://pub-78d23bf07fce46b3adc19df91148ffb8.r2.dev/Linfala/senses/C/C.C233.mp3,Linfala/senses/C/C.C233.mp3,C.C233,C.C233.mp3
senses,409,https://pub-78d23bf07fce46b3adc19df91148ffb8.r2.dev/Linfala/senses/C/C.C234.mp3,Linfala/senses/C/C.C234.mp3,C.C234,C.C234.mp3
senses,410,https://pub-78d23bf07fce46b3adc19df91148ffb8.r2.dev/Linfala/senses/C/C.C235.mp3,Linfala/senses/C/C.C235.mp3,C.C235,C.C235.mp3
senses,411,https://pub-78d23bf07fce46b3adc19df91148ffb8.r2.dev/Linfala/senses/C/C.C236.mp3,Linfala/senses/C/C.C236.mp3,C.C236,C.C236.mp3
senses,412,https://pub-78d23bf07fce46b3adc19df91148ffb8.r2.dev/Linfala/senses/C/C.C237.mp3,Linfala/senses/C/C.C237.mp3,C.C237,C.C237.mp3
senses,414,https://pub-78d23bf07fce46b3adc19df91148ffb8.r2.dev/Linfala/senses/C/C.C238.mp3,Linfala/senses/C/C.C238.mp3,C.C238,C.C238.mp3
senses,415,https://pub-78d23bf07fce46b3adc19df91148ffb8.r2.dev/Linfala/senses/C/C.C239.mp3,Linfala/senses/C/C.C239.mp3,C.C239,C.C239.mp3
senses,166,https://pub-78d23bf07fce46b3adc19df91148ffb8.r2.dev/Linfala/senses/C/C.C24.mp3,Linfala/senses/C/C.C24.mp3,C.C24,C.C24.mp3
senses,416,https://pub-78d23bf07fce46b3adc19df91148ffb8.r2.dev/Linfala/senses/C/C.C240.mp3,Linfala/senses/C/C.C240.mp3,C.C240,C.C240.mp3
senses,417,https://pub-78d23bf07fce46b3adc19df91148ffb8.r2.dev/Linfala/senses/C/C.C241.mp3,Linfala/senses/C/C.C241.mp3,C.C241,C.C241.mp3
senses,418,https://pub-78d23bf07fce46b3adc19df91148ffb8.r2.dev/Linfala/senses/C/C.C242.mp3,Linfala/senses/C/C.C242.mp3,C.C242,C.C242.mp3
senses,420,https://pub-78d23bf07fce46b3adc19df91148ffb8.r2.dev/Linfala/senses/C/C.C243.mp3,Linfala/senses/C/C.C243.mp3,C.C243,C.C243.mp3
senses,421,https://pub-78d23bf07fce46b3adc19df91148ffb8.r2.dev/Linfala/senses/C/C.C244.mp3,Linfala/senses/C/C.C244.mp3,C.C244,C.C244.mp3
senses,422,https://pub-78d23bf07fce46b3adc19df91148ffb8.r2.dev/Linfala/senses/C/C.C245.mp3,Linfala/senses/C/C.C245.mp3,C.C245,C.C245.mp3
senses,423,https://pub-78d23bf07fce46b3adc19df91148ffb8.r2.dev/Linfala/senses/C/C.C246.mp3,Linfala/senses/C/C.C246.mp3,C.C246,C.C246.mp3
senses,424,https://pub-78d23bf07fce46b3adc19df91148ffb8.r2.dev/Linfala/senses/C/C.C247.mp3,Linfala/senses/C/C.C247.mp3,C.C247,C.C247.mp3
senses,425,https://pub-78d23bf07fce46b3adc19df91148ffb8.r2.dev/Linfala/senses/C/C.C248.mp3,Linfala/senses/C/C.C248.mp3,C.C248,C.C248.mp3
senses,426,https://pub-78d23bf07fce46b3adc19df91148ffb8.r2.dev/Linfala/senses/C/C.C249.mp3,Linfala/senses/C/C.C249.mp3,C.C249,C.C249.mp3
senses,167,https://pub-78d23bf07fce46b3adc19df91148ffb8.r2.dev/Linfala/senses/C/C.C25.mp3,Linfala/senses/C/C.C25.mp3,C.C25,C.C25.mp3
senses,427,https://pub-78d23bf07fce46b3adc19df91148ffb8.r2.dev/Linfala/senses/C/C.C250.mp3,Linfala/senses/C/C.C250.mp3,C.C250,C.C250.mp3
senses,428,https://pub-78d23bf07fce46b3adc19df91148ffb8.r2.dev/Linfala/senses/C/C.C251.mp3,Linfala/senses/C/C.C251.mp3,C.C251,C.C251.mp3
senses,429,https://pub-78d23bf07fce46b3adc19df91148ffb8.r2.dev/Linfala/senses/C/C.C252.mp3,Linfala/senses/C/C.C252.mp3,C.C252,C.C252.mp3
senses,430,https://pub-78d23bf07fce46b3adc19df91148ffb8.r2.dev/Linfala/senses/C/C.C253.mp3,Linfala/senses/C/C.C253.mp3,C.C253,C.C253.mp3
senses,431,https://pub-78d23bf07fce46b3adc19df91148ffb8.r2.dev/Linfala/senses/C/C.C254.mp3,Linfala/senses/C/C.C254.mp3,C.C254,C.C254.mp3
senses,432,https://pub-78d23bf07fce46b3adc19df91148ffb8.r2.dev/Linfala/senses/C/C.C255.mp3,Linfala/senses/C/C.C255.mp3,C.C255,C.C255.mp3
senses,433,https://pub-78d23bf07fce46b3adc19df91148ffb8.r2.dev/Linfala/senses/C/C.C256.mp3,Linfala/senses/C/C.C256.mp3,C.C256,C.C256.mp3
senses,435,https://pub-78d23bf07fce46b3adc19df91148ffb8.r2.dev/Linfala/senses/C/C.C258.mp3,Linfala/senses/C/C.C258.mp3,C.C258,C.C258.mp3
senses,436,https://pub-78d23bf07fce46b3adc19df91148ffb8.r2.dev/Linfala/senses/C/C.C259.mp3,Linfala/senses/C/C.C259.mp3,C.C259,C.C259.mp3
senses,168,https://pub-78d23bf07fce46b3adc19df91148ffb8.r2.dev/Linfala/senses/C/C.C26.mp3,Linfala/senses/C/C.C26.mp3,C.C26,C.C26.mp3
senses,437,https://pub-78d23bf07fce46b3adc19df91148ffb8.r2.dev/Linfala/senses/C/C.C260.mp3,Linfala/senses/C/C.C260.mp3,C.C260,C.C260.mp3
senses,169,https://pub-78d23bf07fce46b3adc19df91148ffb8.r2.dev/Linfala/senses/C/C.C27.mp3,Linfala/senses/C/C.C27.mp3,C.C27,C.C27.mp3
senses,170,https://pub-78d23bf07fce46b3adc19df91148ffb8.r2.dev/Linfala/senses/C/C.C28.mp3,Linfala/senses/C/C.C28.mp3,C.C28,C.C28.mp3
senses,171,https://pub-78d23bf07fce46b3adc19df91148ffb8.r2.dev/Linfala/senses/C/C.C29.mp3,Linfala/senses/C/C.C29.mp3,C.C29,C.C29.mp3
senses,141,https://pub-78d23bf07fce46b3adc19df91148ffb8.r2.dev/Linfala/senses/C/C.C3.mp3,Linfala/senses/C/C.C3.mp3,C.C3,C.C3.mp3
senses,173,https://pub-78d23bf07fce46b3adc19df91148ffb8.r2.dev/Linfala/senses/C/C.C30.mp3,Linfala/senses/C/C.C30.mp3,C.C30,C.C30.mp3
senses,174,https://pub-78d23bf07fce46b3adc19df91148ffb8.r2.dev/Linfala/senses/C/C.C31.mp3,Linfala/senses/C/C.C31.mp3,C.C31,C.C31.mp3
senses,175,https://pub-78d23bf07fce46b3adc19df91148ffb8.r2.dev/Linfala/senses/C/C.C32.mp3,Linfala/senses/C/C.C32.mp3,C.C32,C.C32.mp3
senses,176,https://pub-78d23bf07fce46b3adc19df91148ffb8.r2.dev/Linfala/senses/C/C.C33.mp3,Linfala/senses/C/C.C33.mp3,C.C33,C.C33.mp3
senses,177,https://pub-78d23bf07fce46b3adc19df91148ffb8.r2.dev/Linfala/senses/C/C.C34.mp3,Linfala/senses/C/C.C34.mp3,C.C34,C.C34.mp3
senses,179,https://pub-78d23bf07fce46b3adc19df91148ffb8.r2.dev/Linfala/senses/C/C.C35.mp3,Linfala/senses/C/C.C35.mp3,C.C35,C.C35.mp3
senses,181,https://pub-78d23bf07fce46b3adc19df91148ffb8.r2.dev/Linfala/senses/C/C.C36.mp3,Linfala/senses/C/C.C36.mp3,C.C36,C.C36.mp3
senses,182,https://pub-78d23bf07fce46b3adc19df91148ffb8.r2.dev/Linfala/senses/C/C.C37.mp3,Linfala/senses/C/C.C37.mp3,C.C37,C.C37.mp3
senses,184,https://pub-78d23bf07fce46b3adc19df91148ffb8.r2.dev/Linfala/senses/C/C.C38.mp3,Linfala/senses/C/C.C38.mp3,C.C38,C.C38.mp3
senses,185,https://pub-78d23bf07fce46b3adc19df91148ffb8.r2.dev/Linfala/senses/C/C.C39.mp3,Linfala/senses/C/C.C39.mp3,C.C39,C.C39.mp3
senses,143,https://pub-78d23bf07fce46b3adc19df91148ffb8.r2.dev/Linfala/senses/C/C.C4.mp3,Linfala/senses/C/C.C4.mp3,C.C4,C.C4.mp3
senses,186,https://pub-78d23bf07fce46b3adc19df91148ffb8.r2.dev/Linfala/senses/C/C.C40.mp3,Linfala/senses/C/C.C40.mp3,C.C40,C.C40.mp3
senses,187,https://pub-78d23bf07fce46b3adc19df91148ffb8.r2.dev/Linfala/senses/C/C.C41.mp3,Linfala/senses/C/C.C41.mp3,C.C41,C.C41.mp3
senses,188,https://pub-78d23bf07fce46b3adc19df91148ffb8.r2.dev/Linfala/senses/C/C.C42.mp3,Linfala/senses/C/C.C42.mp3,C.C42,C.C42.mp3
senses,190,https://pub-78d23bf07fce46b3adc19df91148ffb8.r2.dev/Linfala/senses/C/C.C43.mp3,Linfala/senses/C/C.C43.mp3,C.C43,C.C43.mp3
senses,191,https://pub-78d23bf07fce46b3adc19df91148ffb8.r2.dev/Linfala/senses/C/C.C44.mp3,Linfala/senses/C/C.C44.mp3,C.C44,C.C44.mp3
senses,192,https://pub-78d23bf07fce46b3adc19df91148ffb8.r2.dev/Linfala/senses/C/C.C45.mp3,Linfala/senses/C/C.C45.mp3,C.C45,C.C45.mp3
senses,194,https://pub-78d23bf07fce46b3adc19df91148ffb8.r2.dev/Linfala/senses/C/C.C46.mp3,Linfala/senses/C/C.C46.mp3,C.C46,C.C46.mp3
senses,195,https://pub-78d23bf07fce46b3adc19df91148ffb8.r2.dev/Linfala/senses/C/C.C47.mp3,Linfala/senses/C/C.C47.mp3,C.C47,C.C47.mp3
senses,196,https://pub-78d23bf07fce46b3adc19df91148ffb8.r2.dev/Linfala/senses/C/C.C48.mp3,Linfala/senses/C/C.C48.mp3,C.C48,C.C48.mp3
senses,197,https://pub-78d23bf07fce46b3adc19df91148ffb8.r2.dev/Linfala/senses/C/C.C49.mp3,Linfala/senses/C/C.C49.mp3,C.C49,C.C49.mp3
senses,144,https://pub-78d23bf07fce46b3adc19df91148ffb8.r2.dev/Linfala/senses/C/C.C5.mp3,Linfala/senses/C/C.C5.mp3,C.C5,C.C5.mp3
senses,200,https://pub-78d23bf07fce46b3adc19df91148ffb8.r2.dev/Linfala/senses/C/C.C50.mp3,Linfala/senses/C/C.C50.mp3,C.C50,C.C50.mp3
senses,201,https://pub-78d23bf07fce46b3adc19df91148ffb8.r2.dev/Linfala/senses/C/C.C51.mp3,Linfala/senses/C/C.C51.mp3,C.C51,C.C51.mp3
senses,202,https://pub-78d23bf07fce46b3adc19df91148ffb8.r2.dev/Linfala/senses/C/C.C52.mp3,Linfala/senses/C/C.C52.mp3,C.C52,C.C52.mp3
senses,204,https://pub-78d23bf07fce46b3adc19df91148ffb8.r2.dev/Linfala/senses/C/C.C53.mp3,Linfala/senses/C/C.C53.mp3,C.C53,C.C53.mp3
senses,205,https://pub-78d23bf07fce46b3adc19df91148ffb8.r2.dev/Linfala/senses/C/C.C54.mp3,Linfala/senses/C/C.C54.mp3,C.C54,C.C54.mp3
senses,207,https://pub-78d23bf07fce46b3adc19df91148ffb8.r2.dev/Linfala/senses/C/C.C55.mp3,Linfala/senses/C/C.C55.mp3,C.C55,C.C55.mp3
senses,208,https://pub-78d23bf07fce46b3adc19df91148ffb8.r2.dev/Linfala/senses/C/C.C56.mp3,Linfala/senses/C/C.C56.mp3,C.C56,C.C56.mp3
senses,209,https://pub-78d23bf07fce46b3adc19df91148ffb8.r2.dev/Linfala/senses/C/C.C57.mp3,Linfala/senses/C/C.C57.mp3,C.C57,C.C57.mp3
senses,210,https://pub-78d23bf07fce46b3adc19df91148ffb8.r2.dev/Linfala/senses/C/C.C58.mp3,Linfala/senses/C/C.C58.mp3,C.C58,C.C58.mp3
senses,211,https://pub-78d23bf07fce46b3adc19df91148ffb8.r2.dev/Linfala/senses/C/C.C59.mp3,Linfala/senses/C/C.C59.mp3,C.C59,C.C59.mp3
senses,146,https://pub-78d23bf07fce46b3adc19df91148ffb8.r2.dev/Linfala/senses/C/C.C6.mp3,Linfala/senses/C/C.C6.mp3,C.C6,C.C6.mp3
senses,212,https://pub-78d23bf07fce46b3adc19df91148ffb8.r2.dev/Linfala/senses/C/C.C60.mp3,Linfala/senses/C/C.C60.mp3,C.C60,C.C60.mp3
senses,213,https://pub-78d23bf07fce46b3adc19df91148ffb8.r2.dev/Linfala/senses/C/C.C61.mp3,Linfala/senses/C/C.C61.mp3,C.C61,C.C61.mp3
senses,215,https://pub-78d23bf07fce46b3adc19df91148ffb8.r2.dev/Linfala/senses/C/C.C62.mp3,Linfala/senses/C/C.C62.mp3,C.C62,C.C62.mp3
senses,216,https://pub-78d23bf07fce46b3adc19df91148ffb8.r2.dev/Linfala/senses/C/C.C63.mp3,Linfala/senses/C/C.C63.mp3,C.C63,C.C63.mp3
senses,218,https://pub-78d23bf07fce46b3adc19df91148ffb8.r2.dev/Linfala/senses/C/C.C64.mp3,Linfala/senses/C/C.C64.mp3,C.C64,C.C64.mp3
senses,219,https://pub-78d23bf07fce46b3adc19df91148ffb8.r2.dev/Linfala/senses/C/C.C65.mp3,Linfala/senses/C/C.C65.mp3,C.C65,C.C65.mp3
senses,220,https://pub-78d23bf07fce46b3adc19df91148ffb8.r2.dev/Linfala/senses/C/C.C66.mp3,Linfala/senses/C/C.C66.mp3,C.C66,C.C66.mp3
senses,221,https://pub-78d23bf07fce46b3adc19df91148ffb8.r2.dev/Linfala/senses/C/C.C67.mp3,Linfala/senses/C/C.C67.mp3,C.C67,C.C67.mp3
senses,222,https://pub-78d23bf07fce46b3adc19df91148ffb8.r2.dev/Linfala/senses/C/C.C68.mp3,Linfala/senses/C/C.C68.mp3,C.C68,C.C68.mp3
senses,223,https://pub-78d23bf07fce46b3adc19df91148ffb8.r2.dev/Linfala/senses/C/C.C69.mp3,Linfala/senses/C/C.C69.mp3,C.C69,C.C69.mp3
senses,147,https://pub-78d23bf07fce46b3adc19df91148ffb8.r2.dev/Linfala/senses/C/C.C7.mp3,Linfala/senses/C/C.C7.mp3,C.C7,C.C7.mp3
senses,225,https://pub-78d23bf07fce46b3adc19df91148ffb8.r2.dev/Linfala/senses/C/C.C70.mp3,Linfala/senses/C/C.C70.mp3,C.C70,C.C70.mp3
senses,226,https://pub-78d23bf07fce46b3adc19df91148ffb8.r2.dev/Linfala/senses/C/C.C71.mp3,Linfala/senses/C/C.C71.mp3,C.C71,C.C71.mp3
senses,227,https://pub-78d23bf07fce46b3adc19df91148ffb8.r2.dev/Linfala/senses/C/C.C72.mp3,Linfala/senses/C/C.C72.mp3,C.C72,C.C72.mp3
senses,228,https://pub-78d23bf07fce46b3adc19df91148ffb8.r2.dev/Linfala/senses/C/C.C73.mp3,Linfala/senses/C/C.C73.mp3,C.C73,C.C73.mp3
senses,229,https://pub-78d23bf07fce46b3adc19df91148ffb8.r2.dev/Linfala/senses/C/C.C74.mp3,Linfala/senses/C/C.C74.mp3,C.C74,C.C74.mp3
senses,230,https://pub-78d23bf07fce46b3adc19df91148ffb8.r2.dev/Linfala/senses/C/C.C75.mp3,Linfala/senses/C/C.C75.mp3,C.C75,C.C75.mp3
senses,231,https://pub-78d23bf07fce46b3adc19df91148ffb8.r2.dev/Linfala/senses/C/C.C76.mp3,Linfala/senses/C/C.C76.mp3,C.C76,C.C76.mp3
senses,232,https://pub-78d23bf07fce46b3adc19df91148ffb8.r2.dev/Linfala/senses/C/C.C77.mp3,Linfala/senses/C/C.C77.mp3,C.C77,C.C77.mp3
senses,233,https://pub-78d23bf07fce46b3adc19df91148ffb8.r2.dev/Linfala/senses/C/C.C78.mp3,Linfala/senses/C/C.C78.mp3,C.C78,C.C78.mp3
senses,234,https://pub-78d23bf07fce46b3adc19df91148ffb8.r2.dev/Linfala/senses/C/C.C79.mp3,Linfala/senses/C/C.C79.mp3,C.C79,C.C79.mp3
senses,148,https://pub-78d23bf07fce46b3adc19df91148ffb8.r2.dev/Linfala/senses/C/C.C8.mp3,Linfala/senses/C/C.C8.mp3,C.C8,C.C8.mp3
senses,235,https://pub-78d23bf07fce46b3adc19df91148ffb8.r2.dev/Linfala/senses/C/C.C80.mp3,Linfala/senses/C/C.C80.mp3,C.C80,C.C80.mp3
senses,236,https://pub-78d23bf07fce46b3adc19df91148ffb8.r2.dev/Linfala/senses/C/C.C81.mp3,Linfala/senses/C/C.C81.mp3,C.C81,C.C81.mp3
senses,237,https://pub-78d23bf07fce46b3adc19df91148ffb8.r2.dev/Linfala/senses/C/C.C82.mp3,Linfala/senses/C/C.C82.mp3,C.C82,C.C82.mp3
senses,239,https://pub-78d23bf07fce46b3adc19df91148ffb8.r2.dev/Linfala/senses/C/C.C83.mp3,Linfala/senses/C/C.C83.mp3,C.C83,C.C83.mp3
senses,240,https://pub-78d23bf07fce46b3adc19df91148ffb8.r2.dev/Linfala/senses/C/C.C84.mp3,Linfala/senses/C/C.C84.mp3,C.C84,C.C84.mp3
senses,241,https://pub-78d23bf07fce46b3adc19df91148ffb8.r2.dev/Linfala/senses/C/C.C85.mp3,Linfala/senses/C/C.C85.mp3,C.C85,C.C85.mp3
senses,242,https://pub-78d23bf07fce46b3adc19df91148ffb8.r2.dev/Linfala/senses/C/C.C86.mp3,Linfala/senses/C/C.C86.mp3,C.C86,C.C86.mp3
senses,243,https://pub-78d23bf07fce46b3adc19df91148ffb8.r2.dev/Linfala/senses/C/C.C87.mp3,Linfala/senses/C/C.C87.mp3,C.C87,C.C87.mp3
senses,244,https://pub-78d23bf07fce46b3adc19df91148ffb8.r2.dev/Linfala/senses/C/C.C88.mp3,Linfala/senses/C/C.C88.mp3,C.C88,C.C88.mp3
senses,245,https://pub-78d23bf07fce46b3adc19df91148ffb8.r2.dev/Linfala/senses/C/C.C89.mp3,Linfala/senses/C/C.C89.mp3,C.C89,C.C89.mp3
senses,150,https://pub-78d23bf07fce46b3adc19df91148ffb8.r2.dev/Linfala/senses/C/C.C9.mp3,Linfala/senses/C/C.C9.mp3,C.C9,C.C9.mp3
senses,246,https://pub-78d23bf07fce46b3adc19df91148ffb8.r2.dev/Linfala/senses/C/C.C90.mp3,Linfala/senses/C/C.C90.mp3,C.C90,C.C90.mp3
senses,247,https://pub-78d23bf07fce46b3adc19df91148ffb8.r2.dev/Linfala/senses/C/C.C91.mp3,Linfala/senses/C/C.C91.mp3,C.C91,C.C91.mp3
senses,248,https://pub-78d23bf07fce46b3adc19df91148ffb8.r2.dev/Linfala/senses/C/C.C92.mp3,Linfala/senses/C/C.C92.mp3,C.C92,C.C92.mp3
senses,249,https://pub-78d23bf07fce46b3adc19df91148ffb8.r2.dev/Linfala/senses/C/C.C93.mp3,Linfala/senses/C/C.C93.mp3,C.C93,C.C93.mp3
senses,250,https://pub-78d23bf07fce46b3adc19df91148ffb8.r2.dev/Linfala/senses/C/C.C94.mp3,Linfala/senses/C/C.C94.mp3,C.C94,C.C94.mp3
senses,251,https://pub-78d23bf07fce46b3adc19df91148ffb8.r2.dev/Linfala/senses/C/C.C95.mp3,Linfala/senses/C/C.C95.mp3,C.C95,C.C95.mp3
senses,252,https://pub-78d23bf07fce46b3adc19df91148ffb8.r2.dev/Linfala/senses/C/C.C96.mp3,Linfala/senses/C/C.C96.mp3,C.C96,C.C96.mp3
senses,253,https://pub-78d23bf07fce46b3adc19df91148ffb8.r2.dev/Linfala/senses/C/C.C97.mp3,Linfala/senses/C/C.C97.mp3,C.C97,C.C97.mp3
senses,255,https://pub-78d23bf07fce46b3adc19df91148ffb8.r2.dev/Linfala/senses/C/C.C98.mp3,Linfala/senses/C/C.C98.mp3,C.C98,C.C98.mp3
senses,256,https://pub-78d23bf07fce46b3adc19df91148ffb8.r2.dev/Linfala/senses/C/C.C99.mp3,Linfala/senses/C/C.C99.mp3,C.C99,C.C99.mp3
examples,151,https://pub-78d23bf07fce46b3adc19df91148ffb8.r2.dev/Linfala/examples/C/C.D10.mp3,Linfala/examples/C/C.D10.mp3,C.D10,C.D10.mp3
examples,257,https://pub-78d23bf07fce46b3adc19df91148ffb8.r2.dev/Linfala/examples/C/C.D100.mp3,Linfala/examples/C/C.D100.mp3,C.D100,C.D100.mp3
examples,258,https://pub-78d23bf07fce46b3adc19df91148ffb8.r2.dev/Linfala/examples/C/C.D101.mp3,Linfala/examples/C/C.D101.mp3,C.D101,C.D101.mp3
examples,259,https://pub-78d23bf07fce46b3adc19df91148ffb8.r2.dev/Linfala/examples/C/C.D102.mp3,Linfala/examples/C/C.D102.mp3,C.D102,C.D102.mp3
examples,260,https://pub-78d23bf07fce46b3adc19df91148ffb8.r2.dev/Linfala/examples/C/C.D103.mp3,Linfala/examples/C/C.D103.mp3,C.D103,C.D103.mp3
examples,261,https://pub-78d23bf07fce46b3adc19df91148ffb8.r2.dev/Linfala/examples/C/C.D104.mp3,Linfala/examples/C/C.D104.mp3,C.D104,C.D104.mp3
examples,262,https://pub-78d23bf07fce46b3adc19df91148ffb8.r2.dev/Linfala/examples/C/C.D105.mp3,Linfala/examples/C/C.D105.mp3,C.D105,C.D105.mp3
examples,263,https://pub-78d23bf07fce46b3adc19df91148ffb8.r2.dev/Linfala/examples/C/C.D106.mp3,Linfala/examples/C/C.D106.mp3,C.D106,C.D106.mp3
examples,264,https://pub-78d23bf07fce46b3adc19df91148ffb8.r2.dev/Linfala/examples/C/C.D107.mp3,Linfala/examples/C/C.D107.mp3,C.D107,C.D107.mp3
examples,265,https://pub-78d23bf07fce46b3adc19df91148ffb8.r2.dev/Linfala/examples/C/C.D108.mp3,Linfala/examples/C/C.D108.mp3,C.D108,C.D108.mp3
examples,267,https://pub-78d23bf07fce46b3adc19df91148ffb8.r2.dev/Linfala/examples/C/C.D109.mp3,Linfala/examples/C/C.D109.mp3,C.D109,C.D109.mp3
examples,152,https://pub-78d23bf07fce46b3adc19df91148ffb8.r2.dev/Linfala/examples/C/C.D11.mp3,Linfala/examples/C/C.D11.mp3,C.D11,C.D11.mp3
examples,268,https://pub-78d23bf07fce46b3adc19df91148ffb8.r2.dev/Linfala/examples/C/C.D110.mp3,Linfala/examples/C/C.D110.mp3,C.D110,C.D110.mp3
examples,269,https://pub-78d23bf07fce46b3adc19df91148ffb8.r2.dev/Linfala/examples/C/C.D111.mp3,Linfala/examples/C/C.D111.mp3,C.D111,C.D111.mp3
examples,270,https://pub-78d23bf07fce46b3adc19df91148ffb8.r2.dev/Linfala/examples/C/C.D112.mp3,Linfala/examples/C/C.D112.mp3,C.D112,C.D112.mp3
examples,273,https://pub-78d23bf07fce46b3adc19df91148ffb8.r2.dev/Linfala/examples/C/C.D113.mp3,Linfala/examples/C/C.D113.mp3,C.D113,C.D113.mp3
examples,274,https://pub-78d23bf07fce46b3adc19df91148ffb8.r2.dev/Linfala/examples/C/C.D114.mp3,Linfala/examples/C/C.D114.mp3,C.D114,C.D114.mp3
examples,276,https://pub-78d23bf07fce46b3adc19df91148ffb8.r2.dev/Linfala/examples/C/C.D115.mp3,Linfala/examples/C/C.D115.mp3,C.D115,C.D115.mp3
examples,277,https://pub-78d23bf07fce46b3adc19df91148ffb8.r2.dev/Linfala/examples/C/C.D116.mp3,Linfala/examples/C/C.D116.mp3,C.D116,C.D116.mp3
examples,278,https://pub-78d23bf07fce46b3adc19df91148ffb8.r2.dev/Linfala/examples/C/C.D117.mp3,Linfala/examples/C/C.D117.mp3,C.D117,C.D117.mp3
examples,279,https://pub-78d23bf07fce46b3adc19df91148ffb8.r2.dev/Linfala/examples/C/C.D118.mp3,Linfala/examples/C/C.D118.mp3,C.D118,C.D118.mp3
examples,280,https://pub-78d23bf07fce46b3adc19df91148ffb8.r2.dev/Linfala/examples/C/C.D119.mp3,Linfala/examples/C/C.D119.mp3,C.D119,C.D119.mp3
examples,153,https://pub-78d23bf07fce46b3adc19df91148ffb8.r2.dev/Linfala/examples/C/C.D12.mp3,Linfala/examples/C/C.D12.mp3,C.D12,C.D12.mp3
examples,281,https://pub-78d23bf07fce46b3adc19df91148ffb8.r2.dev/Linfala/examples/C/C.D120.mp3,Linfala/examples/C/C.D120.mp3,C.D120,C.D120.mp3
examples,282,https://pub-78d23bf07fce46b3adc19df91148ffb8.r2.dev/Linfala/examples/C/C.D121.mp3,Linfala/examples/C/C.D121.mp3,C.D121,C.D121.mp3
examples,283,https://pub-78d23bf07fce46b3adc19df91148ffb8.r2.dev/Linfala/examples/C/C.D122.mp3,Linfala/examples/C/C.D122.mp3,C.D122,C.D122.mp3
examples,284,https://pub-78d23bf07fce46b3adc19df91148ffb8.r2.dev/Linfala/examples/C/C.D123.mp3,Linfala/examples/C/C.D123.mp3,C.D123,C.D123.mp3
examples,285,https://pub-78d23bf07fce46b3adc19df91148ffb8.r2.dev/Linfala/examples/C/C.D124.mp3,Linfala/examples/C/C.D124.mp3,C.D124,C.D124.mp3
examples,287,https://pub-78d23bf07fce46b3adc19df91148ffb8.r2.dev/Linfala/examples/C/C.D125.mp3,Linfala/examples/C/C.D125.mp3,C.D125,C.D125.mp3
examples,288,https://pub-78d23bf07fce46b3adc19df91148ffb8.r2.dev/Linfala/examples/C/C.D126.mp3,Linfala/examples/C/C.D126.mp3,C.D126,C.D126.mp3
examples,289,https://pub-78d23bf07fce46b3adc19df91148ffb8.r2.dev/Linfala/examples/C/C.D127.mp3,Linfala/examples/C/C.D127.mp3,C.D127,C.D127.mp3
examples,290,https://pub-78d23bf07fce46b3adc19df91148ffb8.r2.dev/Linfala/examples/C/C.D128.mp3,Linfala/examples/C/C.D128.mp3,C.D128,C.D128.mp3
examples,291,https://pub-78d23bf07fce46b3adc19df91148ffb8.r2.dev/Linfala/examples/C/C.D129.mp3,Linfala/examples/C/C.D129.mp3,C.D129,C.D129.mp3
examples,154,https://pub-78d23bf07fce46b3adc19df91148ffb8.r2.dev/Linfala/examples/C/C.D13.mp3,Linfala/examples/C/C.D13.mp3,C.D13,C.D13.mp3
examples,292,https://pub-78d23bf07fce46b3adc19df91148ffb8.r2.dev/Linfala/examples/C/C.D130.mp3,Linfala/examples/C/C.D130.mp3,C.D130,C.D130.mp3
examples,293,https://pub-78d23bf07fce46b3adc19df91148ffb8.r2.dev/Linfala/examples/C/C.D131.mp3,Linfala/examples/C/C.D131.mp3,C.D131,C.D131.mp3
examples,294,https://pub-78d23bf07fce46b3adc19df91148ffb8.r2.dev/Linfala/examples/C/C.D132.mp3,Linfala/examples/C/C.D132.mp3,C.D132,C.D132.mp3
examples,295,https://pub-78d23bf07fce46b3adc19df91148ffb8.r2.dev/Linfala/examples/C/C.D133.mp3,Linfala/examples/C/C.D133.mp3,C.D133,C.D133.mp3
examples,296,https://pub-78d23bf07fce46b3adc19df91148ffb8.r2.dev/Linfala/examples/C/C.D134.mp3,Linfala/examples/C/C.D134.mp3,C.D134,C.D134.mp3
examples,297,https://pub-78d23bf07fce46b3adc19df91148ffb8.r2.dev/Linfala/examples/C/C.D135.mp3,Linfala/examples/C/C.D135.mp3,C.D135,C.D135.mp3
examples,299,https://pub-78d23bf07fce46b3adc19df91148ffb8.r2.dev/Linfala/examples/C/C.D136.mp3,Linfala/examples/C/C.D136.mp3,C.D136,C.D136.mp3
examples,300,https://pub-78d23bf07fce46b3adc19df91148ffb8.r2.dev/Linfala/examples/C/C.D137.mp3,Linfala/examples/C/C.D137.mp3,C.D137,C.D137.mp3
examples,301,https://pub-78d23bf07fce46b3adc19df91148ffb8.r2.dev/Linfala/examples/C/C.D138.mp3,Linfala/examples/C/C.D138.mp3,C.D138,C.D138.mp3
examples,303,https://pub-78d23bf07fce46b3adc19df91148ffb8.r2.dev/Linfala/examples/C/C.D139.mp3,Linfala/examples/C/C.D139.mp3,C.D139,C.D139.mp3
examples,155,https://pub-78d23bf07fce46b3adc19df91148ffb8.r2.dev/Linfala/examples/C/C.D14.mp3,Linfala/examples/C/C.D14.mp3,C.D14,C.D14.mp3
examples,304,https://pub-78d23bf07fce46b3adc19df91148ffb8.r2.dev/Linfala/examples/C/C.D140.mp3,Linfala/examples/C/C.D140.mp3,C.D140,C.D140.mp3
examples,305,https://pub-78d23bf07fce46b3adc19df91148ffb8.r2.dev/Linfala/examples/C/C.D141.mp3,Linfala/examples/C/C.D141.mp3,C.D141,C.D141.mp3
examples,306,https://pub-78d23bf07fce46b3adc19df91148ffb8.r2.dev/Linfala/examples/C/C.D142.mp3,Linfala/examples/C/C.D142.mp3,C.D142,C.D142.mp3
examples,308,https://pub-78d23bf07fce46b3adc19df91148ffb8.r2.dev/Linfala/examples/C/C.D143.mp3,Linfala/examples/C/C.D143.mp3,C.D143,C.D143.mp3
examples,309,https://pub-78d23bf07fce46b3adc19df91148ffb8.r2.dev/Linfala/examples/C/C.D144.mp3,Linfala/examples/C/C.D144.mp3,C.D144,C.D144.mp3
examples,310,https://pub-78d23bf07fce46b3adc19df91148ffb8.r2.dev/Linfala/examples/C/C.D145.mp3,Linfala/examples/C/C.D145.mp3,C.D145,C.D145.mp3
examples,311,https://pub-78d23bf07fce46b3adc19df91148ffb8.r2.dev/Linfala/examples/C/C.D146.mp3,Linfala/examples/C/C.D146.mp3,C.D146,C.D146.mp3
examples,312,https://pub-78d23bf07fce46b3adc19df91148ffb8.r2.dev/Linfala/examples/C/C.D147.mp3,Linfala/examples/C/C.D147.mp3,C.D147,C.D147.mp3
examples,313,https://pub-78d23bf07fce46b3adc19df91148ffb8.r2.dev/Linfala/examples/C/C.D148.mp3,Linfala/examples/C/C.D148.mp3,C.D148,C.D148.mp3
examples,315,https://pub-78d23bf07fce46b3adc19df91148ffb8.r2.dev/Linfala/examples/C/C.D149.mp3,Linfala/examples/C/C.D149.mp3,C.D149,C.D149.mp3
examples,156,https://pub-78d23bf07fce46b3adc19df91148ffb8.r2.dev/Linfala/examples/C/C.D15.mp3,Linfala/examples/C/C.D15.mp3,C.D15,C.D15.mp3
examples,316,https://pub-78d23bf07fce46b3adc19df91148ffb8.r2.dev/Linfala/examples/C/C.D150.mp3,Linfala/examples/C/C.D150.mp3,C.D150,C.D150.mp3
examples,317,https://pub-78d23bf07fce46b3adc19df91148ffb8.r2.dev/Linfala/examples/C/C.D151.mp3,Linfala/examples/C/C.D151.mp3,C.D151,C.D151.mp3
examples,318,https://pub-78d23bf07fce46b3adc19df91148ffb8.r2.dev/Linfala/examples/C/C.D152.mp3,Linfala/examples/C/C.D152.mp3,C.D152,C.D152.mp3
examples,319,https://pub-78d23bf07fce46b3adc19df91148ffb8.r2.dev/Linfala/examples/C/C.D153.mp3,Linfala/examples/C/C.D153.mp3,C.D153,C.D153.mp3
examples,320,https://pub-78d23bf07fce46b3adc19df91148ffb8.r2.dev/Linfala/examples/C/C.D154.mp3,Linfala/examples/C/C.D154.mp3,C.D154,C.D154.mp3
examples,321,https://pub-78d23bf07fce46b3adc19df91148ffb8.r2.dev/Linfala/examples/C/C.D155.mp3,Linfala/examples/C/C.D155.mp3,C.D155,C.D155.mp3
examples,322,https://pub-78d23bf07fce46b3adc19df91148ffb8.r2.dev/Linfala/examples/C/C.D156.mp3,Linfala/examples/C/C.D156.mp3,C.D156,C.D156.mp3
examples,323,https://pub-78d23bf07fce46b3adc19df91148ffb8.r2.dev/Linfala/examples/C/C.D157.mp3,Linfala/examples/C/C.D157.mp3,C.D157,C.D157.mp3
examples,324,https://pub-78d23bf07fce46b3adc19df91148ffb8.r2.dev/Linfala/examples/C/C.D158.mp3,Linfala/examples/C/C.D158.mp3,C.D158,C.D158.mp3
examples,325,https://pub-78d23bf07fce46b3adc19df91148ffb8.r2.dev/Linfala/examples/C/C.D159.mp3,Linfala/examples/C/C.D159.mp3,C.D159,C.D159.mp3
examples,158,https://pub-78d23bf07fce46b3adc19df91148ffb8.r2.dev/Linfala/examples/C/C.D16.mp3,Linfala/examples/C/C.D16.mp3,C.D16,C.D16.mp3
examples,327,https://pub-78d23bf07fce46b3adc19df91148ffb8.r2.dev/Linfala/examples/C/C.D160.mp3,Linfala/examples/C/C.D160.mp3,C.D160,C.D160.mp3
examples,328,https://pub-78d23bf07fce46b3adc19df91148ffb8.r2.dev/Linfala/examples/C/C.D161.mp3,Linfala/examples/C/C.D161.mp3,C.D161,C.D161.mp3
examples,329,https://pub-78d23bf07fce46b3adc19df91148ffb8.r2.dev/Linfala/examples/C/C.D162.mp3,Linfala/examples/C/C.D162.mp3,C.D162,C.D162.mp3
examples,330,https://pub-78d23bf07fce46b3adc19df91148ffb8.r2.dev/Linfala/examples/C/C.D163.mp3,Linfala/examples/C/C.D163.mp3,C.D163,C.D163.mp3
examples,331,https://pub-78d23bf07fce46b3adc19df91148ffb8.r2.dev/Linfala/examples/C/C.D164.mp3,Linfala/examples/C/C.D164.mp3,C.D164,C.D164.mp3
examples,332,https://pub-78d23bf07fce46b3adc19df91148ffb8.r2.dev/Linfala/examples/C/C.D165.mp3,Linfala/examples/C/C.D165.mp3,C.D165,C.D165.mp3
examples,333,https://pub-78d23bf07fce46b3adc19df91148ffb8.r2.dev/Linfala/examples/C/C.D166.mp3,Linfala/examples/C/C.D166.mp3,C.D166,C.D166.mp3
examples,334,https://pub-78d23bf07fce46b3adc19df91148ffb8.r2.dev/Linfala/examples/C/C.D167.mp3,Linfala/examples/C/C.D167.mp3,C.D167,C.D167.mp3
examples,335,https://pub-78d23bf07fce46b3adc19df91148ffb8.r2.dev/Linfala/examples/C/C.D168.mp3,Linfala/examples/C/C.D168.mp3,C.D168,C.D168.mp3
examples,336,https://pub-78d23bf07fce46b3adc19df91148ffb8.r2.dev/Linfala/examples/C/C.D169.mp3,Linfala/examples/C/C.D169.mp3,C.D169,C.D169.mp3
examples,159,https://pub-78d23bf07fce46b3adc19df91148ffb8.r2.dev/Linfala/examples/C/C.D17.mp3,Linfala/examples/C/C.D17.mp3,C.D17,C.D17.mp3
examples,337,https://pub-78d23bf07fce46b3adc19df91148ffb8.r2.dev/Linfala/examples/C/C.D170.mp3,Linfala/examples/C/C.D170.mp3,C.D170,C.D170.mp3
examples,338,https://pub-78d23bf07fce46b3adc19df91148ffb8.r2.dev/Linfala/examples/C/C.D171.mp3,Linfala/examples/C/C.D171.mp3,C.D171,C.D171.mp3
examples,339,https://pub-78d23bf07fce46b3adc19df91148ffb8.r2.dev/Linfala/examples/C/C.D172.mp3,Linfala/examples/C/C.D172.mp3,C.D172,C.D172.mp3
examples,340,https://pub-78d23bf07fce46b3adc19df91148ffb8.r2.dev/Linfala/examples/C/C.D173.mp3,Linfala/examples/C/C.D173.mp3,C.D173,C.D173.mp3
examples,341,https://pub-78d23bf07fce46b3adc19df91148ffb8.r2.dev/Linfala/examples/C/C.D174.mp3,Linfala/examples/C/C.D174.mp3,C.D174,C.D174.mp3
examples,342,https://pub-78d23bf07fce46b3adc19df91148ffb8.r2.dev/Linfala/examples/C/C.D175.mp3,Linfala/examples/C/C.D175.mp3,C.D175,C.D175.mp3
examples,343,https://pub-78d23bf07fce46b3adc19df91148ffb8.r2.dev/Linfala/examples/C/C.D176.mp3,Linfala/examples/C/C.D176.mp3,C.D176,C.D176.mp3
examples,344,https://pub-78d23bf07fce46b3adc19df91148ffb8.r2.dev/Linfala/examples/C/C.D177.mp3,Linfala/examples/C/C.D177.mp3,C.D177,C.D177.mp3
examples,345,https://pub-78d23bf07fce46b3adc19df91148ffb8.r2.dev/Linfala/examples/C/C.D178.mp3,Linfala/examples/C/C.D178.mp3,C.D178,C.D178.mp3
examples,346,https://pub-78d23bf07fce46b3adc19df91148ffb8.r2.dev/Linfala/examples/C/C.D179.mp3,Linfala/examples/C/C.D179.mp3,C.D179,C.D179.mp3
examples,160,https://pub-78d23bf07fce46b3adc19df91148ffb8.r2.dev/Linfala/examples/C/C.D18.mp3,Linfala/examples/C/C.D18.mp3,C.D18,C.D18.mp3
examples,347,https://pub-78d23bf07fce46b3adc19df91148ffb8.r2.dev/Linfala/examples/C/C.D180.mp3,Linfala/examples/C/C.D180.mp3,C.D180,C.D180.mp3
examples,348,https://pub-78d23bf07fce46b3adc19df91148ffb8.r2.dev/Linfala/examples/C/C.D181.mp3,Linfala/examples/C/C.D181.mp3,C.D181,C.D181.mp3
examples,349,https://pub-78d23bf07fce46b3adc19df91148ffb8.r2.dev/Linfala/examples/C/C.D182.mp3,Linfala/examples/C/C.D182.mp3,C.D182,C.D182.mp3
examples,350,https://pub-78d23bf07fce46b3adc19df91148ffb8.r2.dev/Linfala/examples/C/C.D183.mp3,Linfala/examples/C/C.D183.mp3,C.D183,C.D183.mp3
examples,352,https://pub-78d23bf07fce46b3adc19df91148ffb8.r2.dev/Linfala/examples/C/C.D184.mp3,Linfala/examples/C/C.D184.mp3,C.D184,C.D184.mp3
examples,353,https://pub-78d23bf07fce46b3adc19df91148ffb8.r2.dev/Linfala/examples/C/C.D185.mp3,Linfala/examples/C/C.D185.mp3,C.D185,C.D185.mp3
examples,354,https://pub-78d23bf07fce46b3adc19df91148ffb8.r2.dev/Linfala/examples/C/C.D186.mp3,Linfala/examples/C/C.D186.mp3,C.D186,C.D186.mp3
examples,355,https://pub-78d23bf07fce46b3adc19df91148ffb8.r2.dev/Linfala/examples/C/C.D187.mp3,Linfala/examples/C/C.D187.mp3,C.D187,C.D187.mp3
examples,356,https://pub-78d23bf07fce46b3adc19df91148ffb8.r2.dev/Linfala/examples/C/C.D188.mp3,Linfala/examples/C/C.D188.mp3,C.D188,C.D188.mp3
examples,357,https://pub-78d23bf07fce46b3adc19df91148ffb8.r2.dev/Linfala/examples/C/C.D189.mp3,Linfala/examples/C/C.D189.mp3,C.D189,C.D189.mp3
examples,161,https://pub-78d23bf07fce46b3adc19df91148ffb8.r2.dev/Linfala/examples/C/C.D19.mp3,Linfala/examples/C/C.D19.mp3,C.D19,C.D19.mp3
examples,358,https://pub-78d23bf07fce46b3adc19df91148ffb8.r2.dev/Linfala/examples/C/C.D190.mp3,Linfala/examples/C/C.D190.mp3,C.D190,C.D190.mp3
examples,359,https://pub-78d23bf07fce46b3adc19df91148ffb8.r2.dev/Linfala/examples/C/C.D191.mp3,Linfala/examples/C/C.D191.mp3,C.D191,C.D191.mp3
examples,361,https://pub-78d23bf07fce46b3adc19df91148ffb8.r2.dev/Linfala/examples/C/C.D192.mp3,Linfala/examples/C/C.D192.mp3,C.D192,C.D192.mp3
examples,362,https://pub-78d23bf07fce46b3adc19df91148ffb8.r2.dev/Linfala/examples/C/C.D193.mp3,Linfala/examples/C/C.D193.mp3,C.D193,C.D193.mp3
examples,363,https://pub-78d23bf07fce46b3adc19df91148ffb8.r2.dev/Linfala/examples/C/C.D194.mp3,Linfala/examples/C/C.D194.mp3,C.D194,C.D194.mp3
examples,364,https://pub-78d23bf07fce46b3adc19df91148ffb8.r2.dev/Linfala/examples/C/C.D195.mp3,Linfala/examples/C/C.D195.mp3,C.D195,C.D195.mp3
examples,366,https://pub-78d23bf07fce46b3adc19df91148ffb8.r2.dev/Linfala/examples/C/C.D196.mp3,Linfala/examples/C/C.D196.mp3,C.D196,C.D196.mp3
examples,367,https://pub-78d23bf07fce46b3adc19df91148ffb8.r2.dev/Linfala/examples/C/C.D197.mp3,Linfala/examples/C/C.D197.mp3,C.D197,C.D197.mp3
examples,368,https://pub-78d23bf07fce46b3adc19df91148ffb8.r2.dev/Linfala/examples/C/C.D198.mp3,Linfala/examples/C/C.D198.mp3,C.D198,C.D198.mp3
examples,369,https://pub-78d23bf07fce46b3adc19df91148ffb8.r2.dev/Linfala/examples/C/C.D199.mp3,Linfala/examples/C/C.D199.mp3,C.D199,C.D199.mp3
examples,162,https://pub-78d23bf07fce46b3adc19df91148ffb8.r2.dev/Linfala/examples/C/C.D20.mp3,Linfala/examples/C/C.D20.mp3,C.D20,C.D20.mp3
examples,371,https://pub-78d23bf07fce46b3adc19df91148ffb8.r2.dev/Linfala/examples/C/C.D200.mp3,Linfala/examples/C/C.D200.mp3,C.D200,C.D200.mp3
examples,372,https://pub-78d23bf07fce46b3adc19df91148ffb8.r2.dev/Linfala/examples/C/C.D201.mp3,Linfala/examples/C/C.D201.mp3,C.D201,C.D201.mp3
examples,373,https://pub-78d23bf07fce46b3adc19df91148ffb8.r2.dev/Linfala/examples/C/C.D202.mp3,Linfala/examples/C/C.D202.mp3,C.D202,C.D202.mp3
examples,374,https://pub-78d23bf07fce46b3adc19df91148ffb8.r2.dev/Linfala/examples/C/C.D203.mp3,Linfala/examples/C/C.D203.mp3,C.D203,C.D203.mp3
examples,375,https://pub-78d23bf07fce46b3adc19df91148ffb8.r2.dev/Linfala/examples/C/C.D204.mp3,Linfala/examples/C/C.D204.mp3,C.D204,C.D204.mp3
examples,378,https://pub-78d23bf07fce46b3adc19df91148ffb8.r2.dev/Linfala/examples/C/C.D206.mp3,Linfala/examples/C/C.D206.mp3,C.D206,C.D206.mp3
examples,379,https://pub-78d23bf07fce46b3adc19df91148ffb8.r2.dev/Linfala/examples/C/C.D207.mp3,Linfala/examples/C/C.D207.mp3,C.D207,C.D207.mp3
examples,380,https://pub-78d23bf07fce46b3adc19df91148ffb8.r2.dev/Linfala/examples/C/C.D208.mp3,Linfala/examples/C/C.D208.mp3,C.D208,C.D208.mp3
examples,382,https://pub-78d23bf07fce46b3adc19df91148ffb8.r2.dev/Linfala/examples/C/C.D209.mp3,Linfala/examples/C/C.D209.mp3,C.D209,C.D209.mp3
examples,163,https://pub-78d23bf07fce46b3adc19df91148ffb8.r2.dev/Linfala/examples/C/C.D21.mp3,Linfala/examples/C/C.D21.mp3,C.D21,C.D21.mp3
examples,383,https://pub-78d23bf07fce46b3adc19df91148ffb8.r2.dev/Linfala/examples/C/C.D210.mp3,Linfala/examples/C/C.D210.mp3,C.D210,C.D210.mp3
examples,384,https://pub-78d23bf07fce46b3adc19df91148ffb8.r2.dev/Linfala/examples/C/C.D211.mp3,Linfala/examples/C/C.D211.mp3,C.D211,C.D211.mp3
examples,385,https://pub-78d23bf07fce46b3adc19df91148ffb8.r2.dev/Linfala/examples/C/C.D212.mp3,Linfala/examples/C/C.D212.mp3,C.D212,C.D212.mp3
examples,386,https://pub-78d23bf07fce46b3adc19df91148ffb8.r2.dev/Linfala/examples/C/C.D213.mp3,Linfala/examples/C/C.D213.mp3,C.D213,C.D213.mp3
examples,387,https://pub-78d23bf07fce46b3adc19df91148ffb8.r2.dev/Linfala/examples/C/C.D214.mp3,Linfala/examples/C/C.D214.mp3,C.D214,C.D214.mp3
examples,389,https://pub-78d23bf07fce46b3adc19df91148ffb8.r2.dev/Linfala/examples/C/C.D215.mp3,Linfala/examples/C/C.D215.mp3,C.D215,C.D215.mp3
examples,390,https://pub-78d23bf07fce46b3adc19df91148ffb8.r2.dev/Linfala/examples/C/C.D216.mp3,Linfala/examples/C/C.D216.mp3,C.D216,C.D216.mp3
examples,391,https://pub-78d23bf07fce46b3adc19df91148ffb8.r2.dev/Linfala/examples/C/C.D217.mp3,Linfala/examples/C/C.D217.mp3,C.D217,C.D217.mp3
examples,392,https://pub-78d23bf07fce46b3adc19df91148ffb8.r2.dev/Linfala/examples/C/C.D218.mp3,Linfala/examples/C/C.D218.mp3,C.D218,C.D218.mp3
examples,393,https://pub-78d23bf07fce46b3adc19df91148ffb8.r2.dev/Linfala/examples/C/C.D219.mp3,Linfala/examples/C/C.D219.mp3,C.D219,C.D219.mp3
examples,164,https://pub-78d23bf07fce46b3adc19df91148ffb8.r2.dev/Linfala/examples/C/C.D22.mp3,Linfala/examples/C/C.D22.mp3,C.D22,C.D22.mp3
examples,394,https://pub-78d23bf07fce46b3adc19df91148ffb8.r2.dev/Linfala/examples/C/C.D220.mp3,Linfala/examples/C/C.D220.mp3,C.D220,C.D220.mp3
examples,395,https://pub-78d23bf07fce46b3adc19df91148ffb8.r2.dev/Linfala/examples/C/C.D221.mp3,Linfala/examples/C/C.D221.mp3,C.D221,C.D221.mp3
examples,396,https://pub-78d23bf07fce46b3adc19df91148ffb8.r2.dev/Linfala/examples/C/C.D222.mp3,Linfala/examples/C/C.D222.mp3,C.D222,C.D222.mp3
examples,397,https://pub-78d23bf07fce46b3adc19df91148ffb8.r2.dev/Linfala/examples/C/C.D223.mp3,Linfala/examples/C/C.D223.mp3,C.D223,C.D223.mp3
examples,398,https://pub-78d23bf07fce46b3adc19df91148ffb8.r2.dev/Linfala/examples/C/C.D224.mp3,Linfala/examples/C/C.D224.mp3,C.D224,C.D224.mp3
examples,399,https://pub-78d23bf07fce46b3adc19df91148ffb8.r2.dev/Linfala/examples/C/C.D225.mp3,Linfala/examples/C/C.D225.mp3,C.D225,C.D225.mp3
examples,400,https://pub-78d23bf07fce46b3adc19df91148ffb8.r2.dev/Linfala/examples/C/C.D226.mp3,Linfala/examples/C/C.D226.mp3,C.D226,C.D226.mp3
examples,401,https://pub-78d23bf07fce46b3adc19df91148ffb8.r2.dev/Linfala/examples/C/C.D227.mp3,Linfala/examples/C/C.D227.mp3,C.D227,C.D227.mp3
examples,402,https://pub-78d23bf07fce46b3adc19df91148ffb8.r2.dev/Linfala/examples/C/C.D228.mp3,Linfala/examples/C/C.D228.mp3,C.D228,C.D228.mp3
examples,403,https://pub-78d23bf07fce46b3adc19df91148ffb8.r2.dev/Linfala/examples/C/C.D229.mp3,Linfala/examples/C/C.D229.mp3,C.D229,C.D229.mp3
examples,165,https://pub-78d23bf07fce46b3adc19df91148ffb8.r2.dev/Linfala/examples/C/C.D23.mp3,Linfala/examples/C/C.D23.mp3,C.D23,C.D23.mp3
examples,404,https://pub-78d23bf07fce46b3adc19df91148ffb8.r2.dev/Linfala/examples/C/C.D230.mp3,Linfala/examples/C/C.D230.mp3,C.D230,C.D230.mp3
examples,405,https://pub-78d23bf07fce46b3adc19df91148ffb8.r2.dev/Linfala/examples/C/C.D231.mp3,Linfala/examples/C/C.D231.mp3,C.D231,C.D231.mp3
examples,406,https://pub-78d23bf07fce46b3adc19df91148ffb8.r2.dev/Linfala/examples/C/C.D232.mp3,Linfala/examples/C/C.D232.mp3,C.D232,C.D232.mp3
examples,408,https://pub-78d23bf07fce46b3adc19df91148ffb8.r2.dev/Linfala/examples/C/C.D233.mp3,Linfala/examples/C/C.D233.mp3,C.D233,C.D233.mp3
examples,409,https://pub-78d23bf07fce46b3adc19df91148ffb8.r2.dev/Linfala/examples/C/C.D234.mp3,Linfala/examples/C/C.D234.mp3,C.D234,C.D234.mp3
examples,410,https://pub-78d23bf07fce46b3adc19df91148ffb8.r2.dev/Linfala/examples/C/C.D235.mp3,Linfala/examples/C/C.D235.mp3,C.D235,C.D235.mp3
examples,411,https://pub-78d23bf07fce46b3adc19df91148ffb8.r2.dev/Linfala/examples/C/C.D236.mp3,Linfala/examples/C/C.D236.mp3,C.D236,C.D236.mp3
examples,412,https://pub-78d23bf07fce46b3adc19df91148ffb8.r2.dev/Linfala/examples/C/C.D237.mp3,Linfala/examples/C/C.D237.mp3,C.D237,C.D237.mp3
examples,414,https://pub-78d23bf07fce46b3adc19df91148ffb8.r2.dev/Linfala/examples/C/C.D238.mp3,Linfala/examples/C/C.D238.mp3,C.D238,C.D238.mp3
examples,415,https://pub-78d23bf07fce46b3adc19df91148ffb8.r2.dev/Linfala/examples/C/C.D239.mp3,Linfala/examples/C/C.D239.mp3,C.D239,C.D239.mp3
examples,166,https://pub-78d23bf07fce46b3adc19df91148ffb8.r2.dev/Linfala/examples/C/C.D24.mp3,Linfala/examples/C/C.D24.mp3,C.D24,C.D24.mp3
examples,416,https://pub-78d23bf07fce46b3adc19df91148ffb8.r2.dev/Linfala/examples/C/C.D240.mp3,Linfala/examples/C/C.D240.mp3,C.D240,C.D240.mp3
examples,417,https://pub-78d23bf07fce46b3adc19df91148ffb8.r2.dev/Linfala/examples/C/C.D241.mp3,Linfala/examples/C/C.D241.mp3,C.D241,C.D241.mp3
examples,418,https://pub-78d23bf07fce46b3adc19df91148ffb8.r2.dev/Linfala/examples/C/C.D242.mp3,Linfala/examples/C/C.D242.mp3,C.D242,C.D242.mp3
examples,420,https://pub-78d23bf07fce46b3adc19df91148ffb8.r2.dev/Linfala/examples/C/C.D243.mp3,Linfala/examples/C/C.D243.mp3,C.D243,C.D243.mp3
examples,421,https://pub-78d23bf07fce46b3adc19df91148ffb8.r2.dev/Linfala/examples/C/C.D244.mp3,Linfala/examples/C/C.D244.mp3,C.D244,C.D244.mp3
examples,422,https://pub-78d23bf07fce46b3adc19df91148ffb8.r2.dev/Linfala/examples/C/C.D245.mp3,Linfala/examples/C/C.D245.mp3,C.D245,C.D245.mp3
examples,423,https://pub-78d23bf07fce46b3adc19df91148ffb8.r2.dev/Linfala/examples/C/C.D246.mp3,Linfala/examples/C/C.D246.mp3,C.D246,C.D246.mp3
examples,424,https://pub-78d23bf07fce46b3adc19df91148ffb8.r2.dev/Linfala/examples/C/C.D247.mp3,Linfala/examples/C/C.D247.mp3,C.D247,C.D247.mp3
examples,425,https://pub-78d23bf07fce46b3adc19df91148ffb8.r2.dev/Linfala/examples/C/C.D248.mp3,Linfala/examples/C/C.D248.mp3,C.D248,C.D248.mp3
examples,426,https://pub-78d23bf07fce46b3adc19df91148ffb8.r2.dev/Linfala/examples/C/C.D249.mp3,Linfala/examples/C/C.D249.mp3,C.D249,C.D249.mp3
examples,167,https://pub-78d23bf07fce46b3adc19df91148ffb8.r2.dev/Linfala/examples/C/C.D25.mp3,Linfala/examples/C/C.D25.mp3,C.D25,C.D25.mp3
examples,427,https://pub-78d23bf07fce46b3adc19df91148ffb8.r2.dev/Linfala/examples/C/C.D250.mp3,Linfala/examples/C/C.D250.mp3,C.D250,C.D250.mp3
examples,428,https://pub-78d23bf07fce46b3adc19df91148ffb8.r2.dev/Linfala/examples/C/C.D251.mp3,Linfala/examples/C/C.D251.mp3,C.D251,C.D251.mp3
examples,429,https://pub-78d23bf07fce46b3adc19df91148ffb8.r2.dev/Linfala/examples/C/C.D252.mp3,Linfala/examples/C/C.D252.mp3,C.D252,C.D252.mp3
examples,430,https://pub-78d23bf07fce46b3adc19df91148ffb8.r2.dev/Linfala/examples/C/C.D253.mp3,Linfala/examples/C/C.D253.mp3,C.D253,C.D253.mp3
examples,431,https://pub-78d23bf07fce46b3adc19df91148ffb8.r2.dev/Linfala/examples/C/C.D254.mp3,Linfala/examples/C/C.D254.mp3,C.D254,C.D254.mp3
examples,432,https://pub-78d23bf07fce46b3adc19df91148ffb8.r2.dev/Linfala/examples/C/C.D255.mp3,Linfala/examples/C/C.D255.mp3,C.D255,C.D255.mp3
examples,433,https://pub-78d23bf07fce46b3adc19df91148ffb8.r2.dev/Linfala/examples/C/C.D256.mp3,Linfala/examples/C/C.D256.mp3,C.D256,C.D256.mp3
examples,434,https://pub-78d23bf07fce46b3adc19df91148ffb8.r2.dev/Linfala/examples/C/C.D257.mp3,Linfala/examples/C/C.D257.mp3,C.D257,C.D257.mp3
examples,435,https://pub-78d23bf07fce46b3adc19df91148ffb8.r2.dev/Linfala/examples/C/C.D258.mp3,Linfala/examples/C/C.D258.mp3,C.D258,C.D258.mp3
examples,436,https://pub-78d23bf07fce46b3adc19df91148ffb8.r2.dev/Linfala/examples/C/C.D259.mp3,Linfala/examples/C/C.D259.mp3,C.D259,C.D259.mp3
examples,168,https://pub-78d23bf07fce46b3adc19df91148ffb8.r2.dev/Linfala/examples/C/C.D26.mp3,Linfala/examples/C/C.D26.mp3,C.D26,C.D26.mp3
examples,437,https://pub-78d23bf07fce46b3adc19df91148ffb8.r2.dev/Linfala/examples/C/C.D260.mp3,Linfala/examples/C/C.D260.mp3,C.D260,C.D260.mp3
examples,169,https://pub-78d23bf07fce46b3adc19df91148ffb8.r2.dev/Linfala/examples/C/C.D27.mp3,Linfala/examples/C/C.D27.mp3,C.D27,C.D27.mp3
examples,170,https://pub-78d23bf07fce46b3adc19df91148ffb8.r2.dev/Linfala/examples/C/C.D28.mp3,Linfala/examples/C/C.D28.mp3,C.D28,C.D28.mp3
examples,171,https://pub-78d23bf07fce46b3adc19df91148ffb8.r2.dev/Linfala/examples/C/C.D29.mp3,Linfala/examples/C/C.D29.mp3,C.D29,C.D29.mp3
examples,141,https://pub-78d23bf07fce46b3adc19df91148ffb8.r2.dev/Linfala/examples/C/C.D3.mp3,Linfala/examples/C/C.D3.mp3,C.D3,C.D3.mp3
examples,173,https://pub-78d23bf07fce46b3adc19df91148ffb8.r2.dev/Linfala/examples/C/C.D30.mp3,Linfala/examples/C/C.D30.mp3,C.D30,C.D30.mp3
examples,174,https://pub-78d23bf07fce46b3adc19df91148ffb8.r2.dev/Linfala/examples/C/C.D31.mp3,Linfala/examples/C/C.D31.mp3,C.D31,C.D31.mp3
examples,175,https://pub-78d23bf07fce46b3adc19df91148ffb8.r2.dev/Linfala/examples/C/C.D32.mp3,Linfala/examples/C/C.D32.mp3,C.D32,C.D32.mp3
examples,176,https://pub-78d23bf07fce46b3adc19df91148ffb8.r2.dev/Linfala/examples/C/C.D33.mp3,Linfala/examples/C/C.D33.mp3,C.D33,C.D33.mp3
examples,177,https://pub-78d23bf07fce46b3adc19df91148ffb8.r2.dev/Linfala/examples/C/C.D34.mp3,Linfala/examples/C/C.D34.mp3,C.D34,C.D34.mp3
examples,179,https://pub-78d23bf07fce46b3adc19df91148ffb8.r2.dev/Linfala/examples/C/C.D35.mp3,Linfala/examples/C/C.D35.mp3,C.D35,C.D35.mp3
examples,181,https://pub-78d23bf07fce46b3adc19df91148ffb8.r2.dev/Linfala/examples/C/C.D36.mp3,Linfala/examples/C/C.D36.mp3,C.D36,C.D36.mp3
examples,182,https://pub-78d23bf07fce46b3adc19df91148ffb8.r2.dev/Linfala/examples/C/C.D37.mp3,Linfala/examples/C/C.D37.mp3,C.D37,C.D37.mp3
examples,184,https://pub-78d23bf07fce46b3adc19df91148ffb8.r2.dev/Linfala/examples/C/C.D38.mp3,Linfala/examples/C/C.D38.mp3,C.D38,C.D38.mp3
examples,185,https://pub-78d23bf07fce46b3adc19df91148ffb8.r2.dev/Linfala/examples/C/C.D39.mp3,Linfala/examples/C/C.D39.mp3,C.D39,C.D39.mp3
examples,143,https://pub-78d23bf07fce46b3adc19df91148ffb8.r2.dev/Linfala/examples/C/C.D4.mp3,Linfala/examples/C/C.D4.mp3,C.D4,C.D4.mp3
examples,186,https://pub-78d23bf07fce46b3adc19df91148ffb8.r2.dev/Linfala/examples/C/C.D40.mp3,Linfala/examples/C/C.D40.mp3,C.D40,C.D40.mp3
examples,187,https://pub-78d23bf07fce46b3adc19df91148ffb8.r2.dev/Linfala/examples/C/C.D41.mp3,Linfala/examples/C/C.D41.mp3,C.D41,C.D41.mp3
examples,188,https://pub-78d23bf07fce46b3adc19df91148ffb8.r2.dev/Linfala/examples/C/C.D42.mp3,Linfala/examples/C/C.D42.mp3,C.D42,C.D42.mp3
examples,190,https://pub-78d23bf07fce46b3adc19df91148ffb8.r2.dev/Linfala/examples/C/C.D43.mp3,Linfala/examples/C/C.D43.mp3,C.D43,C.D43.mp3
examples,191,https://pub-78d23bf07fce46b3adc19df91148ffb8.r2.dev/Linfala/examples/C/C.D44.mp3,Linfala/examples/C/C.D44.mp3,C.D44,C.D44.mp3
examples,192,https://pub-78d23bf07fce46b3adc19df91148ffb8.r2.dev/Linfala/examples/C/C.D45.mp3,Linfala/examples/C/C.D45.mp3,C.D45,C.D45.mp3
examples,194,https://pub-78d23bf07fce46b3adc19df91148ffb8.r2.dev/Linfala/examples/C/C.D46.mp3,Linfala/examples/C/C.D46.mp3,C.D46,C.D46.mp3
examples,195,https://pub-78d23bf07fce46b3adc19df91148ffb8.r2.dev/Linfala/examples/C/C.D47.mp3,Linfala/examples/C/C.D47.mp3,C.D47,C.D47.mp3
examples,196,https://pub-78d23bf07fce46b3adc19df91148ffb8.r2.dev/Linfala/examples/C/C.D48.mp3,Linfala/examples/C/C.D48.mp3,C.D48,C.D48.mp3
examples,197,https://pub-78d23bf07fce46b3adc19df91148ffb8.r2.dev/Linfala/examples/C/C.D49.mp3,Linfala/examples/C/C.D49.mp3,C.D49,C.D49.mp3
examples,144,https://pub-78d23bf07fce46b3adc19df91148ffb8.r2.dev/Linfala/examples/C/C.D5.mp3,Linfala/examples/C/C.D5.mp3,C.D5,C.D5.mp3
examples,201,https://pub-78d23bf07fce46b3adc19df91148ffb8.r2.dev/Linfala/examples/C/C.D51.mp3,Linfala/examples/C/C.D51.mp3,C.D51,C.D51.mp3
examples,202,https://pub-78d23bf07fce46b3adc19df91148ffb8.r2.dev/Linfala/examples/C/C.D52.mp3,Linfala/examples/C/C.D52.mp3,C.D52,C.D52.mp3
examples,204,https://pub-78d23bf07fce46b3adc19df91148ffb8.r2.dev/Linfala/examples/C/C.D53.mp3,Linfala/examples/C/C.D53.mp3,C.D53,C.D53.mp3
examples,205,https://pub-78d23bf07fce46b3adc19df91148ffb8.r2.dev/Linfala/examples/C/C.D54.mp3,Linfala/examples/C/C.D54.mp3,C.D54,C.D54.mp3
examples,207,https://pub-78d23bf07fce46b3adc19df91148ffb8.r2.dev/Linfala/examples/C/C.D55.mp3,Linfala/examples/C/C.D55.mp3,C.D55,C.D55.mp3
examples,208,https://pub-78d23bf07fce46b3adc19df91148ffb8.r2.dev/Linfala/examples/C/C.D56.mp3,Linfala/examples/C/C.D56.mp3,C.D56,C.D56.mp3
examples,209,https://pub-78d23bf07fce46b3adc19df91148ffb8.r2.dev/Linfala/examples/C/C.D57.mp3,Linfala/examples/C/C.D57.mp3,C.D57,C.D57.mp3
examples,210,https://pub-78d23bf07fce46b3adc19df91148ffb8.r2.dev/Linfala/examples/C/C.D58.mp3,Linfala/examples/C/C.D58.mp3,C.D58,C.D58.mp3
examples,211,https://pub-78d23bf07fce46b3adc19df91148ffb8.r2.dev/Linfala/examples/C/C.D59.mp3,Linfala/examples/C/C.D59.mp3,C.D59,C.D59.mp3
examples,146,https://pub-78d23bf07fce46b3adc19df91148ffb8.r2.dev/Linfala/examples/C/C.D6.mp3,Linfala/examples/C/C.D6.mp3,C.D6,C.D6.mp3
examples,212,https://pub-78d23bf07fce46b3adc19df91148ffb8.r2.dev/Linfala/examples/C/C.D60.mp3,Linfala/examples/C/C.D60.mp3,C.D60,C.D60.mp3
examples,213,https://pub-78d23bf07fce46b3adc19df91148ffb8.r2.dev/Linfala/examples/C/C.D61.mp3,Linfala/examples/C/C.D61.mp3,C.D61,C.D61.mp3
examples,215,https://pub-78d23bf07fce46b3adc19df91148ffb8.r2.dev/Linfala/examples/C/C.D62.mp3,Linfala/examples/C/C.D62.mp3,C.D62,C.D62.mp3
examples,216,https://pub-78d23bf07fce46b3adc19df91148ffb8.r2.dev/Linfala/examples/C/C.D63.mp3,Linfala/examples/C/C.D63.mp3,C.D63,C.D63.mp3
examples,218,https://pub-78d23bf07fce46b3adc19df91148ffb8.r2.dev/Linfala/examples/C/C.D64.mp3,Linfala/examples/C/C.D64.mp3,C.D64,C.D64.mp3
examples,219,https://pub-78d23bf07fce46b3adc19df91148ffb8.r2.dev/Linfala/examples/C/C.D65.mp3,Linfala/examples/C/C.D65.mp3,C.D65,C.D65.mp3
examples,220,https://pub-78d23bf07fce46b3adc19df91148ffb8.r2.dev/Linfala/examples/C/C.D66.mp3,Linfala/examples/C/C.D66.mp3,C.D66,C.D66.mp3
examples,221,https://pub-78d23bf07fce46b3adc19df91148ffb8.r2.dev/Linfala/examples/C/C.D67.mp3,Linfala/examples/C/C.D67.mp3,C.D67,C.D67.mp3
examples,222,https://pub-78d23bf07fce46b3adc19df91148ffb8.r2.dev/Linfala/examples/C/C.D68.mp3,Linfala/examples/C/C.D68.mp3,C.D68,C.D68.mp3
examples,223,https://pub-78d23bf07fce46b3adc19df91148ffb8.r2.dev/Linfala/examples/C/C.D69.mp3,Linfala/examples/C/C.D69.mp3,C.D69,C.D69.mp3
examples,147,https://pub-78d23bf07fce46b3adc19df91148ffb8.r2.dev/Linfala/examples/C/C.D7.mp3,Linfala/examples/C/C.D7.mp3,C.D7,C.D7.mp3
examples,225,https://pub-78d23bf07fce46b3adc19df91148ffb8.r2.dev/Linfala/examples/C/C.D70.mp3,Linfala/examples/C/C.D70.mp3,C.D70,C.D70.mp3
examples,226,https://pub-78d23bf07fce46b3adc19df91148ffb8.r2.dev/Linfala/examples/C/C.D71.mp3,Linfala/examples/C/C.D71.mp3,C.D71,C.D71.mp3
examples,227,https://pub-78d23bf07fce46b3adc19df91148ffb8.r2.dev/Linfala/examples/C/C.D72.mp3,Linfala/examples/C/C.D72.mp3,C.D72,C.D72.mp3
examples,228,https://pub-78d23bf07fce46b3adc19df91148ffb8.r2.dev/Linfala/examples/C/C.D73.mp3,Linfala/examples/C/C.D73.mp3,C.D73,C.D73.mp3
examples,229,https://pub-78d23bf07fce46b3adc19df91148ffb8.r2.dev/Linfala/examples/C/C.D74.mp3,Linfala/examples/C/C.D74.mp3,C.D74,C.D74.mp3
examples,230,https://pub-78d23bf07fce46b3adc19df91148ffb8.r2.dev/Linfala/examples/C/C.D75.mp3,Linfala/examples/C/C.D75.mp3,C.D75,C.D75.mp3
examples,231,https://pub-78d23bf07fce46b3adc19df91148ffb8.r2.dev/Linfala/examples/C/C.D76.mp3,Linfala/examples/C/C.D76.mp3,C.D76,C.D76.mp3
examples,232,https://pub-78d23bf07fce46b3adc19df91148ffb8.r2.dev/Linfala/examples/C/C.D77.mp3,Linfala/examples/C/C.D77.mp3,C.D77,C.D77.mp3
examples,233,https://pub-78d23bf07fce46b3adc19df91148ffb8.r2.dev/Linfala/examples/C/C.D78.mp3,Linfala/examples/C/C.D78.mp3,C.D78,C.D78.mp3
examples,234,https://pub-78d23bf07fce46b3adc19df91148ffb8.r2.dev/Linfala/examples/C/C.D79.mp3,Linfala/examples/C/C.D79.mp3,C.D79,C.D79.mp3
examples,148,https://pub-78d23bf07fce46b3adc19df91148ffb8.r2.dev/Linfala/examples/C/C.D8.mp3,Linfala/examples/C/C.D8.mp3,C.D8,C.D8.mp3
examples,235,https://pub-78d23bf07fce46b3adc19df91148ffb8.r2.dev/Linfala/examples/C/C.D80.mp3,Linfala/examples/C/C.D80.mp3,C.D80,C.D80.mp3
examples,236,https://pub-78d23bf07fce46b3adc19df91148ffb8.r2.dev/Linfala/examples/C/C.D81.mp3,Linfala/examples/C/C.D81.mp3,C.D81,C.D81.mp3
examples,237,https://pub-78d23bf07fce46b3adc19df91148ffb8.r2.dev/Linfala/examples/C/C.D82.mp3,Linfala/examples/C/C.D82.mp3,C.D82,C.D82.mp3
examples,239,https://pub-78d23bf07fce46b3adc19df91148ffb8.r2.dev/Linfala/examples/C/C.D83.mp3,Linfala/examples/C/C.D83.mp3,C.D83,C.D83.mp3
examples,240,https://pub-78d23bf07fce46b3adc19df91148ffb8.r2.dev/Linfala/examples/C/C.D84.mp3,Linfala/examples/C/C.D84.mp3,C.D84,C.D84.mp3
examples,241,https://pub-78d23bf07fce46b3adc19df91148ffb8.r2.dev/Linfala/examples/C/C.D85.mp3,Linfala/examples/C/C.D85.mp3,C.D85,C.D85.mp3
examples,242,https://pub-78d23bf07fce46b3adc19df91148ffb8.r2.dev/Linfala/examples/C/C.D86.mp3,Linfala/examples/C/C.D86.mp3,C.D86,C.D86.mp3
examples,243,https://pub-78d23bf07fce46b3adc19df91148ffb8.r2.dev/Linfala/examples/C/C.D87.mp3,Linfala/examples/C/C.D87.mp3,C.D87,C.D87.mp3
examples,244,https://pub-78d23bf07fce46b3adc19df91148ffb8.r2.dev/Linfala/examples/C/C.D88.mp3,Linfala/examples/C/C.D88.mp3,C.D88,C.D88.mp3
examples,245,https://pub-78d23bf07fce46b3adc19df91148ffb8.r2.dev/Linfala/examples/C/C.D89.mp3,Linfala/examples/C/C.D89.mp3,C.D89,C.D89.mp3
examples,150,https://pub-78d23bf07fce46b3adc19df91148ffb8.r2.dev/Linfala/examples/C/C.D9.mp3,Linfala/examples/C/C.D9.mp3,C.D9,C.D9.mp3
examples,246,https://pub-78d23bf07fce46b3adc19df91148ffb8.r2.dev/Linfala/examples/C/C.D90.mp3,Linfala/examples/C/C.D90.mp3,C.D90,C.D90.mp3
examples,247,https://pub-78d23bf07fce46b3adc19df91148ffb8.r2.dev/Linfala/examples/C/C.D91.mp3,Linfala/examples/C/C.D91.mp3,C.D91,C.D91.mp3
examples,248,https://pub-78d23bf07fce46b3adc19df91148ffb8.r2.dev/Linfala/examples/C/C.D92.mp3,Linfala/examples/C/C.D92.mp3,C.D92,C.D92.mp3
examples,249,https://pub-78d23bf07fce46b3adc19df91148ffb8.r2.dev/Linfala/examples/C/C.D93.mp3,Linfala/examples/C/C.D93.mp3,C.D93,C.D93.mp3
examples,250,https://pub-78d23bf07fce46b3adc19df91148ffb8.r2.dev/Linfala/examples/C/C.D94.mp3,Linfala/examples/C/C.D94.mp3,C.D94,C.D94.mp3
examples,251,https://pub-78d23bf07fce46b3adc19df91148ffb8.r2.dev/Linfala/examples/C/C.D95.mp3,Linfala/examples/C/C.D95.mp3,C.D95,C.D95.mp3
examples,252,https://pub-78d23bf07fce46b3adc19df91148ffb8.r2.dev/Linfala/examples/C/C.D96.mp3,Linfala/examples/C/C.D96.mp3,C.D96,C.D96.mp3
examples,253,https://pub-78d23bf07fce46b3adc19df91148ffb8.r2.dev/Linfala/examples/C/C.D97.mp3,Linfala/examples/C/C.D97.mp3,C.D97,C.D97.mp3
examples,255,https://pub-78d23bf07fce46b3adc19df91148ffb8.r2.dev/Linfala/examples/C/C.D98.mp3,Linfala/examples/C/C.D98.mp3,C.D98,C.D98.mp3
examples,256,https://pub-78d23bf07fce46b3adc19df91148ffb8.r2.dev/Linfala/examples/C/C.D99.mp3,Linfala/examples/C/C.D99.mp3,C.D99,C.D99.mp3
senses,266,https://pub-78d23bf07fce46b3adc19df91148ffb8.r2.dev/Linfala/senses/C/C.F108.mp3,Linfala/senses/C/C.F108.mp3,C.F108,C.F108.mp3
senses,271,https://pub-78d23bf07fce46b3adc19df91148ffb8.r2.dev/Linfala/senses/C/C.F112.mp3,Linfala/senses/C/C.F112.mp3,C.F112,C.F112.mp3
senses,275,https://pub-78d23bf07fce46b3adc19df91148ffb8.r2.dev/Linfala/senses/C/C.F114.mp3,Linfala/senses/C/C.F114.mp3,C.F114,C.F114.mp3
senses,286,https://pub-78d23bf07fce46b3adc19df91148ffb8.r2.dev/Linfala/senses/C/C.F124.mp3,Linfala/senses/C/C.F124.mp3,C.F124,C.F124.mp3
senses,298,https://pub-78d23bf07fce46b3adc19df91148ffb8.r2.dev/Linfala/senses/C/C.F135.mp3,Linfala/senses/C/C.F135.mp3,C.F135,C.F135.mp3
senses,302,https://pub-78d23bf07fce46b3adc19df91148ffb8.r2.dev/Linfala/senses/C/C.F138.mp3,Linfala/senses/C/C.F138.mp3,C.F138,C.F138.mp3
senses,307,https://pub-78d23bf07fce46b3adc19df91148ffb8.r2.dev/Linfala/senses/C/C.F142.mp3,Linfala/senses/C/C.F142.mp3,C.F142,C.F142.mp3
senses,314,https://pub-78d23bf07fce46b3adc19df91148ffb8.r2.dev/Linfala/senses/C/C.F148.mp3,Linfala/senses/C/C.F148.mp3,C.F148,C.F148.mp3
senses,157,https://pub-78d23bf07fce46b3adc19df91148ffb8.r2.dev/Linfala/senses/C/C.F15.mp3,Linfala/senses/C/C.F15.mp3,C.F15,C.F15.mp3
senses,326,https://pub-78d23bf07fce46b3adc19df91148ffb8.r2.dev/Linfala/senses/C/C.F159.mp3,Linfala/senses/C/C.F159.mp3,C.F159,C.F159.mp3
senses,351,https://pub-78d23bf07fce46b3adc19df91148ffb8.r2.dev/Linfala/senses/C/C.F183.mp3,Linfala/senses/C/C.F183.mp3,C.F183,C.F183.mp3
senses,360,https://pub-78d23bf07fce46b3adc19df91148ffb8.r2.dev/Linfala/senses/C/C.F191.mp3,Linfala/senses/C/C.F191.mp3,C.F191,C.F191.mp3
senses,365,https://pub-78d23bf07fce46b3adc19df91148ffb8.r2.dev/Linfala/senses/C/C.F195.mp3,Linfala/senses/C/C.F195.mp3,C.F195,C.F195.mp3
senses,370,https://pub-78d23bf07fce46b3adc19df91148ffb8.r2.dev/Linfala/senses/C/C.F199.mp3,Linfala/senses/C/C.F199.mp3,C.F199,C.F199.mp3
senses,376,https://pub-78d23bf07fce46b3adc19df91148ffb8.r2.dev/Linfala/senses/C/C.F204.mp3,Linfala/senses/C/C.F204.mp3,C.F204,C.F204.mp3
senses,381,https://pub-78d23bf07fce46b3adc19df91148ffb8.r2.dev/Linfala/senses/C/C.F208.mp3,Linfala/senses/C/C.F208.mp3,C.F208,C.F208.mp3
senses,388,https://pub-78d23bf07fce46b3adc19df91148ffb8.r2.dev/Linfala/senses/C/C.F214.mp3,Linfala/senses/C/C.F214.mp3,C.F214,C.F214.mp3
senses,413,https://pub-78d23bf07fce46b3adc19df91148ffb8.r2.dev/Linfala/senses/C/C.F237.mp3,Linfala/senses/C/C.F237.mp3,C.F237,C.F237.mp3
senses,419,https://pub-78d23bf07fce46b3adc19df91148ffb8.r2.dev/Linfala/senses/C/C.F242.mp3,Linfala/senses/C/C.F242.mp3,C.F242,C.F242.mp3
senses,172,https://pub-78d23bf07fce46b3adc19df91148ffb8.r2.dev/Linfala/senses/C/C.F29.mp3,Linfala/senses/C/C.F29.mp3,C.F29,C.F29.mp3
senses,142,https://pub-78d23bf07fce46b3adc19df91148ffb8.r2.dev/Linfala/senses/C/C.F3.mp3,Linfala/senses/C/C.F3.mp3,C.F3,C.F3.mp3
senses,178,https://pub-78d23bf07fce46b3adc19df91148ffb8.r2.dev/Linfala/senses/C/C.F34.mp3,Linfala/senses/C/C.F34.mp3,C.F34,C.F34.mp3
senses,180,https://pub-78d23bf07fce46b3adc19df91148ffb8.r2.dev/Linfala/senses/C/C.F35.mp3,Linfala/senses/C/C.F35.mp3,C.F35,C.F35.mp3
senses,183,https://pub-78d23bf07fce46b3adc19df91148ffb8.r2.dev/Linfala/senses/C/C.F37.mp3,Linfala/senses/C/C.F37.mp3,C.F37,C.F37.mp3
senses,189,https://pub-78d23bf07fce46b3adc19df91148ffb8.r2.dev/Linfala/senses/C/C.F42.mp3,Linfala/senses/C/C.F42.mp3,C.F42,C.F42.mp3
senses,193,https://pub-78d23bf07fce46b3adc19df91148ffb8.r2.dev/Linfala/senses/C/C.F45.mp3,Linfala/senses/C/C.F45.mp3,C.F45,C.F45.mp3
senses,198,https://pub-78d23bf07fce46b3adc19df91148ffb8.r2.dev/Linfala/senses/C/C.F49.mp3,Linfala/senses/C/C.F49.mp3,C.F49,C.F49.mp3
senses,145,https://pub-78d23bf07fce46b3adc19df91148ffb8.r2.dev/Linfala/senses/C/C.F5.mp3,Linfala/senses/C/C.F5.mp3,C.F5,C.F5.mp3
senses,203,https://pub-78d23bf07fce46b3adc19df91148ffb8.r2.dev/Linfala/senses/C/C.F52.mp3,Linfala/senses/C/C.F52.mp3,C.F52,C.F52.mp3
senses,206,https://pub-78d23bf07fce46b3adc19df91148ffb8.r2.dev/Linfala/senses/C/C.F54.mp3,Linfala/senses/C/C.F54.mp3,C.F54,C.F54.mp3
senses,214,https://pub-78d23bf07fce46b3adc19df91148ffb8.r2.dev/Linfala/senses/C/C.F61.mp3,Linfala/senses/C/C.F61.mp3,C.F61,C.F61.mp3
senses,217,https://pub-78d23bf07fce46b3adc19df91148ffb8.r2.dev/Linfala/senses/C/C.F63.mp3,Linfala/senses/C/C.F63.mp3,C.F63,C.F63.mp3
senses,224,https://pub-78d23bf07fce46b3adc19df91148ffb8.r2.dev/Linfala/senses/C/C.F69.mp3,Linfala/senses/C/C.F69.mp3,C.F69,C.F69.mp3
senses,149,https://pub-78d23bf07fce46b3adc19df91148ffb8.r2.dev/Linfala/senses/C/C.F8.mp3,Linfala/senses/C/C.F8.mp3,C.F8,C.F8.mp3
senses,254,https://pub-78d23bf07fce46b3adc19df91148ffb8.r2.dev/Linfala/senses/C/C.F97.mp3,Linfala/senses/C/C.F97.mp3,C.F97,C.F97.mp3
examples,266,https://pub-78d23bf07fce46b3adc19df91148ffb8.r2.dev/Linfala/examples/C/C.G108.mp3,Linfala/examples/C/C.G108.mp3,C.G108,C.G108.mp3
examples,271,https://pub-78d23bf07fce46b3adc19df91148ffb8.r2.dev/Linfala/examples/C/C.G112.mp3,Linfala/examples/C/C.G112.mp3,C.G112,C.G112.mp3
examples,275,https://pub-78d23bf07fce46b3adc19df91148ffb8.r2.dev/Linfala/examples/C/C.G114.mp3,Linfala/examples/C/C.G114.mp3,C.G114,C.G114.mp3
examples,286,https://pub-78d23bf07fce46b3adc19df91148ffb8.r2.dev/Linfala/examples/C/C.G124.mp3,Linfala/examples/C/C.G124.mp3,C.G124,C.G124.mp3
examples,298,https://pub-78d23bf07fce46b3adc19df91148ffb8.r2.dev/Linfala/examples/C/C.G135.mp3,Linfala/examples/C/C.G135.mp3,C.G135,C.G135.mp3
examples,307,https://pub-78d23bf07fce46b3adc19df91148ffb8.r2.dev/Linfala/examples/C/C.G142.mp3,Linfala/examples/C/C.G142.mp3,C.G142,C.G142.mp3
examples,314,https://pub-78d23bf07fce46b3adc19df91148ffb8.r2.dev/Linfala/examples/C/C.G148.mp3,Linfala/examples/C/C.G148.mp3,C.G148,C.G148.mp3
examples,157,https://pub-78d23bf07fce46b3adc19df91148ffb8.r2.dev/Linfala/examples/C/C.G15.mp3,Linfala/examples/C/C.G15.mp3,C.G15,C.G15.mp3
examples,326,https://pub-78d23bf07fce46b3adc19df91148ffb8.r2.dev/Linfala/examples/C/C.G159.mp3,Linfala/examples/C/C.G159.mp3,C.G159,C.G159.mp3
examples,351,https://pub-78d23bf07fce46b3adc19df91148ffb8.r2.dev/Linfala/examples/C/C.G183.mp3,Linfala/examples/C/C.G183.mp3,C.G183,C.G183.mp3
examples,360,https://pub-78d23bf07fce46b3adc19df91148ffb8.r2.dev/Linfala/examples/C/C.G191.mp3,Linfala/examples/C/C.G191.mp3,C.G191,C.G191.mp3
examples,365,https://pub-78d23bf07fce46b3adc19df91148ffb8.r2.dev/Linfala/examples/C/C.G195.mp3,Linfala/examples/C/C.G195.mp3,C.G195,C.G195.mp3
examples,370,https://pub-78d23bf07fce46b3adc19df91148ffb8.r2.dev/Linfala/examples/C/C.G199.mp3,Linfala/examples/C/C.G199.mp3,C.G199,C.G199.mp3
examples,376,https://pub-78d23bf07fce46b3adc19df91148ffb8.r2.dev/Linfala/examples/C/C.G204.mp3,Linfala/examples/C/C.G204.mp3,C.G204,C.G204.mp3
examples,381,https://pub-78d23bf07fce46b3adc19df91148ffb8.r2.dev/Linfala/examples/C/C.G208.mp3,Linfala/examples/C/C.G208.mp3,C.G208,C.G208.mp3
examples,388,https://pub-78d23bf07fce46b3adc19df91148ffb8.r2.dev/Linfala/examples/C/C.G214.mp3,Linfala/examples/C/C.G214.mp3,C.G214,C.G214.mp3
examples,413,https://pub-78d23bf07fce46b3adc19df91148ffb8.r2.dev/Linfala/examples/C/C.G237.mp3,Linfala/examples/C/C.G237.mp3,C.G237,C.G237.mp3
examples,419,https://pub-78d23bf07fce46b3adc19df91148ffb8.r2.dev/Linfala/examples/C/C.G242.mp3,Linfala/examples/C/C.G242.mp3,C.G242,C.G242.mp3
examples,172,https://pub-78d23bf07fce46b3adc19df91148ffb8.r2.dev/Linfala/examples/C/C.G29.mp3,Linfala/examples/C/C.G29.mp3,C.G29,C.G29.mp3
examples,142,https://pub-78d23bf07fce46b3adc19df91148ffb8.r2.dev/Linfala/examples/C/C.G3.mp3,Linfala/examples/C/C.G3.mp3,C.G3,C.G3.mp3
examples,178,https://pub-78d23bf07fce46b3adc19df91148ffb8.r2.dev/Linfala/examples/C/C.G34.mp3,Linfala/examples/C/C.G34.mp3,C.G34,C.G34.mp3
examples,180,https://pub-78d23bf07fce46b3adc19df91148ffb8.r2.dev/Linfala/examples/C/C.G35.mp3,Linfala/examples/C/C.G35.mp3,C.G35,C.G35.mp3
examples,189,https://pub-78d23bf07fce46b3adc19df91148ffb8.r2.dev/Linfala/examples/C/C.G42.mp3,Linfala/examples/C/C.G42.mp3,C.G42,C.G42.mp3
examples,203,https://pub-78d23bf07fce46b3adc19df91148ffb8.r2.dev/Linfala/examples/C/C.G52.mp3,Linfala/examples/C/C.G52.mp3,C.G52,C.G52.mp3
examples,206,https://pub-78d23bf07fce46b3adc19df91148ffb8.r2.dev/Linfala/examples/C/C.G54.mp3,Linfala/examples/C/C.G54.mp3,C.G54,C.G54.mp3
examples,214,https://pub-78d23bf07fce46b3adc19df91148ffb8.r2.dev/Linfala/examples/C/C.G61.mp3,Linfala/examples/C/C.G61.mp3,C.G61,C.G61.mp3
examples,217,https://pub-78d23bf07fce46b3adc19df91148ffb8.r2.dev/Linfala/examples/C/C.G63.mp3,Linfala/examples/C/C.G63.mp3,C.G63,C.G63.mp3
examples,224,https://pub-78d23bf07fce46b3adc19df91148ffb8.r2.dev/Linfala/examples/C/C.G69.mp3,Linfala/examples/C/C.G69.mp3,C.G69,C.G69.mp3
examples,149,https://pub-78d23bf07fce46b3adc19df91148ffb8.r2.dev/Linfala/examples/C/C.G8.mp3,Linfala/examples/C/C.G8.mp3,C.G8,C.G8.mp3
examples,254,https://pub-78d23bf07fce46b3adc19df91148ffb8.r2.dev/Linfala/examples/C/C.G97.mp3,Linfala/examples/C/C.G97.mp3,C.G97,C.G97.mp3
senses,272,https://pub-78d23bf07fce46b3adc19df91148ffb8.r2.dev/Linfala/senses/C/C.I112.mp3,Linfala/senses/C/C.I112.mp3,C.I112,C.I112.mp3
senses,199,https://pub-78d23bf07fce46b3adc19df91148ffb8.r2.dev/Linfala/senses/C/C.I49.mp3,Linfala/senses/C/C.I49.mp3,C.I49,C.I49.mp3
examples,272,https://pub-78d23bf07fce46b3adc19df91148ffb8.r2.dev/Linfala/examples/C/C.J112.mp3,Linfala/examples/C/C.J112.mp3,C.J112,C.J112.mp3
examples,199,https://pub-78d23bf07fce46b3adc19df91148ffb8.r2.dev/Linfala/examples/C/C.J49.mp3,Linfala/examples/C/C.J49.mp3,C.J49,C.J49.mp3
senses,548,https://pub-78d23bf07fce46b3adc19df91148ffb8.r2.dev/Linfala/senses/D/D.C100.mp3,Linfala/senses/D/D.C100.mp3,D.C100,D.C100.mp3
senses,549,https://pub-78d23bf07fce46b3adc19df91148ffb8.r2.dev/Linfala/senses/D/D.C101.mp3,Linfala/senses/D/D.C101.mp3,D.C101,D.C101.mp3
senses,550,https://pub-78d23bf07fce46b3adc19df91148ffb8.r2.dev/Linfala/senses/D/D.C102.mp3,Linfala/senses/D/D.C102.mp3,D.C102,D.C102.mp3
senses,551,https://pub-78d23bf07fce46b3adc19df91148ffb8.r2.dev/Linfala/senses/D/D.C103.mp3,Linfala/senses/D/D.C103.mp3,D.C103,D.C103.mp3
senses,552,https://pub-78d23bf07fce46b3adc19df91148ffb8.r2.dev/Linfala/senses/D/D.C104.mp3,Linfala/senses/D/D.C104.mp3,D.C104,D.C104.mp3
senses,554,https://pub-78d23bf07fce46b3adc19df91148ffb8.r2.dev/Linfala/senses/D/D.C105.mp3,Linfala/senses/D/D.C105.mp3,D.C105,D.C105.mp3
senses,555,https://pub-78d23bf07fce46b3adc19df91148ffb8.r2.dev/Linfala/senses/D/D.C106.mp3,Linfala/senses/D/D.C106.mp3,D.C106,D.C106.mp3
senses,557,https://pub-78d23bf07fce46b3adc19df91148ffb8.r2.dev/Linfala/senses/D/D.C107.mp3,Linfala/senses/D/D.C107.mp3,D.C107,D.C107.mp3
senses,558,https://pub-78d23bf07fce46b3adc19df91148ffb8.r2.dev/Linfala/senses/D/D.C108.mp3,Linfala/senses/D/D.C108.mp3,D.C108,D.C108.mp3
senses,559,https://pub-78d23bf07fce46b3adc19df91148ffb8.r2.dev/Linfala/senses/D/D.C109.mp3,Linfala/senses/D/D.C109.mp3,D.C109,D.C109.mp3
senses,448,https://pub-78d23bf07fce46b3adc19df91148ffb8.r2.dev/Linfala/senses/D/D.C11.mp3,Linfala/senses/D/D.C11.mp3,D.C11,D.C11.mp3
senses,560,https://pub-78d23bf07fce46b3adc19df91148ffb8.r2.dev/Linfala/senses/D/D.C110.mp3,Linfala/senses/D/D.C110.mp3,D.C110,D.C110.mp3
senses,561,https://pub-78d23bf07fce46b3adc19df91148ffb8.r2.dev/Linfala/senses/D/D.C111.mp3,Linfala/senses/D/D.C111.mp3,D.C111,D.C111.mp3
senses,562,https://pub-78d23bf07fce46b3adc19df91148ffb8.r2.dev/Linfala/senses/D/D.C112.mp3,Linfala/senses/D/D.C112.mp3,D.C112,D.C112.mp3
senses,563,https://pub-78d23bf07fce46b3adc19df91148ffb8.r2.dev/Linfala/senses/D/D.C113.mp3,Linfala/senses/D/D.C113.mp3,D.C113,D.C113.mp3
senses,564,https://pub-78d23bf07fce46b3adc19df91148ffb8.r2.dev/Linfala/senses/D/D.C114.mp3,Linfala/senses/D/D.C114.mp3,D.C114,D.C114.mp3
senses,565,https://pub-78d23bf07fce46b3adc19df91148ffb8.r2.dev/Linfala/senses/D/D.C115.mp3,Linfala/senses/D/D.C115.mp3,D.C115,D.C115.mp3
senses,566,https://pub-78d23bf07fce46b3adc19df91148ffb8.r2.dev/Linfala/senses/D/D.C116.mp3,Linfala/senses/D/D.C116.mp3,D.C116,D.C116.mp3
senses,567,https://pub-78d23bf07fce46b3adc19df91148ffb8.r2.dev/Linfala/senses/D/D.C117.mp3,Linfala/senses/D/D.C117.mp3,D.C117,D.C117.mp3
senses,568,https://pub-78d23bf07fce46b3adc19df91148ffb8.r2.dev/Linfala/senses/D/D.C118.mp3,Linfala/senses/D/D.C118.mp3,D.C118,D.C118.mp3
senses,569,https://pub-78d23bf07fce46b3adc19df91148ffb8.r2.dev/Linfala/senses/D/D.C119.mp3,Linfala/senses/D/D.C119.mp3,D.C119,D.C119.mp3
senses,450,https://pub-78d23bf07fce46b3adc19df91148ffb8.r2.dev/Linfala/senses/D/D.C12.mp3,Linfala/senses/D/D.C12.mp3,D.C12,D.C12.mp3
senses,570,https://pub-78d23bf07fce46b3adc19df91148ffb8.r2.dev/Linfala/senses/D/D.C120.mp3,Linfala/senses/D/D.C120.mp3,D.C120,D.C120.mp3
senses,572,https://pub-78d23bf07fce46b3adc19df91148ffb8.r2.dev/Linfala/senses/D/D.C121.mp3,Linfala/senses/D/D.C121.mp3,D.C121,D.C121.mp3
senses,573,https://pub-78d23bf07fce46b3adc19df91148ffb8.r2.dev/Linfala/senses/D/D.C122.mp3,Linfala/senses/D/D.C122.mp3,D.C122,D.C122.mp3
senses,574,https://pub-78d23bf07fce46b3adc19df91148ffb8.r2.dev/Linfala/senses/D/D.C123.mp3,Linfala/senses/D/D.C123.mp3,D.C123,D.C123.mp3
senses,575,https://pub-78d23bf07fce46b3adc19df91148ffb8.r2.dev/Linfala/senses/D/D.C124.mp3,Linfala/senses/D/D.C124.mp3,D.C124,D.C124.mp3
senses,576,https://pub-78d23bf07fce46b3adc19df91148ffb8.r2.dev/Linfala/senses/D/D.C125.mp3,Linfala/senses/D/D.C125.mp3,D.C125,D.C125.mp3
senses,578,https://pub-78d23bf07fce46b3adc19df91148ffb8.r2.dev/Linfala/senses/D/D.C126.mp3,Linfala/senses/D/D.C126.mp3,D.C126,D.C126.mp3
senses,579,https://pub-78d23bf07fce46b3adc19df91148ffb8.r2.dev/Linfala/senses/D/D.C127.mp3,Linfala/senses/D/D.C127.mp3,D.C127,D.C127.mp3
senses,581,https://pub-78d23bf07fce46b3adc19df91148ffb8.r2.dev/Linfala/senses/D/D.C128.mp3,Linfala/senses/D/D.C128.mp3,D.C128,D.C128.mp3
senses,582,https://pub-78d23bf07fce46b3adc19df91148ffb8.r2.dev/Linfala/senses/D/D.C129.mp3,Linfala/senses/D/D.C129.mp3,D.C129,D.C129.mp3
senses,451,https://pub-78d23bf07fce46b3adc19df91148ffb8.r2.dev/Linfala/senses/D/D.C13.mp3,Linfala/senses/D/D.C13.mp3,D.C13,D.C13.mp3
senses,583,https://pub-78d23bf07fce46b3adc19df91148ffb8.r2.dev/Linfala/senses/D/D.C130.mp3,Linfala/senses/D/D.C130.mp3,D.C130,D.C130.mp3
senses,584,https://pub-78d23bf07fce46b3adc19df91148ffb8.r2.dev/Linfala/senses/D/D.C131.mp3,Linfala/senses/D/D.C131.mp3,D.C131,D.C131.mp3
senses,585,https://pub-78d23bf07fce46b3adc19df91148ffb8.r2.dev/Linfala/senses/D/D.C132.mp3,Linfala/senses/D/D.C132.mp3,D.C132,D.C132.mp3
senses,586,https://pub-78d23bf07fce46b3adc19df91148ffb8.r2.dev/Linfala/senses/D/D.C133.mp3,Linfala/senses/D/D.C133.mp3,D.C133,D.C133.mp3
senses,587,https://pub-78d23bf07fce46b3adc19df91148ffb8.r2.dev/Linfala/senses/D/D.C134.mp3,Linfala/senses/D/D.C134.mp3,D.C134,D.C134.mp3
senses,588,https://pub-78d23bf07fce46b3adc19df91148ffb8.r2.dev/Linfala/senses/D/D.C135.mp3,Linfala/senses/D/D.C135.mp3,D.C135,D.C135.mp3
senses,589,https://pub-78d23bf07fce46b3adc19df91148ffb8.r2.dev/Linfala/senses/D/D.C136.mp3,Linfala/senses/D/D.C136.mp3,D.C136,D.C136.mp3
senses,590,https://pub-78d23bf07fce46b3adc19df91148ffb8.r2.dev/Linfala/senses/D/D.C137.mp3,Linfala/senses/D/D.C137.mp3,D.C137,D.C137.mp3
senses,591,https://pub-78d23bf07fce46b3adc19df91148ffb8.r2.dev/Linfala/senses/D/D.C138.mp3,Linfala/senses/D/D.C138.mp3,D.C138,D.C138.mp3
senses,592,https://pub-78d23bf07fce46b3adc19df91148ffb8.r2.dev/Linfala/senses/D/D.C139.mp3,Linfala/senses/D/D.C139.mp3,D.C139,D.C139.mp3
senses,452,https://pub-78d23bf07fce46b3adc19df91148ffb8.r2.dev/Linfala/senses/D/D.C14.mp3,Linfala/senses/D/D.C14.mp3,D.C14,D.C14.mp3
senses,593,https://pub-78d23bf07fce46b3adc19df91148ffb8.r2.dev/Linfala/senses/D/D.C140.mp3,Linfala/senses/D/D.C140.mp3,D.C140,D.C140.mp3
senses,594,https://pub-78d23bf07fce46b3adc19df91148ffb8.r2.dev/Linfala/senses/D/D.C141.mp3,Linfala/senses/D/D.C141.mp3,D.C141,D.C141.mp3
senses,595,https://pub-78d23bf07fce46b3adc19df91148ffb8.r2.dev/Linfala/senses/D/D.C142.mp3,Linfala/senses/D/D.C142.mp3,D.C142,D.C142.mp3
senses,596,https://pub-78d23bf07fce46b3adc19df91148ffb8.r2.dev/Linfala/senses/D/D.C143.mp3,Linfala/senses/D/D.C143.mp3,D.C143,D.C143.mp3
senses,453,https://pub-78d23bf07fce46b3adc19df91148ffb8.r2.dev/Linfala/senses/D/D.C15.mp3,Linfala/senses/D/D.C15.mp3,D.C15,D.C15.mp3
senses,454,https://pub-78d23bf07fce46b3adc19df91148ffb8.r2.dev/Linfala/senses/D/D.C16.mp3,Linfala/senses/D/D.C16.mp3,D.C16,D.C16.mp3
senses,455,https://pub-78d23bf07fce46b3adc19df91148ffb8.r2.dev/Linfala/senses/D/D.C17.mp3,Linfala/senses/D/D.C17.mp3,D.C17,D.C17.mp3
senses,456,https://pub-78d23bf07fce46b3adc19df91148ffb8.r2.dev/Linfala/senses/D/D.C18.mp3,Linfala/senses/D/D.C18.mp3,D.C18,D.C18.mp3
senses,457,https://pub-78d23bf07fce46b3adc19df91148ffb8.r2.dev/Linfala/senses/D/D.C19.mp3,Linfala/senses/D/D.C19.mp3,D.C19,D.C19.mp3
senses,458,https://pub-78d23bf07fce46b3adc19df91148ffb8.r2.dev/Linfala/senses/D/D.C20.mp3,Linfala/senses/D/D.C20.mp3,D.C20,D.C20.mp3
senses,460,https://pub-78d23bf07fce46b3adc19df91148ffb8.r2.dev/Linfala/senses/D/D.C21.mp3,Linfala/senses/D/D.C21.mp3,D.C21,D.C21.mp3
senses,461,https://pub-78d23bf07fce46b3adc19df91148ffb8.r2.dev/Linfala/senses/D/D.C22.mp3,Linfala/senses/D/D.C22.mp3,D.C22,D.C22.mp3
senses,462,https://pub-78d23bf07fce46b3adc19df91148ffb8.r2.dev/Linfala/senses/D/D.C23.mp3,Linfala/senses/D/D.C23.mp3,D.C23,D.C23.mp3
senses,463,https://pub-78d23bf07fce46b3adc19df91148ffb8.r2.dev/Linfala/senses/D/D.C24.mp3,Linfala/senses/D/D.C24.mp3,D.C24,D.C24.mp3
senses,464,https://pub-78d23bf07fce46b3adc19df91148ffb8.r2.dev/Linfala/senses/D/D.C25.mp3,Linfala/senses/D/D.C25.mp3,D.C25,D.C25.mp3
senses,465,https://pub-78d23bf07fce46b3adc19df91148ffb8.r2.dev/Linfala/senses/D/D.C26.mp3,Linfala/senses/D/D.C26.mp3,D.C26,D.C26.mp3
senses,466,https://pub-78d23bf07fce46b3adc19df91148ffb8.r2.dev/Linfala/senses/D/D.C27.mp3,Linfala/senses/D/D.C27.mp3,D.C27,D.C27.mp3
senses,467,https://pub-78d23bf07fce46b3adc19df91148ffb8.r2.dev/Linfala/senses/D/D.C28.mp3,Linfala/senses/D/D.C28.mp3,D.C28,D.C28.mp3
senses,468,https://pub-78d23bf07fce46b3adc19df91148ffb8.r2.dev/Linfala/senses/D/D.C29.mp3,Linfala/senses/D/D.C29.mp3,D.C29,D.C29.mp3
senses,438,https://pub-78d23bf07fce46b3adc19df91148ffb8.r2.dev/Linfala/senses/D/D.C3.mp3,Linfala/senses/D/D.C3.mp3,D.C3,D.C3.mp3
senses,469,https://pub-78d23bf07fce46b3adc19df91148ffb8.r2.dev/Linfala/senses/D/D.C30.mp3,Linfala/senses/D/D.C30.mp3,D.C30,D.C30.mp3
senses,470,https://pub-78d23bf07fce46b3adc19df91148ffb8.r2.dev/Linfala/senses/D/D.C31.mp3,Linfala/senses/D/D.C31.mp3,D.C31,D.C31.mp3
senses,472,https://pub-78d23bf07fce46b3adc19df91148ffb8.r2.dev/Linfala/senses/D/D.C32.mp3,Linfala/senses/D/D.C32.mp3,D.C32,D.C32.mp3
senses,473,https://pub-78d23bf07fce46b3adc19df91148ffb8.r2.dev/Linfala/senses/D/D.C33.mp3,Linfala/senses/D/D.C33.mp3,D.C33,D.C33.mp3
senses,474,https://pub-78d23bf07fce46b3adc19df91148ffb8.r2.dev/Linfala/senses/D/D.C34.mp3,Linfala/senses/D/D.C34.mp3,D.C34,D.C34.mp3
senses,475,https://pub-78d23bf07fce46b3adc19df91148ffb8.r2.dev/Linfala/senses/D/D.C35.mp3,Linfala/senses/D/D.C35.mp3,D.C35,D.C35.mp3
senses,476,https://pub-78d23bf07fce46b3adc19df91148ffb8.r2.dev/Linfala/senses/D/D.C36.mp3,Linfala/senses/D/D.C36.mp3,D.C36,D.C36.mp3
senses,477,https://pub-78d23bf07fce46b3adc19df91148ffb8.r2.dev/Linfala/senses/D/D.C37.mp3,Linfala/senses/D/D.C37.mp3,D.C37,D.C37.mp3
senses,478,https://pub-78d23bf07fce46b3adc19df91148ffb8.r2.dev/Linfala/senses/D/D.C38.mp3,Linfala/senses/D/D.C38.mp3,D.C38,D.C38.mp3
senses,479,https://pub-78d23bf07fce46b3adc19df91148ffb8.r2.dev/Linfala/senses/D/D.C39.mp3,Linfala/senses/D/D.C39.mp3,D.C39,D.C39.mp3
senses,439,https://pub-78d23bf07fce46b3adc19df91148ffb8.r2.dev/Linfala/senses/D/D.C4.mp3,Linfala/senses/D/D.C4.mp3,D.C4,D.C4.mp3
senses,480,https://pub-78d23bf07fce46b3adc19df91148ffb8.r2.dev/Linfala/senses/D/D.C40.mp3,Linfala/senses/D/D.C40.mp3,D.C40,D.C40.mp3
senses,481,https://pub-78d23bf07fce46b3adc19df91148ffb8.r2.dev/Linfala/senses/D/D.C41.mp3,Linfala/senses/D/D.C41.mp3,D.C41,D.C41.mp3
senses,482,https://pub-78d23bf07fce46b3adc19df91148ffb8.r2.dev/Linfala/senses/D/D.C42.mp3,Linfala/senses/D/D.C42.mp3,D.C42,D.C42.mp3
senses,483,https://pub-78d23bf07fce46b3adc19df91148ffb8.r2.dev/Linfala/senses/D/D.C43.mp3,Linfala/senses/D/D.C43.mp3,D.C43,D.C43.mp3
senses,484,https://pub-78d23bf07fce46b3adc19df91148ffb8.r2.dev/Linfala/senses/D/D.C44.mp3,Linfala/senses/D/D.C44.mp3,D.C44,D.C44.mp3
senses,485,https://pub-78d23bf07fce46b3adc19df91148ffb8.r2.dev/Linfala/senses/D/D.C45.mp3,Linfala/senses/D/D.C45.mp3,D.C45,D.C45.mp3
senses,487,https://pub-78d23bf07fce46b3adc19df91148ffb8.r2.dev/Linfala/senses/D/D.C46.mp3,Linfala/senses/D/D.C46.mp3,D.C46,D.C46.mp3
senses,488,https://pub-78d23bf07fce46b3adc19df91148ffb8.r2.dev/Linfala/senses/D/D.C47.mp3,Linfala/senses/D/D.C47.mp3,D.C47,D.C47.mp3
senses,489,https://pub-78d23bf07fce46b3adc19df91148ffb8.r2.dev/Linfala/senses/D/D.C48.mp3,Linfala/senses/D/D.C48.mp3,D.C48,D.C48.mp3
senses,490,https://pub-78d23bf07fce46b3adc19df91148ffb8.r2.dev/Linfala/senses/D/D.C49.mp3,Linfala/senses/D/D.C49.mp3,D.C49,D.C49.mp3
senses,440,https://pub-78d23bf07fce46b3adc19df91148ffb8.r2.dev/Linfala/senses/D/D.C5.mp3,Linfala/senses/D/D.C5.mp3,D.C5,D.C5.mp3
senses,491,https://pub-78d23bf07fce46b3adc19df91148ffb8.r2.dev/Linfala/senses/D/D.C50.mp3,Linfala/senses/D/D.C50.mp3,D.C50,D.C50.mp3
senses,492,https://pub-78d23bf07fce46b3adc19df91148ffb8.r2.dev/Linfala/senses/D/D.C51.mp3,Linfala/senses/D/D.C51.mp3,D.C51,D.C51.mp3
senses,494,https://pub-78d23bf07fce46b3adc19df91148ffb8.r2.dev/Linfala/senses/D/D.C52.mp3,Linfala/senses/D/D.C52.mp3,D.C52,D.C52.mp3
senses,495,https://pub-78d23bf07fce46b3adc19df91148ffb8.r2.dev/Linfala/senses/D/D.C53.mp3,Linfala/senses/D/D.C53.mp3,D.C53,D.C53.mp3
senses,497,https://pub-78d23bf07fce46b3adc19df91148ffb8.r2.dev/Linfala/senses/D/D.C54.mp3,Linfala/senses/D/D.C54.mp3,D.C54,D.C54.mp3
senses,498,https://pub-78d23bf07fce46b3adc19df91148ffb8.r2.dev/Linfala/senses/D/D.C55.mp3,Linfala/senses/D/D.C55.mp3,D.C55,D.C55.mp3
senses,499,https://pub-78d23bf07fce46b3adc19df91148ffb8.r2.dev/Linfala/senses/D/D.C56.mp3,Linfala/senses/D/D.C56.mp3,D.C56,D.C56.mp3
senses,501,https://pub-78d23bf07fce46b3adc19df91148ffb8.r2.dev/Linfala/senses/D/D.C57.mp3,Linfala/senses/D/D.C57.mp3,D.C57,D.C57.mp3
senses,502,https://pub-78d23bf07fce46b3adc19df91148ffb8.r2.dev/Linfala/senses/D/D.C58.mp3,Linfala/senses/D/D.C58.mp3,D.C58,D.C58.mp3
senses,503,https://pub-78d23bf07fce46b3adc19df91148ffb8.r2.dev/Linfala/senses/D/D.C59.mp3,Linfala/senses/D/D.C59.mp3,D.C59,D.C59.mp3
senses,441,https://pub-78d23bf07fce46b3adc19df91148ffb8.r2.dev/Linfala/senses/D/D.C6.mp3,Linfala/senses/D/D.C6.mp3,D.C6,D.C6.mp3
senses,504,https://pub-78d23bf07fce46b3adc19df91148ffb8.r2.dev/Linfala/senses/D/D.C60.mp3,Linfala/senses/D/D.C60.mp3,D.C60,D.C60.mp3
senses,505,https://pub-78d23bf07fce46b3adc19df91148ffb8.r2.dev/Linfala/senses/D/D.C61.mp3,Linfala/senses/D/D.C61.mp3,D.C61,D.C61.mp3
senses,506,https://pub-78d23bf07fce46b3adc19df91148ffb8.r2.dev/Linfala/senses/D/D.C62.mp3,Linfala/senses/D/D.C62.mp3,D.C62,D.C62.mp3
senses,507,https://pub-78d23bf07fce46b3adc19df91148ffb8.r2.dev/Linfala/senses/D/D.C63.mp3,Linfala/senses/D/D.C63.mp3,D.C63,D.C63.mp3
senses,508,https://pub-78d23bf07fce46b3adc19df91148ffb8.r2.dev/Linfala/senses/D/D.C64.mp3,Linfala/senses/D/D.C64.mp3,D.C64,D.C64.mp3
senses,509,https://pub-78d23bf07fce46b3adc19df91148ffb8.r2.dev/Linfala/senses/D/D.C65.mp3,Linfala/senses/D/D.C65.mp3,D.C65,D.C65.mp3
senses,510,https://pub-78d23bf07fce46b3adc19df91148ffb8.r2.dev/Linfala/senses/D/D.C66.mp3,Linfala/senses/D/D.C66.mp3,D.C66,D.C66.mp3
senses,511,https://pub-78d23bf07fce46b3adc19df91148ffb8.r2.dev/Linfala/senses/D/D.C67.mp3,Linfala/senses/D/D.C67.mp3,D.C67,D.C67.mp3
senses,512,https://pub-78d23bf07fce46b3adc19df91148ffb8.r2.dev/Linfala/senses/D/D.C68.mp3,Linfala/senses/D/D.C68.mp3,D.C68,D.C68.mp3
senses,513,https://pub-78d23bf07fce46b3adc19df91148ffb8.r2.dev/Linfala/senses/D/D.C69.mp3,Linfala/senses/D/D.C69.mp3,D.C69,D.C69.mp3
senses,442,https://pub-78d23bf07fce46b3adc19df91148ffb8.r2.dev/Linfala/senses/D/D.C7.mp3,Linfala/senses/D/D.C7.mp3,D.C7,D.C7.mp3
senses,514,https://pub-78d23bf07fce46b3adc19df91148ffb8.r2.dev/Linfala/senses/D/D.C70.mp3,Linfala/senses/D/D.C70.mp3,D.C70,D.C70.mp3
senses,515,https://pub-78d23bf07fce46b3adc19df91148ffb8.r2.dev/Linfala/senses/D/D.C71.mp3,Linfala/senses/D/D.C71.mp3,D.C71,D.C71.mp3
senses,516,https://pub-78d23bf07fce46b3adc19df91148ffb8.r2.dev/Linfala/senses/D/D.C72.mp3,Linfala/senses/D/D.C72.mp3,D.C72,D.C72.mp3
senses,517,https://pub-78d23bf07fce46b3adc19df91148ffb8.r2.dev/Linfala/senses/D/D.C73.mp3,Linfala/senses/D/D.C73.mp3,D.C73,D.C73.mp3
senses,518,https://pub-78d23bf07fce46b3adc19df91148ffb8.r2.dev/Linfala/senses/D/D.C74.mp3,Linfala/senses/D/D.C74.mp3,D.C74,D.C74.mp3
senses,519,https://pub-78d23bf07fce46b3adc19df91148ffb8.r2.dev/Linfala/senses/D/D.C75.mp3,Linfala/senses/D/D.C75.mp3,D.C75,D.C75.mp3
senses,521,https://pub-78d23bf07fce46b3adc19df91148ffb8.r2.dev/Linfala/senses/D/D.C76.mp3,Linfala/senses/D/D.C76.mp3,D.C76,D.C76.mp3
senses,522,https://pub-78d23bf07fce46b3adc19df91148ffb8.r2.dev/Linfala/senses/D/D.C77.mp3,Linfala/senses/D/D.C77.mp3,D.C77,D.C77.mp3
senses,523,https://pub-78d23bf07fce46b3adc19df91148ffb8.r2.dev/Linfala/senses/D/D.C78.mp3,Linfala/senses/D/D.C78.mp3,D.C78,D.C78.mp3
senses,524,https://pub-78d23bf07fce46b3adc19df91148ffb8.r2.dev/Linfala/senses/D/D.C79.mp3,Linfala/senses/D/D.C79.mp3,D.C79,D.C79.mp3
senses,443,https://pub-78d23bf07fce46b3adc19df91148ffb8.r2.dev/Linfala/senses/D/D.C8.mp3,Linfala/senses/D/D.C8.mp3,D.C8,D.C8.mp3
senses,525,https://pub-78d23bf07fce46b3adc19df91148ffb8.r2.dev/Linfala/senses/D/D.C80.mp3,Linfala/senses/D/D.C80.mp3,D.C80,D.C80.mp3
senses,526,https://pub-78d23bf07fce46b3adc19df91148ffb8.r2.dev/Linfala/senses/D/D.C81.mp3,Linfala/senses/D/D.C81.mp3,D.C81,D.C81.mp3
senses,527,https://pub-78d23bf07fce46b3adc19df91148ffb8.r2.dev/Linfala/senses/D/D.C82.mp3,Linfala/senses/D/D.C82.mp3,D.C82,D.C82.mp3
senses,529,https://pub-78d23bf07fce46b3adc19df91148ffb8.r2.dev/Linfala/senses/D/D.C83.mp3,Linfala/senses/D/D.C83.mp3,D.C83,D.C83.mp3
senses,530,https://pub-78d23bf07fce46b3adc19df91148ffb8.r2.dev/Linfala/senses/D/D.C84.mp3,Linfala/senses/D/D.C84.mp3,D.C84,D.C84.mp3
senses,532,https://pub-78d23bf07fce46b3adc19df91148ffb8.r2.dev/Linfala/senses/D/D.C85.mp3,Linfala/senses/D/D.C85.mp3,D.C85,D.C85.mp3
senses,533,https://pub-78d23bf07fce46b3adc19df91148ffb8.r2.dev/Linfala/senses/D/D.C86.mp3,Linfala/senses/D/D.C86.mp3,D.C86,D.C86.mp3
senses,534,https://pub-78d23bf07fce46b3adc19df91148ffb8.r2.dev/Linfala/senses/D/D.C87.mp3,Linfala/senses/D/D.C87.mp3,D.C87,D.C87.mp3
senses,535,https://pub-78d23bf07fce46b3adc19df91148ffb8.r2.dev/Linfala/senses/D/D.C88.mp3,Linfala/senses/D/D.C88.mp3,D.C88,D.C88.mp3
senses,536,https://pub-78d23bf07fce46b3adc19df91148ffb8.r2.dev/Linfala/senses/D/D.C89.mp3,Linfala/senses/D/D.C89.mp3,D.C89,D.C89.mp3
senses,446,https://pub-78d23bf07fce46b3adc19df91148ffb8.r2.dev/Linfala/senses/D/D.C9.mp3,Linfala/senses/D/D.C9.mp3,D.C9,D.C9.mp3
senses,537,https://pub-78d23bf07fce46b3adc19df91148ffb8.r2.dev/Linfala/senses/D/D.C90.mp3,Linfala/senses/D/D.C90.mp3,D.C90,D.C90.mp3
senses,538,https://pub-78d23bf07fce46b3adc19df91148ffb8.r2.dev/Linfala/senses/D/D.C91.mp3,Linfala/senses/D/D.C91.mp3,D.C91,D.C91.mp3
senses,539,https://pub-78d23bf07fce46b3adc19df91148ffb8.r2.dev/Linfala/senses/D/D.C92.mp3,Linfala/senses/D/D.C92.mp3,D.C92,D.C92.mp3
senses,540,https://pub-78d23bf07fce46b3adc19df91148ffb8.r2.dev/Linfala/senses/D/D.C93.mp3,Linfala/senses/D/D.C93.mp3,D.C93,D.C93.mp3
senses,541,https://pub-78d23bf07fce46b3adc19df91148ffb8.r2.dev/Linfala/senses/D/D.C94.mp3,Linfala/senses/D/D.C94.mp3,D.C94,D.C94.mp3
senses,542,https://pub-78d23bf07fce46b3adc19df91148ffb8.r2.dev/Linfala/senses/D/D.C95.mp3,Linfala/senses/D/D.C95.mp3,D.C95,D.C95.mp3
senses,544,https://pub-78d23bf07fce46b3adc19df91148ffb8.r2.dev/Linfala/senses/D/D.C96.mp3,Linfala/senses/D/D.C96.mp3,D.C96,D.C96.mp3
senses,545,https://pub-78d23bf07fce46b3adc19df91148ffb8.r2.dev/Linfala/senses/D/D.C97.mp3,Linfala/senses/D/D.C97.mp3,D.C97,D.C97.mp3
senses,546,https://pub-78d23bf07fce46b3adc19df91148ffb8.r2.dev/Linfala/senses/D/D.C98.mp3,Linfala/senses/D/D.C98.mp3,D.C98,D.C98.mp3
senses,547,https://pub-78d23bf07fce46b3adc19df91148ffb8.r2.dev/Linfala/senses/D/D.C99.mp3,Linfala/senses/D/D.C99.mp3,D.C99,D.C99.mp3
examples,447,https://pub-78d23bf07fce46b3adc19df91148ffb8.r2.dev/Linfala/examples/D/D.D10.mp3,Linfala/examples/D/D.D10.mp3,D.D10,D.D10.mp3
examples,548,https://pub-78d23bf07fce46b3adc19df91148ffb8.r2.dev/Linfala/examples/D/D.D100.mp3,Linfala/examples/D/D.D100.mp3,D.D100,D.D100.mp3
examples,549,https://pub-78d23bf07fce46b3adc19df91148ffb8.r2.dev/Linfala/examples/D/D.D101.mp3,Linfala/examples/D/D.D101.mp3,D.D101,D.D101.mp3
examples,550,https://pub-78d23bf07fce46b3adc19df91148ffb8.r2.dev/Linfala/examples/D/D.D102.mp3,Linfala/examples/D/D.D102.mp3,D.D102,D.D102.mp3
examples,551,https://pub-78d23bf07fce46b3adc19df91148ffb8.r2.dev/Linfala/examples/D/D.D103.mp3,Linfala/examples/D/D.D103.mp3,D.D103,D.D103.mp3
examples,552,https://pub-78d23bf07fce46b3adc19df91148ffb8.r2.dev/Linfala/examples/D/D.D104.mp3,Linfala/examples/D/D.D104.mp3,D.D104,D.D104.mp3
examples,554,https://pub-78d23bf07fce46b3adc19df91148ffb8.r2.dev/Linfala/examples/D/D.D105.mp3,Linfala/examples/D/D.D105.mp3,D.D105,D.D105.mp3
examples,555,https://pub-78d23bf07fce46b3adc19df91148ffb8.r2.dev/Linfala/examples/D/D.D106.mp3,Linfala/examples/D/D.D106.mp3,D.D106,D.D106.mp3
examples,557,https://pub-78d23bf07fce46b3adc19df91148ffb8.r2.dev/Linfala/examples/D/D.D107.mp3,Linfala/examples/D/D.D107.mp3,D.D107,D.D107.mp3
examples,558,https://pub-78d23bf07fce46b3adc19df91148ffb8.r2.dev/Linfala/examples/D/D.D108.mp3,Linfala/examples/D/D.D108.mp3,D.D108,D.D108.mp3
examples,559,https://pub-78d23bf07fce46b3adc19df91148ffb8.r2.dev/Linfala/examples/D/D.D109.mp3,Linfala/examples/D/D.D109.mp3,D.D109,D.D109.mp3
examples,448,https://pub-78d23bf07fce46b3adc19df91148ffb8.r2.dev/Linfala/examples/D/D.D11.mp3,Linfala/examples/D/D.D11.mp3,D.D11,D.D11.mp3
examples,560,https://pub-78d23bf07fce46b3adc19df91148ffb8.r2.dev/Linfala/examples/D/D.D110.mp3,Linfala/examples/D/D.D110.mp3,D.D110,D.D110.mp3
examples,561,https://pub-78d23bf07fce46b3adc19df91148ffb8.r2.dev/Linfala/examples/D/D.D111.mp3,Linfala/examples/D/D.D111.mp3,D.D111,D.D111.mp3
examples,562,https://pub-78d23bf07fce46b3adc19df91148ffb8.r2.dev/Linfala/examples/D/D.D112.mp3,Linfala/examples/D/D.D112.mp3,D.D112,D.D112.mp3
examples,563,https://pub-78d23bf07fce46b3adc19df91148ffb8.r2.dev/Linfala/examples/D/D.D113.mp3,Linfala/examples/D/D.D113.mp3,D.D113,D.D113.mp3
examples,564,https://pub-78d23bf07fce46b3adc19df91148ffb8.r2.dev/Linfala/examples/D/D.D114.mp3,Linfala/examples/D/D.D114.mp3,D.D114,D.D114.mp3
examples,565,https://pub-78d23bf07fce46b3adc19df91148ffb8.r2.dev/Linfala/examples/D/D.D115.mp3,Linfala/examples/D/D.D115.mp3,D.D115,D.D115.mp3
examples,566,https://pub-78d23bf07fce46b3adc19df91148ffb8.r2.dev/Linfala/examples/D/D.D116.mp3,Linfala/examples/D/D.D116.mp3,D.D116,D.D116.mp3
examples,567,https://pub-78d23bf07fce46b3adc19df91148ffb8.r2.dev/Linfala/examples/D/D.D117.mp3,Linfala/examples/D/D.D117.mp3,D.D117,D.D117.mp3
examples,568,https://pub-78d23bf07fce46b3adc19df91148ffb8.r2.dev/Linfala/examples/D/D.D118.mp3,Linfala/examples/D/D.D118.mp3,D.D118,D.D118.mp3
examples,569,https://pub-78d23bf07fce46b3adc19df91148ffb8.r2.dev/Linfala/examples/D/D.D119.mp3,Linfala/examples/D/D.D119.mp3,D.D119,D.D119.mp3
examples,450,https://pub-78d23bf07fce46b3adc19df91148ffb8.r2.dev/Linfala/examples/D/D.D12.mp3,Linfala/examples/D/D.D12.mp3,D.D12,D.D12.mp3
examples,570,https://pub-78d23bf07fce46b3adc19df91148ffb8.r2.dev/Linfala/examples/D/D.D120.mp3,Linfala/examples/D/D.D120.mp3,D.D120,D.D120.mp3
examples,572,https://pub-78d23bf07fce46b3adc19df91148ffb8.r2.dev/Linfala/examples/D/D.D121.mp3,Linfala/examples/D/D.D121.mp3,D.D121,D.D121.mp3
examples,573,https://pub-78d23bf07fce46b3adc19df91148ffb8.r2.dev/Linfala/examples/D/D.D122.mp3,Linfala/examples/D/D.D122.mp3,D.D122,D.D122.mp3
examples,574,https://pub-78d23bf07fce46b3adc19df91148ffb8.r2.dev/Linfala/examples/D/D.D123.mp3,Linfala/examples/D/D.D123.mp3,D.D123,D.D123.mp3
examples,575,https://pub-78d23bf07fce46b3adc19df91148ffb8.r2.dev/Linfala/examples/D/D.D124.mp3,Linfala/examples/D/D.D124.mp3,D.D124,D.D124.mp3
examples,576,https://pub-78d23bf07fce46b3adc19df91148ffb8.r2.dev/Linfala/examples/D/D.D125.mp3,Linfala/examples/D/D.D125.mp3,D.D125,D.D125.mp3
examples,578,https://pub-78d23bf07fce46b3adc19df91148ffb8.r2.dev/Linfala/examples/D/D.D126.mp3,Linfala/examples/D/D.D126.mp3,D.D126,D.D126.mp3
examples,579,https://pub-78d23bf07fce46b3adc19df91148ffb8.r2.dev/Linfala/examples/D/D.D127.mp3,Linfala/examples/D/D.D127.mp3,D.D127,D.D127.mp3
examples,581,https://pub-78d23bf07fce46b3adc19df91148ffb8.r2.dev/Linfala/examples/D/D.D128.mp3,Linfala/examples/D/D.D128.mp3,D.D128,D.D128.mp3
examples,582,https://pub-78d23bf07fce46b3adc19df91148ffb8.r2.dev/Linfala/examples/D/D.D129.mp3,Linfala/examples/D/D.D129.mp3,D.D129,D.D129.mp3
examples,451,https://pub-78d23bf07fce46b3adc19df91148ffb8.r2.dev/Linfala/examples/D/D.D13.mp3,Linfala/examples/D/D.D13.mp3,D.D13,D.D13.mp3
examples,583,https://pub-78d23bf07fce46b3adc19df91148ffb8.r2.dev/Linfala/examples/D/D.D130.mp3,Linfala/examples/D/D.D130.mp3,D.D130,D.D130.mp3
examples,584,https://pub-78d23bf07fce46b3adc19df91148ffb8.r2.dev/Linfala/examples/D/D.D131.mp3,Linfala/examples/D/D.D131.mp3,D.D131,D.D131.mp3
examples,585,https://pub-78d23bf07fce46b3adc19df91148ffb8.r2.dev/Linfala/examples/D/D.D132.mp3,Linfala/examples/D/D.D132.mp3,D.D132,D.D132.mp3
examples,586,https://pub-78d23bf07fce46b3adc19df91148ffb8.r2.dev/Linfala/examples/D/D.D133.mp3,Linfala/examples/D/D.D133.mp3,D.D133,D.D133.mp3
examples,587,https://pub-78d23bf07fce46b3adc19df91148ffb8.r2.dev/Linfala/examples/D/D.D134.mp3,Linfala/examples/D/D.D134.mp3,D.D134,D.D134.mp3
examples,588,https://pub-78d23bf07fce46b3adc19df91148ffb8.r2.dev/Linfala/examples/D/D.D135.mp3,Linfala/examples/D/D.D135.mp3,D.D135,D.D135.mp3
examples,589,https://pub-78d23bf07fce46b3adc19df91148ffb8.r2.dev/Linfala/examples/D/D.D136.mp3,Linfala/examples/D/D.D136.mp3,D.D136,D.D136.mp3
examples,590,https://pub-78d23bf07fce46b3adc19df91148ffb8.r2.dev/Linfala/examples/D/D.D137.mp3,Linfala/examples/D/D.D137.mp3,D.D137,D.D137.mp3
examples,591,https://pub-78d23bf07fce46b3adc19df91148ffb8.r2.dev/Linfala/examples/D/D.D138.mp3,Linfala/examples/D/D.D138.mp3,D.D138,D.D138.mp3
examples,592,https://pub-78d23bf07fce46b3adc19df91148ffb8.r2.dev/Linfala/examples/D/D.D139.mp3,Linfala/examples/D/D.D139.mp3,D.D139,D.D139.mp3
examples,452,https://pub-78d23bf07fce46b3adc19df91148ffb8.r2.dev/Linfala/examples/D/D.D14.mp3,Linfala/examples/D/D.D14.mp3,D.D14,D.D14.mp3
examples,593,https://pub-78d23bf07fce46b3adc19df91148ffb8.r2.dev/Linfala/examples/D/D.D140.mp3,Linfala/examples/D/D.D140.mp3,D.D140,D.D140.mp3
examples,594,https://pub-78d23bf07fce46b3adc19df91148ffb8.r2.dev/Linfala/examples/D/D.D141.mp3,Linfala/examples/D/D.D141.mp3,D.D141,D.D141.mp3
examples,595,https://pub-78d23bf07fce46b3adc19df91148ffb8.r2.dev/Linfala/examples/D/D.D142.mp3,Linfala/examples/D/D.D142.mp3,D.D142,D.D142.mp3
examples,596,https://pub-78d23bf07fce46b3adc19df91148ffb8.r2.dev/Linfala/examples/D/D.D143.mp3,Linfala/examples/D/D.D143.mp3,D.D143,D.D143.mp3
examples,453,https://pub-78d23bf07fce46b3adc19df91148ffb8.r2.dev/Linfala/examples/D/D.D15.mp3,Linfala/examples/D/D.D15.mp3,D.D15,D.D15.mp3
examples,454,https://pub-78d23bf07fce46b3adc19df91148ffb8.r2.dev/Linfala/examples/D/D.D16.mp3,Linfala/examples/D/D.D16.mp3,D.D16,D.D16.mp3
examples,455,https://pub-78d23bf07fce46b3adc19df91148ffb8.r2.dev/Linfala/examples/D/D.D17.mp3,Linfala/examples/D/D.D17.mp3,D.D17,D.D17.mp3
examples,456,https://pub-78d23bf07fce46b3adc19df91148ffb8.r2.dev/Linfala/examples/D/D.D18.mp3,Linfala/examples/D/D.D18.mp3,D.D18,D.D18.mp3
examples,457,https://pub-78d23bf07fce46b3adc19df91148ffb8.r2.dev/Linfala/examples/D/D.D19.mp3,Linfala/examples/D/D.D19.mp3,D.D19,D.D19.mp3
examples,458,https://pub-78d23bf07fce46b3adc19df91148ffb8.r2.dev/Linfala/examples/D/D.D20.mp3,Linfala/examples/D/D.D20.mp3,D.D20,D.D20.mp3
examples,460,https://pub-78d23bf07fce46b3adc19df91148ffb8.r2.dev/Linfala/examples/D/D.D21.mp3,Linfala/examples/D/D.D21.mp3,D.D21,D.D21.mp3
examples,462,https://pub-78d23bf07fce46b3adc19df91148ffb8.r2.dev/Linfala/examples/D/D.D23.mp3,Linfala/examples/D/D.D23.mp3,D.D23,D.D23.mp3
examples,463,https://pub-78d23bf07fce46b3adc19df91148ffb8.r2.dev/Linfala/examples/D/D.D24.mp3,Linfala/examples/D/D.D24.mp3,D.D24,D.D24.mp3
examples,464,https://pub-78d23bf07fce46b3adc19df91148ffb8.r2.dev/Linfala/examples/D/D.D25.mp3,Linfala/examples/D/D.D25.mp3,D.D25,D.D25.mp3
examples,465,https://pub-78d23bf07fce46b3adc19df91148ffb8.r2.dev/Linfala/examples/D/D.D26.mp3,Linfala/examples/D/D.D26.mp3,D.D26,D.D26.mp3
examples,466,https://pub-78d23bf07fce46b3adc19df91148ffb8.r2.dev/Linfala/examples/D/D.D27.mp3,Linfala/examples/D/D.D27.mp3,D.D27,D.D27.mp3
examples,467,https://pub-78d23bf07fce46b3adc19df91148ffb8.r2.dev/Linfala/examples/D/D.D28.mp3,Linfala/examples/D/D.D28.mp3,D.D28,D.D28.mp3
examples,468,https://pub-78d23bf07fce46b3adc19df91148ffb8.r2.dev/Linfala/examples/D/D.D29.mp3,Linfala/examples/D/D.D29.mp3,D.D29,D.D29.mp3
examples,438,https://pub-78d23bf07fce46b3adc19df91148ffb8.r2.dev/Linfala/examples/D/D.D3.mp3,Linfala/examples/D/D.D3.mp3,D.D3,D.D3.mp3
examples,469,https://pub-78d23bf07fce46b3adc19df91148ffb8.r2.dev/Linfala/examples/D/D.D30.mp3,Linfala/examples/D/D.D30.mp3,D.D30,D.D30.mp3
examples,470,https://pub-78d23bf07fce46b3adc19df91148ffb8.r2.dev/Linfala/examples/D/D.D31.mp3,Linfala/examples/D/D.D31.mp3,D.D31,D.D31.mp3
examples,472,https://pub-78d23bf07fce46b3adc19df91148ffb8.r2.dev/Linfala/examples/D/D.D32.mp3,Linfala/examples/D/D.D32.mp3,D.D32,D.D32.mp3
examples,473,https://pub-78d23bf07fce46b3adc19df91148ffb8.r2.dev/Linfala/examples/D/D.D33.mp3,Linfala/examples/D/D.D33.mp3,D.D33,D.D33.mp3
examples,474,https://pub-78d23bf07fce46b3adc19df91148ffb8.r2.dev/Linfala/examples/D/D.D34.mp3,Linfala/examples/D/D.D34.mp3,D.D34,D.D34.mp3
examples,475,https://pub-78d23bf07fce46b3adc19df91148ffb8.r2.dev/Linfala/examples/D/D.D35.mp3,Linfala/examples/D/D.D35.mp3,D.D35,D.D35.mp3
examples,476,https://pub-78d23bf07fce46b3adc19df91148ffb8.r2.dev/Linfala/examples/D/D.D36.mp3,Linfala/examples/D/D.D36.mp3,D.D36,D.D36.mp3
examples,477,https://pub-78d23bf07fce46b3adc19df91148ffb8.r2.dev/Linfala/examples/D/D.D37.mp3,Linfala/examples/D/D.D37.mp3,D.D37,D.D37.mp3
examples,478,https://pub-78d23bf07fce46b3adc19df91148ffb8.r2.dev/Linfala/examples/D/D.D38.mp3,Linfala/examples/D/D.D38.mp3,D.D38,D.D38.mp3
examples,479,https://pub-78d23bf07fce46b3adc19df91148ffb8.r2.dev/Linfala/examples/D/D.D39.mp3,Linfala/examples/D/D.D39.mp3,D.D39,D.D39.mp3
examples,439,https://pub-78d23bf07fce46b3adc19df91148ffb8.r2.dev/Linfala/examples/D/D.D4.mp3,Linfala/examples/D/D.D4.mp3,D.D4,D.D4.mp3
examples,480,https://pub-78d23bf07fce46b3adc19df91148ffb8.r2.dev/Linfala/examples/D/D.D40.mp3,Linfala/examples/D/D.D40.mp3,D.D40,D.D40.mp3
examples,481,https://pub-78d23bf07fce46b3adc19df91148ffb8.r2.dev/Linfala/examples/D/D.D41.mp3,Linfala/examples/D/D.D41.mp3,D.D41,D.D41.mp3
examples,482,https://pub-78d23bf07fce46b3adc19df91148ffb8.r2.dev/Linfala/examples/D/D.D42.mp3,Linfala/examples/D/D.D42.mp3,D.D42,D.D42.mp3
examples,483,https://pub-78d23bf07fce46b3adc19df91148ffb8.r2.dev/Linfala/examples/D/D.D43.mp3,Linfala/examples/D/D.D43.mp3,D.D43,D.D43.mp3
examples,484,https://pub-78d23bf07fce46b3adc19df91148ffb8.r2.dev/Linfala/examples/D/D.D44.mp3,Linfala/examples/D/D.D44.mp3,D.D44,D.D44.mp3
examples,485,https://pub-78d23bf07fce46b3adc19df91148ffb8.r2.dev/Linfala/examples/D/D.D45.mp3,Linfala/examples/D/D.D45.mp3,D.D45,D.D45.mp3
examples,487,https://pub-78d23bf07fce46b3adc19df91148ffb8.r2.dev/Linfala/examples/D/D.D46.mp3,Linfala/examples/D/D.D46.mp3,D.D46,D.D46.mp3
examples,488,https://pub-78d23bf07fce46b3adc19df91148ffb8.r2.dev/Linfala/examples/D/D.D47.mp3,Linfala/examples/D/D.D47.mp3,D.D47,D.D47.mp3
examples,489,https://pub-78d23bf07fce46b3adc19df91148ffb8.r2.dev/Linfala/examples/D/D.D48.mp3,Linfala/examples/D/D.D48.mp3,D.D48,D.D48.mp3
examples,490,https://pub-78d23bf07fce46b3adc19df91148ffb8.r2.dev/Linfala/examples/D/D.D49.mp3,Linfala/examples/D/D.D49.mp3,D.D49,D.D49.mp3
examples,440,https://pub-78d23bf07fce46b3adc19df91148ffb8.r2.dev/Linfala/examples/D/D.D5.mp3,Linfala/examples/D/D.D5.mp3,D.D5,D.D5.mp3
examples,491,https://pub-78d23bf07fce46b3adc19df91148ffb8.r2.dev/Linfala/examples/D/D.D50.mp3,Linfala/examples/D/D.D50.mp3,D.D50,D.D50.mp3
examples,492,https://pub-78d23bf07fce46b3adc19df91148ffb8.r2.dev/Linfala/examples/D/D.D51.mp3,Linfala/examples/D/D.D51.mp3,D.D51,D.D51.mp3
examples,494,https://pub-78d23bf07fce46b3adc19df91148ffb8.r2.dev/Linfala/examples/D/D.D52.mp3,Linfala/examples/D/D.D52.mp3,D.D52,D.D52.mp3
examples,495,https://pub-78d23bf07fce46b3adc19df91148ffb8.r2.dev/Linfala/examples/D/D.D53.mp3,Linfala/examples/D/D.D53.mp3,D.D53,D.D53.mp3
examples,497,https://pub-78d23bf07fce46b3adc19df91148ffb8.r2.dev/Linfala/examples/D/D.D54.mp3,Linfala/examples/D/D.D54.mp3,D.D54,D.D54.mp3
examples,498,https://pub-78d23bf07fce46b3adc19df91148ffb8.r2.dev/Linfala/examples/D/D.D55.mp3,Linfala/examples/D/D.D55.mp3,D.D55,D.D55.mp3
examples,499,https://pub-78d23bf07fce46b3adc19df91148ffb8.r2.dev/Linfala/examples/D/D.D56.mp3,Linfala/examples/D/D.D56.mp3,D.D56,D.D56.mp3
examples,501,https://pub-78d23bf07fce46b3adc19df91148ffb8.r2.dev/Linfala/examples/D/D.D57.mp3,Linfala/examples/D/D.D57.mp3,D.D57,D.D57.mp3
examples,502,https://pub-78d23bf07fce46b3adc19df91148ffb8.r2.dev/Linfala/examples/D/D.D58.mp3,Linfala/examples/D/D.D58.mp3,D.D58,D.D58.mp3
examples,503,https://pub-78d23bf07fce46b3adc19df91148ffb8.r2.dev/Linfala/examples/D/D.D59.mp3,Linfala/examples/D/D.D59.mp3,D.D59,D.D59.mp3
examples,441,https://pub-78d23bf07fce46b3adc19df91148ffb8.r2.dev/Linfala/examples/D/D.D6.mp3,Linfala/examples/D/D.D6.mp3,D.D6,D.D6.mp3
examples,504,https://pub-78d23bf07fce46b3adc19df91148ffb8.r2.dev/Linfala/examples/D/D.D60.mp3,Linfala/examples/D/D.D60.mp3,D.D60,D.D60.mp3
examples,505,https://pub-78d23bf07fce46b3adc19df91148ffb8.r2.dev/Linfala/examples/D/D.D61.mp3,Linfala/examples/D/D.D61.mp3,D.D61,D.D61.mp3
examples,506,https://pub-78d23bf07fce46b3adc19df91148ffb8.r2.dev/Linfala/examples/D/D.D62.mp3,Linfala/examples/D/D.D62.mp3,D.D62,D.D62.mp3
examples,507,https://pub-78d23bf07fce46b3adc19df91148ffb8.r2.dev/Linfala/examples/D/D.D63.mp3,Linfala/examples/D/D.D63.mp3,D.D63,D.D63.mp3
examples,508,https://pub-78d23bf07fce46b3adc19df91148ffb8.r2.dev/Linfala/examples/D/D.D64.mp3,Linfala/examples/D/D.D64.mp3,D.D64,D.D64.mp3
examples,509,https://pub-78d23bf07fce46b3adc19df91148ffb8.r2.dev/Linfala/examples/D/D.D65.mp3,Linfala/examples/D/D.D65.mp3,D.D65,D.D65.mp3
examples,510,https://pub-78d23bf07fce46b3adc19df91148ffb8.r2.dev/Linfala/examples/D/D.D66.mp3,Linfala/examples/D/D.D66.mp3,D.D66,D.D66.mp3
examples,511,https://pub-78d23bf07fce46b3adc19df91148ffb8.r2.dev/Linfala/examples/D/D.D67.mp3,Linfala/examples/D/D.D67.mp3,D.D67,D.D67.mp3
examples,512,https://pub-78d23bf07fce46b3adc19df91148ffb8.r2.dev/Linfala/examples/D/D.D68.mp3,Linfala/examples/D/D.D68.mp3,D.D68,D.D68.mp3
examples,513,https://pub-78d23bf07fce46b3adc19df91148ffb8.r2.dev/Linfala/examples/D/D.D69.mp3,Linfala/examples/D/D.D69.mp3,D.D69,D.D69.mp3
examples,442,https://pub-78d23bf07fce46b3adc19df91148ffb8.r2.dev/Linfala/examples/D/D.D7.mp3,Linfala/examples/D/D.D7.mp3,D.D7,D.D7.mp3
examples,514,https://pub-78d23bf07fce46b3adc19df91148ffb8.r2.dev/Linfala/examples/D/D.D70.mp3,Linfala/examples/D/D.D70.mp3,D.D70,D.D70.mp3
examples,515,https://pub-78d23bf07fce46b3adc19df91148ffb8.r2.dev/Linfala/examples/D/D.D71.mp3,Linfala/examples/D/D.D71.mp3,D.D71,D.D71.mp3
examples,516,https://pub-78d23bf07fce46b3adc19df91148ffb8.r2.dev/Linfala/examples/D/D.D72.mp3,Linfala/examples/D/D.D72.mp3,D.D72,D.D72.mp3
examples,517,https://pub-78d23bf07fce46b3adc19df91148ffb8.r2.dev/Linfala/examples/D/D.D73.mp3,Linfala/examples/D/D.D73.mp3,D.D73,D.D73.mp3
examples,518,https://pub-78d23bf07fce46b3adc19df91148ffb8.r2.dev/Linfala/examples/D/D.D74.mp3,Linfala/examples/D/D.D74.mp3,D.D74,D.D74.mp3
examples,519,https://pub-78d23bf07fce46b3adc19df91148ffb8.r2.dev/Linfala/examples/D/D.D75.mp3,Linfala/examples/D/D.D75.mp3,D.D75,D.D75.mp3
examples,523,https://pub-78d23bf07fce46b3adc19df91148ffb8.r2.dev/Linfala/examples/D/D.D78.mp3,Linfala/examples/D/D.D78.mp3,D.D78,D.D78.mp3
examples,443,https://pub-78d23bf07fce46b3adc19df91148ffb8.r2.dev/Linfala/examples/D/D.D8.mp3,Linfala/examples/D/D.D8.mp3,D.D8,D.D8.mp3
examples,525,https://pub-78d23bf07fce46b3adc19df91148ffb8.r2.dev/Linfala/examples/D/D.D80.mp3,Linfala/examples/D/D.D80.mp3,D.D80,D.D80.mp3
examples,526,https://pub-78d23bf07fce46b3adc19df91148ffb8.r2.dev/Linfala/examples/D/D.D81.mp3,Linfala/examples/D/D.D81.mp3,D.D81,D.D81.mp3
examples,527,https://pub-78d23bf07fce46b3adc19df91148ffb8.r2.dev/Linfala/examples/D/D.D82.mp3,Linfala/examples/D/D.D82.mp3,D.D82,D.D82.mp3
examples,529,https://pub-78d23bf07fce46b3adc19df91148ffb8.r2.dev/Linfala/examples/D/D.D83.mp3,Linfala/examples/D/D.D83.mp3,D.D83,D.D83.mp3
examples,530,https://pub-78d23bf07fce46b3adc19df91148ffb8.r2.dev/Linfala/examples/D/D.D84.mp3,Linfala/examples/D/D.D84.mp3,D.D84,D.D84.mp3
examples,532,https://pub-78d23bf07fce46b3adc19df91148ffb8.r2.dev/Linfala/examples/D/D.D85.mp3,Linfala/examples/D/D.D85.mp3,D.D85,D.D85.mp3
examples,533,https://pub-78d23bf07fce46b3adc19df91148ffb8.r2.dev/Linfala/examples/D/D.D86.mp3,Linfala/examples/D/D.D86.mp3,D.D86,D.D86.mp3
examples,534,https://pub-78d23bf07fce46b3adc19df91148ffb8.r2.dev/Linfala/examples/D/D.D87.mp3,Linfala/examples/D/D.D87.mp3,D.D87,D.D87.mp3
examples,535,https://pub-78d23bf07fce46b3adc19df91148ffb8.r2.dev/Linfala/examples/D/D.D88.mp3,Linfala/examples/D/D.D88.mp3,D.D88,D.D88.mp3
examples,536,https://pub-78d23bf07fce46b3adc19df91148ffb8.r2.dev/Linfala/examples/D/D.D89.mp3,Linfala/examples/D/D.D89.mp3,D.D89,D.D89.mp3
examples,446,https://pub-78d23bf07fce46b3adc19df91148ffb8.r2.dev/Linfala/examples/D/D.D9.mp3,Linfala/examples/D/D.D9.mp3,D.D9,D.D9.mp3
examples,537,https://pub-78d23bf07fce46b3adc19df91148ffb8.r2.dev/Linfala/examples/D/D.D90.mp3,Linfala/examples/D/D.D90.mp3,D.D90,D.D90.mp3
examples,538,https://pub-78d23bf07fce46b3adc19df91148ffb8.r2.dev/Linfala/examples/D/D.D91.mp3,Linfala/examples/D/D.D91.mp3,D.D91,D.D91.mp3
examples,539,https://pub-78d23bf07fce46b3adc19df91148ffb8.r2.dev/Linfala/examples/D/D.D92.mp3,Linfala/examples/D/D.D92.mp3,D.D92,D.D92.mp3
examples,540,https://pub-78d23bf07fce46b3adc19df91148ffb8.r2.dev/Linfala/examples/D/D.D93.mp3,Linfala/examples/D/D.D93.mp3,D.D93,D.D93.mp3
examples,541,https://pub-78d23bf07fce46b3adc19df91148ffb8.r2.dev/Linfala/examples/D/D.D94.mp3,Linfala/examples/D/D.D94.mp3,D.D94,D.D94.mp3
examples,542,https://pub-78d23bf07fce46b3adc19df91148ffb8.r2.dev/Linfala/examples/D/D.D95.mp3,Linfala/examples/D/D.D95.mp3,D.D95,D.D95.mp3
examples,544,https://pub-78d23bf07fce46b3adc19df91148ffb8.r2.dev/Linfala/examples/D/D.D96.mp3,Linfala/examples/D/D.D96.mp3,D.D96,D.D96.mp3
examples,545,https://pub-78d23bf07fce46b3adc19df91148ffb8.r2.dev/Linfala/examples/D/D.D97.mp3,Linfala/examples/D/D.D97.mp3,D.D97,D.D97.mp3
examples,546,https://pub-78d23bf07fce46b3adc19df91148ffb8.r2.dev/Linfala/examples/D/D.D98.mp3,Linfala/examples/D/D.D98.mp3,D.D98,D.D98.mp3
examples,547,https://pub-78d23bf07fce46b3adc19df91148ffb8.r2.dev/Linfala/examples/D/D.D99.mp3,Linfala/examples/D/D.D99.mp3,D.D99,D.D99.mp3
senses,553,https://pub-78d23bf07fce46b3adc19df91148ffb8.r2.dev/Linfala/senses/D/D.F104.mp3,Linfala/senses/D/D.F104.mp3,D.F104,D.F104.mp3
senses,556,https://pub-78d23bf07fce46b3adc19df91148ffb8.r2.dev/Linfala/senses/D/D.F106.mp3,Linfala/senses/D/D.F106.mp3,D.F106,D.F106.mp3
senses,449,https://pub-78d23bf07fce46b3adc19df91148ffb8.r2.dev/Linfala/senses/D/D.F11.mp3,Linfala/senses/D/D.F11.mp3,D.F11,D.F11.mp3
senses,571,https://pub-78d23bf07fce46b3adc19df91148ffb8.r2.dev/Linfala/senses/D/D.F120.mp3,Linfala/senses/D/D.F120.mp3,D.F120,D.F120.mp3
senses,577,https://pub-78d23bf07fce46b3adc19df91148ffb8.r2.dev/Linfala/senses/D/D.F125.mp3,Linfala/senses/D/D.F125.mp3,D.F125,D.F125.mp3
senses,580,https://pub-78d23bf07fce46b3adc19df91148ffb8.r2.dev/Linfala/senses/D/D.F127.mp3,Linfala/senses/D/D.F127.mp3,D.F127,D.F127.mp3
senses,459,https://pub-78d23bf07fce46b3adc19df91148ffb8.r2.dev/Linfala/senses/D/D.F20.mp3,Linfala/senses/D/D.F20.mp3,D.F20,D.F20.mp3
senses,471,https://pub-78d23bf07fce46b3adc19df91148ffb8.r2.dev/Linfala/senses/D/D.F31.mp3,Linfala/senses/D/D.F31.mp3,D.F31,D.F31.mp3
senses,486,https://pub-78d23bf07fce46b3adc19df91148ffb8.r2.dev/Linfala/senses/D/D.F45.mp3,Linfala/senses/D/D.F45.mp3,D.F45,D.F45.mp3
senses,493,https://pub-78d23bf07fce46b3adc19df91148ffb8.r2.dev/Linfala/senses/D/D.F51.mp3,Linfala/senses/D/D.F51.mp3,D.F51,D.F51.mp3
senses,496,https://pub-78d23bf07fce46b3adc19df91148ffb8.r2.dev/Linfala/senses/D/D.F53.mp3,Linfala/senses/D/D.F53.mp3,D.F53,D.F53.mp3
senses,500,https://pub-78d23bf07fce46b3adc19df91148ffb8.r2.dev/Linfala/senses/D/D.F56.mp3,Linfala/senses/D/D.F56.mp3,D.F56,D.F56.mp3
senses,520,https://pub-78d23bf07fce46b3adc19df91148ffb8.r2.dev/Linfala/senses/D/D.F75.mp3,Linfala/senses/D/D.F75.mp3,D.F75,D.F75.mp3
senses,444,https://pub-78d23bf07fce46b3adc19df91148ffb8.r2.dev/Linfala/senses/D/D.F8.mp3,Linfala/senses/D/D.F8.mp3,D.F8,D.F8.mp3
senses,528,https://pub-78d23bf07fce46b3adc19df91148ffb8.r2.dev/Linfala/senses/D/D.F82.mp3,Linfala/senses/D/D.F82.mp3,D.F82,D.F82.mp3
senses,531,https://pub-78d23bf07fce46b3adc19df91148ffb8.r2.dev/Linfala/senses/D/D.F84.mp3,Linfala/senses/D/D.F84.mp3,D.F84,D.F84.mp3
senses,543,https://pub-78d23bf07fce46b3adc19df91148ffb8.r2.dev/Linfala/senses/D/D.F95.mp3,Linfala/senses/D/D.F95.mp3,D.F95,D.F95.mp3
examples,553,https://pub-78d23bf07fce46b3adc19df91148ffb8.r2.dev/Linfala/examples/D/D.G104.mp3,Linfala/examples/D/D.G104.mp3,D.G104,D.G104.mp3
examples,556,https://pub-78d23bf07fce46b3adc19df91148ffb8.r2.dev/Linfala/examples/D/D.G106.mp3,Linfala/examples/D/D.G106.mp3,D.G106,D.G106.mp3
examples,449,https://pub-78d23bf07fce46b3adc19df91148ffb8.r2.dev/Linfala/examples/D/D.G11.mp3,Linfala/examples/D/D.G11.mp3,D.G11,D.G11.mp3
examples,571,https://pub-78d23bf07fce46b3adc19df91148ffb8.r2.dev/Linfala/examples/D/D.G120.mp3,Linfala/examples/D/D.G120.mp3,D.G120,D.G120.mp3
examples,577,https://pub-78d23bf07fce46b3adc19df91148ffb8.r2.dev/Linfala/examples/D/D.G125.mp3,Linfala/examples/D/D.G125.mp3,D.G125,D.G125.mp3
examples,580,https://pub-78d23bf07fce46b3adc19df91148ffb8.r2.dev/Linfala/examples/D/D.G127.mp3,Linfala/examples/D/D.G127.mp3,D.G127,D.G127.mp3
examples,459,https://pub-78d23bf07fce46b3adc19df91148ffb8.r2.dev/Linfala/examples/D/D.G20.mp3,Linfala/examples/D/D.G20.mp3,D.G20,D.G20.mp3
examples,471,https://pub-78d23bf07fce46b3adc19df91148ffb8.r2.dev/Linfala/examples/D/D.G31.mp3,Linfala/examples/D/D.G31.mp3,D.G31,D.G31.mp3
examples,486,https://pub-78d23bf07fce46b3adc19df91148ffb8.r2.dev/Linfala/examples/D/D.G45.mp3,Linfala/examples/D/D.G45.mp3,D.G45,D.G45.mp3
examples,493,https://pub-78d23bf07fce46b3adc19df91148ffb8.r2.dev/Linfala/examples/D/D.G51.mp3,Linfala/examples/D/D.G51.mp3,D.G51,D.G51.mp3
examples,496,https://pub-78d23bf07fce46b3adc19df91148ffb8.r2.dev/Linfala/examples/D/D.G53.mp3,Linfala/examples/D/D.G53.mp3,D.G53,D.G53.mp3
examples,500,https://pub-78d23bf07fce46b3adc19df91148ffb8.r2.dev/Linfala/examples/D/D.G56.mp3,Linfala/examples/D/D.G56.mp3,D.G56,D.G56.mp3
examples,520,https://pub-78d23bf07fce46b3adc19df91148ffb8.r2.dev/Linfala/examples/D/D.G75.mp3,Linfala/examples/D/D.G75.mp3,D.G75,D.G75.mp3
examples,444,https://pub-78d23bf07fce46b3adc19df91148ffb8.r2.dev/Linfala/examples/D/D.G8.mp3,Linfala/examples/D/D.G8.mp3,D.G8,D.G8.mp3
examples,528,https://pub-78d23bf07fce46b3adc19df91148ffb8.r2.dev/Linfala/examples/D/D.G82.mp3,Linfala/examples/D/D.G82.mp3,D.G82,D.G82.mp3
examples,531,https://pub-78d23bf07fce46b3adc19df91148ffb8.r2.dev/Linfala/examples/D/D.G84.mp3,Linfala/examples/D/D.G84.mp3,D.G84,D.G84.mp3
examples,543,https://pub-78d23bf07fce46b3adc19df91148ffb8.r2.dev/Linfala/examples/D/D.G95.mp3,Linfala/examples/D/D.G95.mp3,D.G95,D.G95.mp3
senses,445,https://pub-78d23bf07fce46b3adc19df91148ffb8.r2.dev/Linfala/senses/D/D.I8.mp3,Linfala/senses/D/D.I8.mp3,D.I8,D.I8.mp3
senses,606,https://pub-78d23bf07fce46b3adc19df91148ffb8.r2.dev/Linfala/senses/E/E.C10.mp3,Linfala/senses/E/E.C10.mp3,E.C10,E.C10.mp3
senses,706,https://pub-78d23bf07fce46b3adc19df91148ffb8.r2.dev/Linfala/senses/E/E.C100.mp3,Linfala/senses/E/E.C100.mp3,E.C100,E.C100.mp3
senses,707,https://pub-78d23bf07fce46b3adc19df91148ffb8.r2.dev/Linfala/senses/E/E.C101.mp3,Linfala/senses/E/E.C101.mp3,E.C101,E.C101.mp3
senses,708,https://pub-78d23bf07fce46b3adc19df91148ffb8.r2.dev/Linfala/senses/E/E.C102.mp3,Linfala/senses/E/E.C102.mp3,E.C102,E.C102.mp3
senses,709,https://pub-78d23bf07fce46b3adc19df91148ffb8.r2.dev/Linfala/senses/E/E.C103.mp3,Linfala/senses/E/E.C103.mp3,E.C103,E.C103.mp3
senses,710,https://pub-78d23bf07fce46b3adc19df91148ffb8.r2.dev/Linfala/senses/E/E.C104.mp3,Linfala/senses/E/E.C104.mp3,E.C104,E.C104.mp3
senses,711,https://pub-78d23bf07fce46b3adc19df91148ffb8.r2.dev/Linfala/senses/E/E.C105.mp3,Linfala/senses/E/E.C105.mp3,E.C105,E.C105.mp3
senses,712,https://pub-78d23bf07fce46b3adc19df91148ffb8.r2.dev/Linfala/senses/E/E.C106.mp3,Linfala/senses/E/E.C106.mp3,E.C106,E.C106.mp3
senses,713,https://pub-78d23bf07fce46b3adc19df91148ffb8.r2.dev/Linfala/senses/E/E.C107.mp3,Linfala/senses/E/E.C107.mp3,E.C107,E.C107.mp3
senses,714,https://pub-78d23bf07fce46b3adc19df91148ffb8.r2.dev/Linfala/senses/E/E.C108.mp3,Linfala/senses/E/E.C108.mp3,E.C108,E.C108.mp3
senses,715,https://pub-78d23bf07fce46b3adc19df91148ffb8.r2.dev/Linfala/senses/E/E.C109.mp3,Linfala/senses/E/E.C109.mp3,E.C109,E.C109.mp3
senses,607,https://pub-78d23bf07fce46b3adc19df91148ffb8.r2.dev/Linfala/senses/E/E.C11.mp3,Linfala/senses/E/E.C11.mp3,E.C11,E.C11.mp3
senses,716,https://pub-78d23bf07fce46b3adc19df91148ffb8.r2.dev/Linfala/senses/E/E.C110.mp3,Linfala/senses/E/E.C110.mp3,E.C110,E.C110.mp3
senses,717,https://pub-78d23bf07fce46b3adc19df91148ffb8.r2.dev/Linfala/senses/E/E.C111.mp3,Linfala/senses/E/E.C111.mp3,E.C111,E.C111.mp3
senses,718,https://pub-78d23bf07fce46b3adc19df91148ffb8.r2.dev/Linfala/senses/E/E.C112.mp3,Linfala/senses/E/E.C112.mp3,E.C112,E.C112.mp3
senses,719,https://pub-78d23bf07fce46b3adc19df91148ffb8.r2.dev/Linfala/senses/E/E.C113.mp3,Linfala/senses/E/E.C113.mp3,E.C113,E.C113.mp3
senses,720,https://pub-78d23bf07fce46b3adc19df91148ffb8.r2.dev/Linfala/senses/E/E.C114.mp3,Linfala/senses/E/E.C114.mp3,E.C114,E.C114.mp3
senses,721,https://pub-78d23bf07fce46b3adc19df91148ffb8.r2.dev/Linfala/senses/E/E.C115.mp3,Linfala/senses/E/E.C115.mp3,E.C115,E.C115.mp3
senses,722,https://pub-78d23bf07fce46b3adc19df91148ffb8.r2.dev/Linfala/senses/E/E.C116.mp3,Linfala/senses/E/E.C116.mp3,E.C116,E.C116.mp3
senses,723,https://pub-78d23bf07fce46b3adc19df91148ffb8.r2.dev/Linfala/senses/E/E.C117.mp3,Linfala/senses/E/E.C117.mp3,E.C117,E.C117.mp3
senses,724,https://pub-78d23bf07fce46b3adc19df91148ffb8.r2.dev/Linfala/senses/E/E.C118.mp3,Linfala/senses/E/E.C118.mp3,E.C118,E.C118.mp3
senses,725,https://pub-78d23bf07fce46b3adc19df91148ffb8.r2.dev/Linfala/senses/E/E.C119.mp3,Linfala/senses/E/E.C119.mp3,E.C119,E.C119.mp3
senses,608,https://pub-78d23bf07fce46b3adc19df91148ffb8.r2.dev/Linfala/senses/E/E.C12.mp3,Linfala/senses/E/E.C12.mp3,E.C12,E.C12.mp3
senses,726,https://pub-78d23bf07fce46b3adc19df91148ffb8.r2.dev/Linfala/senses/E/E.C120.mp3,Linfala/senses/E/E.C120.mp3,E.C120,E.C120.mp3
senses,727,https://pub-78d23bf07fce46b3adc19df91148ffb8.r2.dev/Linfala/senses/E/E.C121.mp3,Linfala/senses/E/E.C121.mp3,E.C121,E.C121.mp3
senses,728,https://pub-78d23bf07fce46b3adc19df91148ffb8.r2.dev/Linfala/senses/E/E.C122.mp3,Linfala/senses/E/E.C122.mp3,E.C122,E.C122.mp3
senses,729,https://pub-78d23bf07fce46b3adc19df91148ffb8.r2.dev/Linfala/senses/E/E.C123.mp3,Linfala/senses/E/E.C123.mp3,E.C123,E.C123.mp3
senses,735,https://pub-78d23bf07fce46b3adc19df91148ffb8.r2.dev/Linfala/senses/E/E.C128.mp3,Linfala/senses/E/E.C128.mp3,E.C128,E.C128.mp3
senses,736,https://pub-78d23bf07fce46b3adc19df91148ffb8.r2.dev/Linfala/senses/E/E.C129.mp3,Linfala/senses/E/E.C129.mp3,E.C129,E.C129.mp3
senses,609,https://pub-78d23bf07fce46b3adc19df91148ffb8.r2.dev/Linfala/senses/E/E.C13.mp3,Linfala/senses/E/E.C13.mp3,E.C13,E.C13.mp3
senses,737,https://pub-78d23bf07fce46b3adc19df91148ffb8.r2.dev/Linfala/senses/E/E.C130.mp3,Linfala/senses/E/E.C130.mp3,E.C130,E.C130.mp3
senses,738,https://pub-78d23bf07fce46b3adc19df91148ffb8.r2.dev/Linfala/senses/E/E.C131.mp3,Linfala/senses/E/E.C131.mp3,E.C131,E.C131.mp3
senses,739,https://pub-78d23bf07fce46b3adc19df91148ffb8.r2.dev/Linfala/senses/E/E.C132.mp3,Linfala/senses/E/E.C132.mp3,E.C132,E.C132.mp3
senses,740,https://pub-78d23bf07fce46b3adc19df91148ffb8.r2.dev/Linfala/senses/E/E.C133.mp3,Linfala/senses/E/E.C133.mp3,E.C133,E.C133.mp3
senses,741,https://pub-78d23bf07fce46b3adc19df91148ffb8.r2.dev/Linfala/senses/E/E.C134.mp3,Linfala/senses/E/E.C134.mp3,E.C134,E.C134.mp3
senses,742,https://pub-78d23bf07fce46b3adc19df91148ffb8.r2.dev/Linfala/senses/E/E.C135.mp3,Linfala/senses/E/E.C135.mp3,E.C135,E.C135.mp3
senses,743,https://pub-78d23bf07fce46b3adc19df91148ffb8.r2.dev/Linfala/senses/E/E.C136.mp3,Linfala/senses/E/E.C136.mp3,E.C136,E.C136.mp3
senses,745,https://pub-78d23bf07fce46b3adc19df91148ffb8.r2.dev/Linfala/senses/E/E.C137.mp3,Linfala/senses/E/E.C137.mp3,E.C137,E.C137.mp3
senses,746,https://pub-78d23bf07fce46b3adc19df91148ffb8.r2.dev/Linfala/senses/E/E.C138.mp3,Linfala/senses/E/E.C138.mp3,E.C138,E.C138.mp3
senses,747,https://pub-78d23bf07fce46b3adc19df91148ffb8.r2.dev/Linfala/senses/E/E.C139.mp3,Linfala/senses/E/E.C139.mp3,E.C139,E.C139.mp3
senses,610,https://pub-78d23bf07fce46b3adc19df91148ffb8.r2.dev/Linfala/senses/E/E.C14.mp3,Linfala/senses/E/E.C14.mp3,E.C14,E.C14.mp3
senses,749,https://pub-78d23bf07fce46b3adc19df91148ffb8.r2.dev/Linfala/senses/E/E.C140.mp3,Linfala/senses/E/E.C140.mp3,E.C140,E.C140.mp3
senses,750,https://pub-78d23bf07fce46b3adc19df91148ffb8.r2.dev/Linfala/senses/E/E.C141.mp3,Linfala/senses/E/E.C141.mp3,E.C141,E.C141.mp3
senses,751,https://pub-78d23bf07fce46b3adc19df91148ffb8.r2.dev/Linfala/senses/E/E.C142.mp3,Linfala/senses/E/E.C142.mp3,E.C142,E.C142.mp3
senses,752,https://pub-78d23bf07fce46b3adc19df91148ffb8.r2.dev/Linfala/senses/E/E.C143.mp3,Linfala/senses/E/E.C143.mp3,E.C143,E.C143.mp3
senses,753,https://pub-78d23bf07fce46b3adc19df91148ffb8.r2.dev/Linfala/senses/E/E.C144.mp3,Linfala/senses/E/E.C144.mp3,E.C144,E.C144.mp3
senses,754,https://pub-78d23bf07fce46b3adc19df91148ffb8.r2.dev/Linfala/senses/E/E.C145.mp3,Linfala/senses/E/E.C145.mp3,E.C145,E.C145.mp3
senses,755,https://pub-78d23bf07fce46b3adc19df91148ffb8.r2.dev/Linfala/senses/E/E.C146.mp3,Linfala/senses/E/E.C146.mp3,E.C146,E.C146.mp3
senses,756,https://pub-78d23bf07fce46b3adc19df91148ffb8.r2.dev/Linfala/senses/E/E.C147.mp3,Linfala/senses/E/E.C147.mp3,E.C147,E.C147.mp3
senses,757,https://pub-78d23bf07fce46b3adc19df91148ffb8.r2.dev/Linfala/senses/E/E.C148.mp3,Linfala/senses/E/E.C148.mp3,E.C148,E.C148.mp3
senses,758,https://pub-78d23bf07fce46b3adc19df91148ffb8.r2.dev/Linfala/senses/E/E.C149.mp3,Linfala/senses/E/E.C149.mp3,E.C149,E.C149.mp3
senses,611,https://pub-78d23bf07fce46b3adc19df91148ffb8.r2.dev/Linfala/senses/E/E.C15.mp3,Linfala/senses/E/E.C15.mp3,E.C15,E.C15.mp3
senses,759,https://pub-78d23bf07fce46b3adc19df91148ffb8.r2.dev/Linfala/senses/E/E.C150.mp3,Linfala/senses/E/E.C150.mp3,E.C150,E.C150.mp3
senses,760,https://pub-78d23bf07fce46b3adc19df91148ffb8.r2.dev/Linfala/senses/E/E.C151.mp3,Linfala/senses/E/E.C151.mp3,E.C151,E.C151.mp3
senses,761,https://pub-78d23bf07fce46b3adc19df91148ffb8.r2.dev/Linfala/senses/E/E.C152.mp3,Linfala/senses/E/E.C152.mp3,E.C152,E.C152.mp3
senses,763,https://pub-78d23bf07fce46b3adc19df91148ffb8.r2.dev/Linfala/senses/E/E.C153.mp3,Linfala/senses/E/E.C153.mp3,E.C153,E.C153.mp3
senses,612,https://pub-78d23bf07fce46b3adc19df91148ffb8.r2.dev/Linfala/senses/E/E.C16.mp3,Linfala/senses/E/E.C16.mp3,E.C16,E.C16.mp3
senses,613,https://pub-78d23bf07fce46b3adc19df91148ffb8.r2.dev/Linfala/senses/E/E.C17.mp3,Linfala/senses/E/E.C17.mp3,E.C17,E.C17.mp3
senses,614,https://pub-78d23bf07fce46b3adc19df91148ffb8.r2.dev/Linfala/senses/E/E.C18.mp3,Linfala/senses/E/E.C18.mp3,E.C18,E.C18.mp3
senses,615,https://pub-78d23bf07fce46b3adc19df91148ffb8.r2.dev/Linfala/senses/E/E.C19.mp3,Linfala/senses/E/E.C19.mp3,E.C19,E.C19.mp3
senses,616,https://pub-78d23bf07fce46b3adc19df91148ffb8.r2.dev/Linfala/senses/E/E.C20.mp3,Linfala/senses/E/E.C20.mp3,E.C20,E.C20.mp3
senses,617,https://pub-78d23bf07fce46b3adc19df91148ffb8.r2.dev/Linfala/senses/E/E.C21.mp3,Linfala/senses/E/E.C21.mp3,E.C21,E.C21.mp3
senses,618,https://pub-78d23bf07fce46b3adc19df91148ffb8.r2.dev/Linfala/senses/E/E.C22.mp3,Linfala/senses/E/E.C22.mp3,E.C22,E.C22.mp3
senses,619,https://pub-78d23bf07fce46b3adc19df91148ffb8.r2.dev/Linfala/senses/E/E.C23.mp3,Linfala/senses/E/E.C23.mp3,E.C23,E.C23.mp3
senses,620,https://pub-78d23bf07fce46b3adc19df91148ffb8.r2.dev/Linfala/senses/E/E.C24.mp3,Linfala/senses/E/E.C24.mp3,E.C24,E.C24.mp3
senses,621,https://pub-78d23bf07fce46b3adc19df91148ffb8.r2.dev/Linfala/senses/E/E.C25.mp3,Linfala/senses/E/E.C25.mp3,E.C25,E.C25.mp3
senses,623,https://pub-78d23bf07fce46b3adc19df91148ffb8.r2.dev/Linfala/senses/E/E.C26.mp3,Linfala/senses/E/E.C26.mp3,E.C26,E.C26.mp3
senses,624,https://pub-78d23bf07fce46b3adc19df91148ffb8.r2.dev/Linfala/senses/E/E.C27.mp3,Linfala/senses/E/E.C27.mp3,E.C27,E.C27.mp3
senses,625,https://pub-78d23bf07fce46b3adc19df91148ffb8.r2.dev/Linfala/senses/E/E.C28.mp3,Linfala/senses/E/E.C28.mp3,E.C28,E.C28.mp3
senses,626,https://pub-78d23bf07fce46b3adc19df91148ffb8.r2.dev/Linfala/senses/E/E.C29.mp3,Linfala/senses/E/E.C29.mp3,E.C29,E.C29.mp3
senses,597,https://pub-78d23bf07fce46b3adc19df91148ffb8.r2.dev/Linfala/senses/E/E.C3.mp3,Linfala/senses/E/E.C3.mp3,E.C3,E.C3.mp3
senses,628,https://pub-78d23bf07fce46b3adc19df91148ffb8.r2.dev/Linfala/senses/E/E.C30.mp3,Linfala/senses/E/E.C30.mp3,E.C30,E.C30.mp3
senses,629,https://pub-78d23bf07fce46b3adc19df91148ffb8.r2.dev/Linfala/senses/E/E.C31.mp3,Linfala/senses/E/E.C31.mp3,E.C31,E.C31.mp3
senses,630,https://pub-78d23bf07fce46b3adc19df91148ffb8.r2.dev/Linfala/senses/E/E.C32.mp3,Linfala/senses/E/E.C32.mp3,E.C32,E.C32.mp3
senses,632,https://pub-78d23bf07fce46b3adc19df91148ffb8.r2.dev/Linfala/senses/E/E.C33.mp3,Linfala/senses/E/E.C33.mp3,E.C33,E.C33.mp3
senses,633,https://pub-78d23bf07fce46b3adc19df91148ffb8.r2.dev/Linfala/senses/E/E.C34.mp3,Linfala/senses/E/E.C34.mp3,E.C34,E.C34.mp3
senses,634,https://pub-78d23bf07fce46b3adc19df91148ffb8.r2.dev/Linfala/senses/E/E.C35.mp3,Linfala/senses/E/E.C35.mp3,E.C35,E.C35.mp3
senses,635,https://pub-78d23bf07fce46b3adc19df91148ffb8.r2.dev/Linfala/senses/E/E.C36.mp3,Linfala/senses/E/E.C36.mp3,E.C36,E.C36.mp3
senses,636,https://pub-78d23bf07fce46b3adc19df91148ffb8.r2.dev/Linfala/senses/E/E.C37.mp3,Linfala/senses/E/E.C37.mp3,E.C37,E.C37.mp3
senses,637,https://pub-78d23bf07fce46b3adc19df91148ffb8.r2.dev/Linfala/senses/E/E.C38.mp3,Linfala/senses/E/E.C38.mp3,E.C38,E.C38.mp3
senses,638,https://pub-78d23bf07fce46b3adc19df91148ffb8.r2.dev/Linfala/senses/E/E.C39.mp3,Linfala/senses/E/E.C39.mp3,E.C39,E.C39.mp3
senses,598,https://pub-78d23bf07fce46b3adc19df91148ffb8.r2.dev/Linfala/senses/E/E.C4.mp3,Linfala/senses/E/E.C4.mp3,E.C4,E.C4.mp3
senses,639,https://pub-78d23bf07fce46b3adc19df91148ffb8.r2.dev/Linfala/senses/E/E.C40.mp3,Linfala/senses/E/E.C40.mp3,E.C40,E.C40.mp3
senses,640,https://pub-78d23bf07fce46b3adc19df91148ffb8.r2.dev/Linfala/senses/E/E.C41.mp3,Linfala/senses/E/E.C41.mp3,E.C41,E.C41.mp3
senses,641,https://pub-78d23bf07fce46b3adc19df91148ffb8.r2.dev/Linfala/senses/E/E.C42.mp3,Linfala/senses/E/E.C42.mp3,E.C42,E.C42.mp3
senses,643,https://pub-78d23bf07fce46b3adc19df91148ffb8.r2.dev/Linfala/senses/E/E.C43.mp3,Linfala/senses/E/E.C43.mp3,E.C43,E.C43.mp3
senses,644,https://pub-78d23bf07fce46b3adc19df91148ffb8.r2.dev/Linfala/senses/E/E.C44.mp3,Linfala/senses/E/E.C44.mp3,E.C44,E.C44.mp3
senses,646,https://pub-78d23bf07fce46b3adc19df91148ffb8.r2.dev/Linfala/senses/E/E.C45.mp3,Linfala/senses/E/E.C45.mp3,E.C45,E.C45.mp3
senses,647,https://pub-78d23bf07fce46b3adc19df91148ffb8.r2.dev/Linfala/senses/E/E.C46.mp3,Linfala/senses/E/E.C46.mp3,E.C46,E.C46.mp3
senses,648,https://pub-78d23bf07fce46b3adc19df91148ffb8.r2.dev/Linfala/senses/E/E.C47.mp3,Linfala/senses/E/E.C47.mp3,E.C47,E.C47.mp3
senses,650,https://pub-78d23bf07fce46b3adc19df91148ffb8.r2.dev/Linfala/senses/E/E.C48.mp3,Linfala/senses/E/E.C48.mp3,E.C48,E.C48.mp3
senses,651,https://pub-78d23bf07fce46b3adc19df91148ffb8.r2.dev/Linfala/senses/E/E.C49.mp3,Linfala/senses/E/E.C49.mp3,E.C49,E.C49.mp3
senses,599,https://pub-78d23bf07fce46b3adc19df91148ffb8.r2.dev/Linfala/senses/E/E.C5.mp3,Linfala/senses/E/E.C5.mp3,E.C5,E.C5.mp3
senses,652,https://pub-78d23bf07fce46b3adc19df91148ffb8.r2.dev/Linfala/senses/E/E.C50.mp3,Linfala/senses/E/E.C50.mp3,E.C50,E.C50.mp3
senses,653,https://pub-78d23bf07fce46b3adc19df91148ffb8.r2.dev/Linfala/senses/E/E.C51.mp3,Linfala/senses/E/E.C51.mp3,E.C51,E.C51.mp3
senses,654,https://pub-78d23bf07fce46b3adc19df91148ffb8.r2.dev/Linfala/senses/E/E.C52.mp3,Linfala/senses/E/E.C52.mp3,E.C52,E.C52.mp3
senses,655,https://pub-78d23bf07fce46b3adc19df91148ffb8.r2.dev/Linfala/senses/E/E.C53.mp3,Linfala/senses/E/E.C53.mp3,E.C53,E.C53.mp3
senses,656,https://pub-78d23bf07fce46b3adc19df91148ffb8.r2.dev/Linfala/senses/E/E.C54.mp3,Linfala/senses/E/E.C54.mp3,E.C54,E.C54.mp3
senses,657,https://pub-78d23bf07fce46b3adc19df91148ffb8.r2.dev/Linfala/senses/E/E.C55.mp3,Linfala/senses/E/E.C55.mp3,E.C55,E.C55.mp3
senses,658,https://pub-78d23bf07fce46b3adc19df91148ffb8.r2.dev/Linfala/senses/E/E.C56.mp3,Linfala/senses/E/E.C56.mp3,E.C56,E.C56.mp3
senses,660,https://pub-78d23bf07fce46b3adc19df91148ffb8.r2.dev/Linfala/senses/E/E.C57.mp3,Linfala/senses/E/E.C57.mp3,E.C57,E.C57.mp3
senses,661,https://pub-78d23bf07fce46b3adc19df91148ffb8.r2.dev/Linfala/senses/E/E.C58.mp3,Linfala/senses/E/E.C58.mp3,E.C58,E.C58.mp3
senses,662,https://pub-78d23bf07fce46b3adc19df91148ffb8.r2.dev/Linfala/senses/E/E.C59.mp3,Linfala/senses/E/E.C59.mp3,E.C59,E.C59.mp3
senses,602,https://pub-78d23bf07fce46b3adc19df91148ffb8.r2.dev/Linfala/senses/E/E.C6.mp3,Linfala/senses/E/E.C6.mp3,E.C6,E.C6.mp3
senses,663,https://pub-78d23bf07fce46b3adc19df91148ffb8.r2.dev/Linfala/senses/E/E.C60.mp3,Linfala/senses/E/E.C60.mp3,E.C60,E.C60.mp3
senses,664,https://pub-78d23bf07fce46b3adc19df91148ffb8.r2.dev/Linfala/senses/E/E.C61.mp3,Linfala/senses/E/E.C61.mp3,E.C61,E.C61.mp3
senses,665,https://pub-78d23bf07fce46b3adc19df91148ffb8.r2.dev/Linfala/senses/E/E.C62.mp3,Linfala/senses/E/E.C62.mp3,E.C62,E.C62.mp3
senses,666,https://pub-78d23bf07fce46b3adc19df91148ffb8.r2.dev/Linfala/senses/E/E.C63.mp3,Linfala/senses/E/E.C63.mp3,E.C63,E.C63.mp3
senses,667,https://pub-78d23bf07fce46b3adc19df91148ffb8.r2.dev/Linfala/senses/E/E.C64.mp3,Linfala/senses/E/E.C64.mp3,E.C64,E.C64.mp3
senses,668,https://pub-78d23bf07fce46b3adc19df91148ffb8.r2.dev/Linfala/senses/E/E.C65.mp3,Linfala/senses/E/E.C65.mp3,E.C65,E.C65.mp3
senses,669,https://pub-78d23bf07fce46b3adc19df91148ffb8.r2.dev/Linfala/senses/E/E.C66.mp3,Linfala/senses/E/E.C66.mp3,E.C66,E.C66.mp3
senses,670,https://pub-78d23bf07fce46b3adc19df91148ffb8.r2.dev/Linfala/senses/E/E.C67.mp3,Linfala/senses/E/E.C67.mp3,E.C67,E.C67.mp3
senses,671,https://pub-78d23bf07fce46b3adc19df91148ffb8.r2.dev/Linfala/senses/E/E.C68.mp3,Linfala/senses/E/E.C68.mp3,E.C68,E.C68.mp3
senses,672,https://pub-78d23bf07fce46b3adc19df91148ffb8.r2.dev/Linfala/senses/E/E.C69.mp3,Linfala/senses/E/E.C69.mp3,E.C69,E.C69.mp3
senses,603,https://pub-78d23bf07fce46b3adc19df91148ffb8.r2.dev/Linfala/senses/E/E.C7.mp3,Linfala/senses/E/E.C7.mp3,E.C7,E.C7.mp3
senses,673,https://pub-78d23bf07fce46b3adc19df91148ffb8.r2.dev/Linfala/senses/E/E.C70.mp3,Linfala/senses/E/E.C70.mp3,E.C70,E.C70.mp3
senses,674,https://pub-78d23bf07fce46b3adc19df91148ffb8.r2.dev/Linfala/senses/E/E.C71.mp3,Linfala/senses/E/E.C71.mp3,E.C71,E.C71.mp3
senses,676,https://pub-78d23bf07fce46b3adc19df91148ffb8.r2.dev/Linfala/senses/E/E.C72.mp3,Linfala/senses/E/E.C72.mp3,E.C72,E.C72.mp3
senses,678,https://pub-78d23bf07fce46b3adc19df91148ffb8.r2.dev/Linfala/senses/E/E.C73.mp3,Linfala/senses/E/E.C73.mp3,E.C73,E.C73.mp3
senses,679,https://pub-78d23bf07fce46b3adc19df91148ffb8.r2.dev/Linfala/senses/E/E.C74.mp3,Linfala/senses/E/E.C74.mp3,E.C74,E.C74.mp3
senses,680,https://pub-78d23bf07fce46b3adc19df91148ffb8.r2.dev/Linfala/senses/E/E.C75.mp3,Linfala/senses/E/E.C75.mp3,E.C75,E.C75.mp3
senses,681,https://pub-78d23bf07fce46b3adc19df91148ffb8.r2.dev/Linfala/senses/E/E.C76.mp3,Linfala/senses/E/E.C76.mp3,E.C76,E.C76.mp3
senses,682,https://pub-78d23bf07fce46b3adc19df91148ffb8.r2.dev/Linfala/senses/E/E.C77.mp3,Linfala/senses/E/E.C77.mp3,E.C77,E.C77.mp3
senses,683,https://pub-78d23bf07fce46b3adc19df91148ffb8.r2.dev/Linfala/senses/E/E.C78.mp3,Linfala/senses/E/E.C78.mp3,E.C78,E.C78.mp3
senses,684,https://pub-78d23bf07fce46b3adc19df91148ffb8.r2.dev/Linfala/senses/E/E.C79.mp3,Linfala/senses/E/E.C79.mp3,E.C79,E.C79.mp3
senses,604,https://pub-78d23bf07fce46b3adc19df91148ffb8.r2.dev/Linfala/senses/E/E.C8.mp3,Linfala/senses/E/E.C8.mp3,E.C8,E.C8.mp3
senses,686,https://pub-78d23bf07fce46b3adc19df91148ffb8.r2.dev/Linfala/senses/E/E.C80.mp3,Linfala/senses/E/E.C80.mp3,E.C80,E.C80.mp3
senses,687,https://pub-78d23bf07fce46b3adc19df91148ffb8.r2.dev/Linfala/senses/E/E.C81.mp3,Linfala/senses/E/E.C81.mp3,E.C81,E.C81.mp3
senses,688,https://pub-78d23bf07fce46b3adc19df91148ffb8.r2.dev/Linfala/senses/E/E.C82.mp3,Linfala/senses/E/E.C82.mp3,E.C82,E.C82.mp3
senses,689,https://pub-78d23bf07fce46b3adc19df91148ffb8.r2.dev/Linfala/senses/E/E.C83.mp3,Linfala/senses/E/E.C83.mp3,E.C83,E.C83.mp3
senses,690,https://pub-78d23bf07fce46b3adc19df91148ffb8.r2.dev/Linfala/senses/E/E.C84.mp3,Linfala/senses/E/E.C84.mp3,E.C84,E.C84.mp3
senses,691,https://pub-78d23bf07fce46b3adc19df91148ffb8.r2.dev/Linfala/senses/E/E.C85.mp3,Linfala/senses/E/E.C85.mp3,E.C85,E.C85.mp3
senses,692,https://pub-78d23bf07fce46b3adc19df91148ffb8.r2.dev/Linfala/senses/E/E.C86.mp3,Linfala/senses/E/E.C86.mp3,E.C86,E.C86.mp3
senses,693,https://pub-78d23bf07fce46b3adc19df91148ffb8.r2.dev/Linfala/senses/E/E.C87.mp3,Linfala/senses/E/E.C87.mp3,E.C87,E.C87.mp3
senses,694,https://pub-78d23bf07fce46b3adc19df91148ffb8.r2.dev/Linfala/senses/E/E.C88.mp3,Linfala/senses/E/E.C88.mp3,E.C88,E.C88.mp3
senses,695,https://pub-78d23bf07fce46b3adc19df91148ffb8.r2.dev/Linfala/senses/E/E.C89.mp3,Linfala/senses/E/E.C89.mp3,E.C89,E.C89.mp3
senses,605,https://pub-78d23bf07fce46b3adc19df91148ffb8.r2.dev/Linfala/senses/E/E.C9.mp3,Linfala/senses/E/E.C9.mp3,E.C9,E.C9.mp3
senses,696,https://pub-78d23bf07fce46b3adc19df91148ffb8.r2.dev/Linfala/senses/E/E.C90.mp3,Linfala/senses/E/E.C90.mp3,E.C90,E.C90.mp3
senses,697,https://pub-78d23bf07fce46b3adc19df91148ffb8.r2.dev/Linfala/senses/E/E.C91.mp3,Linfala/senses/E/E.C91.mp3,E.C91,E.C91.mp3
senses,698,https://pub-78d23bf07fce46b3adc19df91148ffb8.r2.dev/Linfala/senses/E/E.C92.mp3,Linfala/senses/E/E.C92.mp3,E.C92,E.C92.mp3
senses,699,https://pub-78d23bf07fce46b3adc19df91148ffb8.r2.dev/Linfala/senses/E/E.C93.mp3,Linfala/senses/E/E.C93.mp3,E.C93,E.C93.mp3
senses,700,https://pub-78d23bf07fce46b3adc19df91148ffb8.r2.dev/Linfala/senses/E/E.C94.mp3,Linfala/senses/E/E.C94.mp3,E.C94,E.C94.mp3
senses,701,https://pub-78d23bf07fce46b3adc19df91148ffb8.r2.dev/Linfala/senses/E/E.C95.mp3,Linfala/senses/E/E.C95.mp3,E.C95,E.C95.mp3
senses,702,https://pub-78d23bf07fce46b3adc19df91148ffb8.r2.dev/Linfala/senses/E/E.C96.mp3,Linfala/senses/E/E.C96.mp3,E.C96,E.C96.mp3
senses,703,https://pub-78d23bf07fce46b3adc19df91148ffb8.r2.dev/Linfala/senses/E/E.C97.mp3,Linfala/senses/E/E.C97.mp3,E.C97,E.C97.mp3
senses,704,https://pub-78d23bf07fce46b3adc19df91148ffb8.r2.dev/Linfala/senses/E/E.C98.mp3,Linfala/senses/E/E.C98.mp3,E.C98,E.C98.mp3
senses,705,https://pub-78d23bf07fce46b3adc19df91148ffb8.r2.dev/Linfala/senses/E/E.C99.mp3,Linfala/senses/E/E.C99.mp3,E.C99,E.C99.mp3
examples,606,https://pub-78d23bf07fce46b3adc19df91148ffb8.r2.dev/Linfala/examples/E/E.D10.mp3,Linfala/examples/E/E.D10.mp3,E.D10,E.D10.mp3
examples,706,https://pub-78d23bf07fce46b3adc19df91148ffb8.r2.dev/Linfala/examples/E/E.D100.mp3,Linfala/examples/E/E.D100.mp3,E.D100,E.D100.mp3
examples,707,https://pub-78d23bf07fce46b3adc19df91148ffb8.r2.dev/Linfala/examples/E/E.D101.mp3,Linfala/examples/E/E.D101.mp3,E.D101,E.D101.mp3
examples,708,https://pub-78d23bf07fce46b3adc19df91148ffb8.r2.dev/Linfala/examples/E/E.D102.mp3,Linfala/examples/E/E.D102.mp3,E.D102,E.D102.mp3
examples,709,https://pub-78d23bf07fce46b3adc19df91148ffb8.r2.dev/Linfala/examples/E/E.D103.mp3,Linfala/examples/E/E.D103.mp3,E.D103,E.D103.mp3
examples,710,https://pub-78d23bf07fce46b3adc19df91148ffb8.r2.dev/Linfala/examples/E/E.D104.mp3,Linfala/examples/E/E.D104.mp3,E.D104,E.D104.mp3
examples,711,https://pub-78d23bf07fce46b3adc19df91148ffb8.r2.dev/Linfala/examples/E/E.D105.mp3,Linfala/examples/E/E.D105.mp3,E.D105,E.D105.mp3
examples,712,https://pub-78d23bf07fce46b3adc19df91148ffb8.r2.dev/Linfala/examples/E/E.D106.mp3,Linfala/examples/E/E.D106.mp3,E.D106,E.D106.mp3
examples,713,https://pub-78d23bf07fce46b3adc19df91148ffb8.r2.dev/Linfala/examples/E/E.D107.mp3,Linfala/examples/E/E.D107.mp3,E.D107,E.D107.mp3
examples,714,https://pub-78d23bf07fce46b3adc19df91148ffb8.r2.dev/Linfala/examples/E/E.D108.mp3,Linfala/examples/E/E.D108.mp3,E.D108,E.D108.mp3
examples,715,https://pub-78d23bf07fce46b3adc19df91148ffb8.r2.dev/Linfala/examples/E/E.D109.mp3,Linfala/examples/E/E.D109.mp3,E.D109,E.D109.mp3
examples,607,https://pub-78d23bf07fce46b3adc19df91148ffb8.r2.dev/Linfala/examples/E/E.D11.mp3,Linfala/examples/E/E.D11.mp3,E.D11,E.D11.mp3
examples,716,https://pub-78d23bf07fce46b3adc19df91148ffb8.r2.dev/Linfala/examples/E/E.D110.mp3,Linfala/examples/E/E.D110.mp3,E.D110,E.D110.mp3
examples,717,https://pub-78d23bf07fce46b3adc19df91148ffb8.r2.dev/Linfala/examples/E/E.D111.mp3,Linfala/examples/E/E.D111.mp3,E.D111,E.D111.mp3
examples,718,https://pub-78d23bf07fce46b3adc19df91148ffb8.r2.dev/Linfala/examples/E/E.D112.mp3,Linfala/examples/E/E.D112.mp3,E.D112,E.D112.mp3
examples,719,https://pub-78d23bf07fce46b3adc19df91148ffb8.r2.dev/Linfala/examples/E/E.D113.mp3,Linfala/examples/E/E.D113.mp3,E.D113,E.D113.mp3
examples,720,https://pub-78d23bf07fce46b3adc19df91148ffb8.r2.dev/Linfala/examples/E/E.D114.mp3,Linfala/examples/E/E.D114.mp3,E.D114,E.D114.mp3
examples,721,https://pub-78d23bf07fce46b3adc19df91148ffb8.r2.dev/Linfala/examples/E/E.D115.mp3,Linfala/examples/E/E.D115.mp3,E.D115,E.D115.mp3
examples,722,https://pub-78d23bf07fce46b3adc19df91148ffb8.r2.dev/Linfala/examples/E/E.D116.mp3,Linfala/examples/E/E.D116.mp3,E.D116,E.D116.mp3
examples,723,https://pub-78d23bf07fce46b3adc19df91148ffb8.r2.dev/Linfala/examples/E/E.D117.mp3,Linfala/examples/E/E.D117.mp3,E.D117,E.D117.mp3
examples,724,https://pub-78d23bf07fce46b3adc19df91148ffb8.r2.dev/Linfala/examples/E/E.D118.mp3,Linfala/examples/E/E.D118.mp3,E.D118,E.D118.mp3
examples,725,https://pub-78d23bf07fce46b3adc19df91148ffb8.r2.dev/Linfala/examples/E/E.D119.mp3,Linfala/examples/E/E.D119.mp3,E.D119,E.D119.mp3
examples,608,https://pub-78d23bf07fce46b3adc19df91148ffb8.r2.dev/Linfala/examples/E/E.D12.mp3,Linfala/examples/E/E.D12.mp3,E.D12,E.D12.mp3
examples,726,https://pub-78d23bf07fce46b3adc19df91148ffb8.r2.dev/Linfala/examples/E/E.D120.mp3,Linfala/examples/E/E.D120.mp3,E.D120,E.D120.mp3
examples,727,https://pub-78d23bf07fce46b3adc19df91148ffb8.r2.dev/Linfala/examples/E/E.D121.mp3,Linfala/examples/E/E.D121.mp3,E.D121,E.D121.mp3
examples,728,https://pub-78d23bf07fce46b3adc19df91148ffb8.r2.dev/Linfala/examples/E/E.D122.mp3,Linfala/examples/E/E.D122.mp3,E.D122,E.D122.mp3
examples,729,https://pub-78d23bf07fce46b3adc19df91148ffb8.r2.dev/Linfala/examples/E/E.D123.mp3,Linfala/examples/E/E.D123.mp3,E.D123,E.D123.mp3
examples,730,https://pub-78d23bf07fce46b3adc19df91148ffb8.r2.dev/Linfala/examples/E/E.D124.mp3,Linfala/examples/E/E.D124.mp3,E.D124,E.D124.mp3
examples,731,https://pub-78d23bf07fce46b3adc19df91148ffb8.r2.dev/Linfala/examples/E/E.D125.mp3,Linfala/examples/E/E.D125.mp3,E.D125,E.D125.mp3
examples,732,https://pub-78d23bf07fce46b3adc19df91148ffb8.r2.dev/Linfala/examples/E/E.D126.mp3,Linfala/examples/E/E.D126.mp3,E.D126,E.D126.mp3
examples,734,https://pub-78d23bf07fce46b3adc19df91148ffb8.r2.dev/Linfala/examples/E/E.D127.mp3,Linfala/examples/E/E.D127.mp3,E.D127,E.D127.mp3
examples,735,https://pub-78d23bf07fce46b3adc19df91148ffb8.r2.dev/Linfala/examples/E/E.D128.mp3,Linfala/examples/E/E.D128.mp3,E.D128,E.D128.mp3
examples,736,https://pub-78d23bf07fce46b3adc19df91148ffb8.r2.dev/Linfala/examples/E/E.D129.mp3,Linfala/examples/E/E.D129.mp3,E.D129,E.D129.mp3
examples,609,https://pub-78d23bf07fce46b3adc19df91148ffb8.r2.dev/Linfala/examples/E/E.D13.mp3,Linfala/examples/E/E.D13.mp3,E.D13,E.D13.mp3
examples,737,https://pub-78d23bf07fce46b3adc19df91148ffb8.r2.dev/Linfala/examples/E/E.D130.mp3,Linfala/examples/E/E.D130.mp3,E.D130,E.D130.mp3
examples,738,https://pub-78d23bf07fce46b3adc19df91148ffb8.r2.dev/Linfala/examples/E/E.D131.mp3,Linfala/examples/E/E.D131.mp3,E.D131,E.D131.mp3
examples,740,https://pub-78d23bf07fce46b3adc19df91148ffb8.r2.dev/Linfala/examples/E/E.D133.mp3,Linfala/examples/E/E.D133.mp3,E.D133,E.D133.mp3
examples,741,https://pub-78d23bf07fce46b3adc19df91148ffb8.r2.dev/Linfala/examples/E/E.D134.mp3,Linfala/examples/E/E.D134.mp3,E.D134,E.D134.mp3
examples,742,https://pub-78d23bf07fce46b3adc19df91148ffb8.r2.dev/Linfala/examples/E/E.D135.mp3,Linfala/examples/E/E.D135.mp3,E.D135,E.D135.mp3
examples,745,https://pub-78d23bf07fce46b3adc19df91148ffb8.r2.dev/Linfala/examples/E/E.D137.mp3,Linfala/examples/E/E.D137.mp3,E.D137,E.D137.mp3
examples,746,https://pub-78d23bf07fce46b3adc19df91148ffb8.r2.dev/Linfala/examples/E/E.D138.mp3,Linfala/examples/E/E.D138.mp3,E.D138,E.D138.mp3
examples,747,https://pub-78d23bf07fce46b3adc19df91148ffb8.r2.dev/Linfala/examples/E/E.D139.mp3,Linfala/examples/E/E.D139.mp3,E.D139,E.D139.mp3
examples,610,https://pub-78d23bf07fce46b3adc19df91148ffb8.r2.dev/Linfala/examples/E/E.D14.mp3,Linfala/examples/E/E.D14.mp3,E.D14,E.D14.mp3
examples,749,https://pub-78d23bf07fce46b3adc19df91148ffb8.r2.dev/Linfala/examples/E/E.D140.mp3,Linfala/examples/E/E.D140.mp3,E.D140,E.D140.mp3
examples,750,https://pub-78d23bf07fce46b3adc19df91148ffb8.r2.dev/Linfala/examples/E/E.D141.mp3,Linfala/examples/E/E.D141.mp3,E.D141,E.D141.mp3
examples,751,https://pub-78d23bf07fce46b3adc19df91148ffb8.r2.dev/Linfala/examples/E/E.D142.mp3,Linfala/examples/E/E.D142.mp3,E.D142,E.D142.mp3
examples,752,https://pub-78d23bf07fce46b3adc19df91148ffb8.r2.dev/Linfala/examples/E/E.D143.mp3,Linfala/examples/E/E.D143.mp3,E.D143,E.D143.mp3
examples,753,https://pub-78d23bf07fce46b3adc19df91148ffb8.r2.dev/Linfala/examples/E/E.D144.mp3,Linfala/examples/E/E.D144.mp3,E.D144,E.D144.mp3
examples,754,https://pub-78d23bf07fce46b3adc19df91148ffb8.r2.dev/Linfala/examples/E/E.D145.mp3,Linfala/examples/E/E.D145.mp3,E.D145,E.D145.mp3
examples,755,https://pub-78d23bf07fce46b3adc19df91148ffb8.r2.dev/Linfala/examples/E/E.D146.mp3,Linfala/examples/E/E.D146.mp3,E.D146,E.D146.mp3
examples,756,https://pub-78d23bf07fce46b3adc19df91148ffb8.r2.dev/Linfala/examples/E/E.D147.mp3,Linfala/examples/E/E.D147.mp3,E.D147,E.D147.mp3
examples,757,https://pub-78d23bf07fce46b3adc19df91148ffb8.r2.dev/Linfala/examples/E/E.D148.mp3,Linfala/examples/E/E.D148.mp3,E.D148,E.D148.mp3
examples,758,https://pub-78d23bf07fce46b3adc19df91148ffb8.r2.dev/Linfala/examples/E/E.D149.mp3,Linfala/examples/E/E.D149.mp3,E.D149,E.D149.mp3
examples,611,https://pub-78d23bf07fce46b3adc19df91148ffb8.r2.dev/Linfala/examples/E/E.D15.mp3,Linfala/examples/E/E.D15.mp3,E.D15,E.D15.mp3
examples,759,https://pub-78d23bf07fce46b3adc19df91148ffb8.r2.dev/Linfala/examples/E/E.D150.mp3,Linfala/examples/E/E.D150.mp3,E.D150,E.D150.mp3
examples,760,https://pub-78d23bf07fce46b3adc19df91148ffb8.r2.dev/Linfala/examples/E/E.D151.mp3,Linfala/examples/E/E.D151.mp3,E.D151,E.D151.mp3
examples,761,https://pub-78d23bf07fce46b3adc19df91148ffb8.r2.dev/Linfala/examples/E/E.D152.mp3,Linfala/examples/E/E.D152.mp3,E.D152,E.D152.mp3
examples,763,https://pub-78d23bf07fce46b3adc19df91148ffb8.r2.dev/Linfala/examples/E/E.D153.mp3,Linfala/examples/E/E.D153.mp3,E.D153,E.D153.mp3
examples,612,https://pub-78d23bf07fce46b3adc19df91148ffb8.r2.dev/Linfala/examples/E/E.D16.mp3,Linfala/examples/E/E.D16.mp3,E.D16,E.D16.mp3
examples,613,https://pub-78d23bf07fce46b3adc19df91148ffb8.r2.dev/Linfala/examples/E/E.D17.mp3,Linfala/examples/E/E.D17.mp3,E.D17,E.D17.mp3
examples,614,https://pub-78d23bf07fce46b3adc19df91148ffb8.r2.dev/Linfala/examples/E/E.D18.mp3,Linfala/examples/E/E.D18.mp3,E.D18,E.D18.mp3
examples,615,https://pub-78d23bf07fce46b3adc19df91148ffb8.r2.dev/Linfala/examples/E/E.D19.mp3,Linfala/examples/E/E.D19.mp3,E.D19,E.D19.mp3
examples,616,https://pub-78d23bf07fce46b3adc19df91148ffb8.r2.dev/Linfala/examples/E/E.D20.mp3,Linfala/examples/E/E.D20.mp3,E.D20,E.D20.mp3
examples,617,https://pub-78d23bf07fce46b3adc19df91148ffb8.r2.dev/Linfala/examples/E/E.D21.mp3,Linfala/examples/E/E.D21.mp3,E.D21,E.D21.mp3
examples,618,https://pub-78d23bf07fce46b3adc19df91148ffb8.r2.dev/Linfala/examples/E/E.D22.mp3,Linfala/examples/E/E.D22.mp3,E.D22,E.D22.mp3
examples,619,https://pub-78d23bf07fce46b3adc19df91148ffb8.r2.dev/Linfala/examples/E/E.D23.mp3,Linfala/examples/E/E.D23.mp3,E.D23,E.D23.mp3
examples,620,https://pub-78d23bf07fce46b3adc19df91148ffb8.r2.dev/Linfala/examples/E/E.D24.mp3,Linfala/examples/E/E.D24.mp3,E.D24,E.D24.mp3
examples,621,https://pub-78d23bf07fce46b3adc19df91148ffb8.r2.dev/Linfala/examples/E/E.D25.mp3,Linfala/examples/E/E.D25.mp3,E.D25,E.D25.mp3
examples,623,https://pub-78d23bf07fce46b3adc19df91148ffb8.r2.dev/Linfala/examples/E/E.D26.mp3,Linfala/examples/E/E.D26.mp3,E.D26,E.D26.mp3
examples,624,https://pub-78d23bf07fce46b3adc19df91148ffb8.r2.dev/Linfala/examples/E/E.D27.mp3,Linfala/examples/E/E.D27.mp3,E.D27,E.D27.mp3
examples,625,https://pub-78d23bf07fce46b3adc19df91148ffb8.r2.dev/Linfala/examples/E/E.D28.mp3,Linfala/examples/E/E.D28.mp3,E.D28,E.D28.mp3
examples,626,https://pub-78d23bf07fce46b3adc19df91148ffb8.r2.dev/Linfala/examples/E/E.D29.mp3,Linfala/examples/E/E.D29.mp3,E.D29,E.D29.mp3
examples,597,https://pub-78d23bf07fce46b3adc19df91148ffb8.r2.dev/Linfala/examples/E/E.D3.mp3,Linfala/examples/E/E.D3.mp3,E.D3,E.D3.mp3
examples,628,https://pub-78d23bf07fce46b3adc19df91148ffb8.r2.dev/Linfala/examples/E/E.D30.mp3,Linfala/examples/E/E.D30.mp3,E.D30,E.D30.mp3
examples,629,https://pub-78d23bf07fce46b3adc19df91148ffb8.r2.dev/Linfala/examples/E/E.D31.mp3,Linfala/examples/E/E.D31.mp3,E.D31,E.D31.mp3
examples,630,https://pub-78d23bf07fce46b3adc19df91148ffb8.r2.dev/Linfala/examples/E/E.D32.mp3,Linfala/examples/E/E.D32.mp3,E.D32,E.D32.mp3
examples,632,https://pub-78d23bf07fce46b3adc19df91148ffb8.r2.dev/Linfala/examples/E/E.D33.mp3,Linfala/examples/E/E.D33.mp3,E.D33,E.D33.mp3
examples,633,https://pub-78d23bf07fce46b3adc19df91148ffb8.r2.dev/Linfala/examples/E/E.D34.mp3,Linfala/examples/E/E.D34.mp3,E.D34,E.D34.mp3
examples,634,https://pub-78d23bf07fce46b3adc19df91148ffb8.r2.dev/Linfala/examples/E/E.D35.mp3,Linfala/examples/E/E.D35.mp3,E.D35,E.D35.mp3
examples,635,https://pub-78d23bf07fce46b3adc19df91148ffb8.r2.dev/Linfala/examples/E/E.D36.mp3,Linfala/examples/E/E.D36.mp3,E.D36,E.D36.mp3
examples,636,https://pub-78d23bf07fce46b3adc19df91148ffb8.r2.dev/Linfala/examples/E/E.D37.mp3,Linfala/examples/E/E.D37.mp3,E.D37,E.D37.mp3
examples,637,https://pub-78d23bf07fce46b3adc19df91148ffb8.r2.dev/Linfala/examples/E/E.D38.mp3,Linfala/examples/E/E.D38.mp3,E.D38,E.D38.mp3
examples,638,https://pub-78d23bf07fce46b3adc19df91148ffb8.r2.dev/Linfala/examples/E/E.D39.mp3,Linfala/examples/E/E.D39.mp3,E.D39,E.D39.mp3
examples,598,https://pub-78d23bf07fce46b3adc19df91148ffb8.r2.dev/Linfala/examples/E/E.D4.mp3,Linfala/examples/E/E.D4.mp3,E.D4,E.D4.mp3
examples,639,https://pub-78d23bf07fce46b3adc19df91148ffb8.r2.dev/Linfala/examples/E/E.D40.mp3,Linfala/examples/E/E.D40.mp3,E.D40,E.D40.mp3
examples,640,https://pub-78d23bf07fce46b3adc19df91148ffb8.r2.dev/Linfala/examples/E/E.D41.mp3,Linfala/examples/E/E.D41.mp3,E.D41,E.D41.mp3
examples,641,https://pub-78d23bf07fce46b3adc19df91148ffb8.r2.dev/Linfala/examples/E/E.D42.mp3,Linfala/examples/E/E.D42.mp3,E.D42,E.D42.mp3
examples,643,https://pub-78d23bf07fce46b3adc19df91148ffb8.r2.dev/Linfala/examples/E/E.D43.mp3,Linfala/examples/E/E.D43.mp3,E.D43,E.D43.mp3
examples,644,https://pub-78d23bf07fce46b3adc19df91148ffb8.r2.dev/Linfala/examples/E/E.D44.mp3,Linfala/examples/E/E.D44.mp3,E.D44,E.D44.mp3
examples,646,https://pub-78d23bf07fce46b3adc19df91148ffb8.r2.dev/Linfala/examples/E/E.D45.mp3,Linfala/examples/E/E.D45.mp3,E.D45,E.D45.mp3
examples,647,https://pub-78d23bf07fce46b3adc19df91148ffb8.r2.dev/Linfala/examples/E/E.D46.mp3,Linfala/examples/E/E.D46.mp3,E.D46,E.D46.mp3
examples,648,https://pub-78d23bf07fce46b3adc19df91148ffb8.r2.dev/Linfala/examples/E/E.D47.mp3,Linfala/examples/E/E.D47.mp3,E.D47,E.D47.mp3
examples,650,https://pub-78d23bf07fce46b3adc19df91148ffb8.r2.dev/Linfala/examples/E/E.D48.mp3,Linfala/examples/E/E.D48.mp3,E.D48,E.D48.mp3
examples,651,https://pub-78d23bf07fce46b3adc19df91148ffb8.r2.dev/Linfala/examples/E/E.D49.mp3,Linfala/examples/E/E.D49.mp3,E.D49,E.D49.mp3
examples,599,https://pub-78d23bf07fce46b3adc19df91148ffb8.r2.dev/Linfala/examples/E/E.D5.mp3,Linfala/examples/E/E.D5.mp3,E.D5,E.D5.mp3
examples,652,https://pub-78d23bf07fce46b3adc19df91148ffb8.r2.dev/Linfala/examples/E/E.D50.mp3,Linfala/examples/E/E.D50.mp3,E.D50,E.D50.mp3
examples,653,https://pub-78d23bf07fce46b3adc19df91148ffb8.r2.dev/Linfala/examples/E/E.D51.mp3,Linfala/examples/E/E.D51.mp3,E.D51,E.D51.mp3
examples,654,https://pub-78d23bf07fce46b3adc19df91148ffb8.r2.dev/Linfala/examples/E/E.D52.mp3,Linfala/examples/E/E.D52.mp3,E.D52,E.D52.mp3
examples,655,https://pub-78d23bf07fce46b3adc19df91148ffb8.r2.dev/Linfala/examples/E/E.D53.mp3,Linfala/examples/E/E.D53.mp3,E.D53,E.D53.mp3
examples,656,https://pub-78d23bf07fce46b3adc19df91148ffb8.r2.dev/Linfala/examples/E/E.D54.mp3,Linfala/examples/E/E.D54.mp3,E.D54,E.D54.mp3
examples,657,https://pub-78d23bf07fce46b3adc19df91148ffb8.r2.dev/Linfala/examples/E/E.D55.mp3,Linfala/examples/E/E.D55.mp3,E.D55,E.D55.mp3
examples,658,https://pub-78d23bf07fce46b3adc19df91148ffb8.r2.dev/Linfala/examples/E/E.D56.mp3,Linfala/examples/E/E.D56.mp3,E.D56,E.D56.mp3
examples,660,https://pub-78d23bf07fce46b3adc19df91148ffb8.r2.dev/Linfala/examples/E/E.D57.mp3,Linfala/examples/E/E.D57.mp3,E.D57,E.D57.mp3
examples,661,https://pub-78d23bf07fce46b3adc19df91148ffb8.r2.dev/Linfala/examples/E/E.D58.mp3,Linfala/examples/E/E.D58.mp3,E.D58,E.D58.mp3
examples,662,https://pub-78d23bf07fce46b3adc19df91148ffb8.r2.dev/Linfala/examples/E/E.D59.mp3,Linfala/examples/E/E.D59.mp3,E.D59,E.D59.mp3
examples,602,https://pub-78d23bf07fce46b3adc19df91148ffb8.r2.dev/Linfala/examples/E/E.D6.mp3,Linfala/examples/E/E.D6.mp3,E.D6,E.D6.mp3
examples,663,https://pub-78d23bf07fce46b3adc19df91148ffb8.r2.dev/Linfala/examples/E/E.D60.mp3,Linfala/examples/E/E.D60.mp3,E.D60,E.D60.mp3
examples,664,https://pub-78d23bf07fce46b3adc19df91148ffb8.r2.dev/Linfala/examples/E/E.D61.mp3,Linfala/examples/E/E.D61.mp3,E.D61,E.D61.mp3
examples,665,https://pub-78d23bf07fce46b3adc19df91148ffb8.r2.dev/Linfala/examples/E/E.D62.mp3,Linfala/examples/E/E.D62.mp3,E.D62,E.D62.mp3
examples,666,https://pub-78d23bf07fce46b3adc19df91148ffb8.r2.dev/Linfala/examples/E/E.D63.mp3,Linfala/examples/E/E.D63.mp3,E.D63,E.D63.mp3
examples,667,https://pub-78d23bf07fce46b3adc19df91148ffb8.r2.dev/Linfala/examples/E/E.D64.mp3,Linfala/examples/E/E.D64.mp3,E.D64,E.D64.mp3
examples,668,https://pub-78d23bf07fce46b3adc19df91148ffb8.r2.dev/Linfala/examples/E/E.D65.mp3,Linfala/examples/E/E.D65.mp3,E.D65,E.D65.mp3
examples,669,https://pub-78d23bf07fce46b3adc19df91148ffb8.r2.dev/Linfala/examples/E/E.D66.mp3,Linfala/examples/E/E.D66.mp3,E.D66,E.D66.mp3
examples,670,https://pub-78d23bf07fce46b3adc19df91148ffb8.r2.dev/Linfala/examples/E/E.D67.mp3,Linfala/examples/E/E.D67.mp3,E.D67,E.D67.mp3
examples,671,https://pub-78d23bf07fce46b3adc19df91148ffb8.r2.dev/Linfala/examples/E/E.D68.mp3,Linfala/examples/E/E.D68.mp3,E.D68,E.D68.mp3
examples,672,https://pub-78d23bf07fce46b3adc19df91148ffb8.r2.dev/Linfala/examples/E/E.D69.mp3,Linfala/examples/E/E.D69.mp3,E.D69,E.D69.mp3
examples,603,https://pub-78d23bf07fce46b3adc19df91148ffb8.r2.dev/Linfala/examples/E/E.D7.mp3,Linfala/examples/E/E.D7.mp3,E.D7,E.D7.mp3
examples,673,https://pub-78d23bf07fce46b3adc19df91148ffb8.r2.dev/Linfala/examples/E/E.D70.mp3,Linfala/examples/E/E.D70.mp3,E.D70,E.D70.mp3
examples,674,https://pub-78d23bf07fce46b3adc19df91148ffb8.r2.dev/Linfala/examples/E/E.D71.mp3,Linfala/examples/E/E.D71.mp3,E.D71,E.D71.mp3
examples,676,https://pub-78d23bf07fce46b3adc19df91148ffb8.r2.dev/Linfala/examples/E/E.D72.mp3,Linfala/examples/E/E.D72.mp3,E.D72,E.D72.mp3
examples,678,https://pub-78d23bf07fce46b3adc19df91148ffb8.r2.dev/Linfala/examples/E/E.D73.mp3,Linfala/examples/E/E.D73.mp3,E.D73,E.D73.mp3
examples,679,https://pub-78d23bf07fce46b3adc19df91148ffb8.r2.dev/Linfala/examples/E/E.D74.mp3,Linfala/examples/E/E.D74.mp3,E.D74,E.D74.mp3
examples,680,https://pub-78d23bf07fce46b3adc19df91148ffb8.r2.dev/Linfala/examples/E/E.D75.mp3,Linfala/examples/E/E.D75.mp3,E.D75,E.D75.mp3
examples,681,https://pub-78d23bf07fce46b3adc19df91148ffb8.r2.dev/Linfala/examples/E/E.D76.mp3,Linfala/examples/E/E.D76.mp3,E.D76,E.D76.mp3
examples,682,https://pub-78d23bf07fce46b3adc19df91148ffb8.r2.dev/Linfala/examples/E/E.D77.mp3,Linfala/examples/E/E.D77.mp3,E.D77,E.D77.mp3
examples,683,https://pub-78d23bf07fce46b3adc19df91148ffb8.r2.dev/Linfala/examples/E/E.D78.mp3,Linfala/examples/E/E.D78.mp3,E.D78,E.D78.mp3
examples,684,https://pub-78d23bf07fce46b3adc19df91148ffb8.r2.dev/Linfala/examples/E/E.D79.mp3,Linfala/examples/E/E.D79.mp3,E.D79,E.D79.mp3
examples,604,https://pub-78d23bf07fce46b3adc19df91148ffb8.r2.dev/Linfala/examples/E/E.D8.mp3,Linfala/examples/E/E.D8.mp3,E.D8,E.D8.mp3
examples,686,https://pub-78d23bf07fce46b3adc19df91148ffb8.r2.dev/Linfala/examples/E/E.D80.mp3,Linfala/examples/E/E.D80.mp3,E.D80,E.D80.mp3
examples,687,https://pub-78d23bf07fce46b3adc19df91148ffb8.r2.dev/Linfala/examples/E/E.D81.mp3,Linfala/examples/E/E.D81.mp3,E.D81,E.D81.mp3
examples,688,https://pub-78d23bf07fce46b3adc19df91148ffb8.r2.dev/Linfala/examples/E/E.D82.mp3,Linfala/examples/E/E.D82.mp3,E.D82,E.D82.mp3
examples,689,https://pub-78d23bf07fce46b3adc19df91148ffb8.r2.dev/Linfala/examples/E/E.D83.mp3,Linfala/examples/E/E.D83.mp3,E.D83,E.D83.mp3
examples,690,https://pub-78d23bf07fce46b3adc19df91148ffb8.r2.dev/Linfala/examples/E/E.D84.mp3,Linfala/examples/E/E.D84.mp3,E.D84,E.D84.mp3
examples,691,https://pub-78d23bf07fce46b3adc19df91148ffb8.r2.dev/Linfala/examples/E/E.D85.mp3,Linfala/examples/E/E.D85.mp3,E.D85,E.D85.mp3
examples,692,https://pub-78d23bf07fce46b3adc19df91148ffb8.r2.dev/Linfala/examples/E/E.D86.mp3,Linfala/examples/E/E.D86.mp3,E.D86,E.D86.mp3
examples,693,https://pub-78d23bf07fce46b3adc19df91148ffb8.r2.dev/Linfala/examples/E/E.D87.mp3,Linfala/examples/E/E.D87.mp3,E.D87,E.D87.mp3
examples,694,https://pub-78d23bf07fce46b3adc19df91148ffb8.r2.dev/Linfala/examples/E/E.D88.mp3,Linfala/examples/E/E.D88.mp3,E.D88,E.D88.mp3
examples,695,https://pub-78d23bf07fce46b3adc19df91148ffb8.r2.dev/Linfala/examples/E/E.D89.mp3,Linfala/examples/E/E.D89.mp3,E.D89,E.D89.mp3
examples,605,https://pub-78d23bf07fce46b3adc19df91148ffb8.r2.dev/Linfala/examples/E/E.D9.mp3,Linfala/examples/E/E.D9.mp3,E.D9,E.D9.mp3
examples,696,https://pub-78d23bf07fce46b3adc19df91148ffb8.r2.dev/Linfala/examples/E/E.D90.mp3,Linfala/examples/E/E.D90.mp3,E.D90,E.D90.mp3
examples,697,https://pub-78d23bf07fce46b3adc19df91148ffb8.r2.dev/Linfala/examples/E/E.D91.mp3,Linfala/examples/E/E.D91.mp3,E.D91,E.D91.mp3
examples,698,https://pub-78d23bf07fce46b3adc19df91148ffb8.r2.dev/Linfala/examples/E/E.D92.mp3,Linfala/examples/E/E.D92.mp3,E.D92,E.D92.mp3
examples,699,https://pub-78d23bf07fce46b3adc19df91148ffb8.r2.dev/Linfala/examples/E/E.D93.mp3,Linfala/examples/E/E.D93.mp3,E.D93,E.D93.mp3
examples,700,https://pub-78d23bf07fce46b3adc19df91148ffb8.r2.dev/Linfala/examples/E/E.D94.mp3,Linfala/examples/E/E.D94.mp3,E.D94,E.D94.mp3
examples,701,https://pub-78d23bf07fce46b3adc19df91148ffb8.r2.dev/Linfala/examples/E/E.D95.mp3,Linfala/examples/E/E.D95.mp3,E.D95,E.D95.mp3
examples,702,https://pub-78d23bf07fce46b3adc19df91148ffb8.r2.dev/Linfala/examples/E/E.D96.mp3,Linfala/examples/E/E.D96.mp3,E.D96,E.D96.mp3
examples,703,https://pub-78d23bf07fce46b3adc19df91148ffb8.r2.dev/Linfala/examples/E/E.D97.mp3,Linfala/examples/E/E.D97.mp3,E.D97,E.D97.mp3
examples,704,https://pub-78d23bf07fce46b3adc19df91148ffb8.r2.dev/Linfala/examples/E/E.D98.mp3,Linfala/examples/E/E.D98.mp3,E.D98,E.D98.mp3
examples,705,https://pub-78d23bf07fce46b3adc19df91148ffb8.r2.dev/Linfala/examples/E/E.D99.mp3,Linfala/examples/E/E.D99.mp3,E.D99,E.D99.mp3
senses,733,https://pub-78d23bf07fce46b3adc19df91148ffb8.r2.dev/Linfala/senses/E/E.F126.mp3,Linfala/senses/E/E.F126.mp3,E.F126,E.F126.mp3
senses,744,https://pub-78d23bf07fce46b3adc19df91148ffb8.r2.dev/Linfala/senses/E/E.F136.mp3,Linfala/senses/E/E.F136.mp3,E.F136,E.F136.mp3
senses,748,https://pub-78d23bf07fce46b3adc19df91148ffb8.r2.dev/Linfala/senses/E/E.F139.mp3,Linfala/senses/E/E.F139.mp3,E.F139,E.F139.mp3
senses,762,https://pub-78d23bf07fce46b3adc19df91148ffb8.r2.dev/Linfala/senses/E/E.F152.mp3,Linfala/senses/E/E.F152.mp3,E.F152,E.F152.mp3
senses,622,https://pub-78d23bf07fce46b3adc19df91148ffb8.r2.dev/Linfala/senses/E/E.F25.mp3,Linfala/senses/E/E.F25.mp3,E.F25,E.F25.mp3
senses,627,https://pub-78d23bf07fce46b3adc19df91148ffb8.r2.dev/Linfala/senses/E/E.F29.mp3,Linfala/senses/E/E.F29.mp3,E.F29,E.F29.mp3
senses,631,https://pub-78d23bf07fce46b3adc19df91148ffb8.r2.dev/Linfala/senses/E/E.F32.mp3,Linfala/senses/E/E.F32.mp3,E.F32,E.F32.mp3
senses,642,https://pub-78d23bf07fce46b3adc19df91148ffb8.r2.dev/Linfala/senses/E/E.F42.mp3,Linfala/senses/E/E.F42.mp3,E.F42,E.F42.mp3
senses,645,https://pub-78d23bf07fce46b3adc19df91148ffb8.r2.dev/Linfala/senses/E/E.F44.mp3,Linfala/senses/E/E.F44.mp3,E.F44,E.F44.mp3
senses,649,https://pub-78d23bf07fce46b3adc19df91148ffb8.r2.dev/Linfala/senses/E/E.F47.mp3,Linfala/senses/E/E.F47.mp3,E.F47,E.F47.mp3
senses,600,https://pub-78d23bf07fce46b3adc19df91148ffb8.r2.dev/Linfala/senses/E/E.F5.mp3,Linfala/senses/E/E.F5.mp3,E.F5,E.F5.mp3
senses,659,https://pub-78d23bf07fce46b3adc19df91148ffb8.r2.dev/Linfala/senses/E/E.F56.mp3,Linfala/senses/E/E.F56.mp3,E.F56,E.F56.mp3
senses,675,https://pub-78d23bf07fce46b3adc19df91148ffb8.r2.dev/Linfala/senses/E/E.F71.mp3,Linfala/senses/E/E.F71.mp3,E.F71,E.F71.mp3
senses,677,https://pub-78d23bf07fce46b3adc19df91148ffb8.r2.dev/Linfala/senses/E/E.F72.mp3,Linfala/senses/E/E.F72.mp3,E.F72,E.F72.mp3
senses,685,https://pub-78d23bf07fce46b3adc19df91148ffb8.r2.dev/Linfala/senses/E/E.F79.mp3,Linfala/senses/E/E.F79.mp3,E.F79,E.F79.mp3
examples,733,https://pub-78d23bf07fce46b3adc19df91148ffb8.r2.dev/Linfala/examples/E/E.G126.mp3,Linfala/examples/E/E.G126.mp3,E.G126,E.G126.mp3
examples,744,https://pub-78d23bf07fce46b3adc19df91148ffb8.r2.dev/Linfala/examples/E/E.G136.mp3,Linfala/examples/E/E.G136.mp3,E.G136,E.G136.mp3
examples,762,https://pub-78d23bf07fce46b3adc19df91148ffb8.r2.dev/Linfala/examples/E/E.G152.mp3,Linfala/examples/E/E.G152.mp3,E.G152,E.G152.mp3
examples,622,https://pub-78d23bf07fce46b3adc19df91148ffb8.r2.dev/Linfala/examples/E/E.G25.mp3,Linfala/examples/E/E.G25.mp3,E.G25,E.G25.mp3
examples,627,https://pub-78d23bf07fce46b3adc19df91148ffb8.r2.dev/Linfala/examples/E/E.G29.mp3,Linfala/examples/E/E.G29.mp3,E.G29,E.G29.mp3
examples,631,https://pub-78d23bf07fce46b3adc19df91148ffb8.r2.dev/Linfala/examples/E/E.G32.mp3,Linfala/examples/E/E.G32.mp3,E.G32,E.G32.mp3
examples,642,https://pub-78d23bf07fce46b3adc19df91148ffb8.r2.dev/Linfala/examples/E/E.G42.mp3,Linfala/examples/E/E.G42.mp3,E.G42,E.G42.mp3
examples,645,https://pub-78d23bf07fce46b3adc19df91148ffb8.r2.dev/Linfala/examples/E/E.G44.mp3,Linfala/examples/E/E.G44.mp3,E.G44,E.G44.mp3
examples,649,https://pub-78d23bf07fce46b3adc19df91148ffb8.r2.dev/Linfala/examples/E/E.G47.mp3,Linfala/examples/E/E.G47.mp3,E.G47,E.G47.mp3
examples,600,https://pub-78d23bf07fce46b3adc19df91148ffb8.r2.dev/Linfala/examples/E/E.G5.mp3,Linfala/examples/E/E.G5.mp3,E.G5,E.G5.mp3
examples,659,https://pub-78d23bf07fce46b3adc19df91148ffb8.r2.dev/Linfala/examples/E/E.G56.mp3,Linfala/examples/E/E.G56.mp3,E.G56,E.G56.mp3
examples,675,https://pub-78d23bf07fce46b3adc19df91148ffb8.r2.dev/Linfala/examples/E/E.G71.mp3,Linfala/examples/E/E.G71.mp3,E.G71,E.G71.mp3
examples,677,https://pub-78d23bf07fce46b3adc19df91148ffb8.r2.dev/Linfala/examples/E/E.G72.mp3,Linfala/examples/E/E.G72.mp3,E.G72,E.G72.mp3
examples,685,https://pub-78d23bf07fce46b3adc19df91148ffb8.r2.dev/Linfala/examples/E/E.G79.mp3,Linfala/examples/E/E.G79.mp3,E.G79,E.G79.mp3
senses,601,https://pub-78d23bf07fce46b3adc19df91148ffb8.r2.dev/Linfala/senses/E/E.I5.mp3,Linfala/senses/E/E.I5.mp3,E.I5,E.I5.mp3
examples,601,https://pub-78d23bf07fce46b3adc19df91148ffb8.r2.dev/Linfala/examples/E/E.J5.mp3,Linfala/examples/E/E.J5.mp3,E.J5,E.J5.mp3
senses,774,https://pub-78d23bf07fce46b3adc19df91148ffb8.r2.dev/Linfala/senses/F/F.C10.mp3,Linfala/senses/F/F.C10.mp3,F.C10,F.C10.mp3
senses,878,https://pub-78d23bf07fce46b3adc19df91148ffb8.r2.dev/Linfala/senses/F/F.C100.mp3,Linfala/senses/F/F.C100.mp3,F.C100,F.C100.mp3
senses,879,https://pub-78d23bf07fce46b3adc19df91148ffb8.r2.dev/Linfala/senses/F/F.C101.mp3,Linfala/senses/F/F.C101.mp3,F.C101,F.C101.mp3
senses,880,https://pub-78d23bf07fce46b3adc19df91148ffb8.r2.dev/Linfala/senses/F/F.C102.mp3,Linfala/senses/F/F.C102.mp3,F.C102,F.C102.mp3
senses,881,https://pub-78d23bf07fce46b3adc19df91148ffb8.r2.dev/Linfala/senses/F/F.C103.mp3,Linfala/senses/F/F.C103.mp3,F.C103,F.C103.mp3
senses,882,https://pub-78d23bf07fce46b3adc19df91148ffb8.r2.dev/Linfala/senses/F/F.C104.mp3,Linfala/senses/F/F.C104.mp3,F.C104,F.C104.mp3
senses,883,https://pub-78d23bf07fce46b3adc19df91148ffb8.r2.dev/Linfala/senses/F/F.C105.mp3,Linfala/senses/F/F.C105.mp3,F.C105,F.C105.mp3
senses,884,https://pub-78d23bf07fce46b3adc19df91148ffb8.r2.dev/Linfala/senses/F/F.C106.mp3,Linfala/senses/F/F.C106.mp3,F.C106,F.C106.mp3
senses,885,https://pub-78d23bf07fce46b3adc19df91148ffb8.r2.dev/Linfala/senses/F/F.C107.mp3,Linfala/senses/F/F.C107.mp3,F.C107,F.C107.mp3
senses,886,https://pub-78d23bf07fce46b3adc19df91148ffb8.r2.dev/Linfala/senses/F/F.C108.mp3,Linfala/senses/F/F.C108.mp3,F.C108,F.C108.mp3
senses,887,https://pub-78d23bf07fce46b3adc19df91148ffb8.r2.dev/Linfala/senses/F/F.C109.mp3,Linfala/senses/F/F.C109.mp3,F.C109,F.C109.mp3
senses,775,https://pub-78d23bf07fce46b3adc19df91148ffb8.r2.dev/Linfala/senses/F/F.C11.mp3,Linfala/senses/F/F.C11.mp3,F.C11,F.C11.mp3
senses,888,https://pub-78d23bf07fce46b3adc19df91148ffb8.r2.dev/Linfala/senses/F/F.C110.mp3,Linfala/senses/F/F.C110.mp3,F.C110,F.C110.mp3
senses,889,https://pub-78d23bf07fce46b3adc19df91148ffb8.r2.dev/Linfala/senses/F/F.C111.mp3,Linfala/senses/F/F.C111.mp3,F.C111,F.C111.mp3
senses,890,https://pub-78d23bf07fce46b3adc19df91148ffb8.r2.dev/Linfala/senses/F/F.C112.mp3,Linfala/senses/F/F.C112.mp3,F.C112,F.C112.mp3
senses,891,https://pub-78d23bf07fce46b3adc19df91148ffb8.r2.dev/Linfala/senses/F/F.C113.mp3,Linfala/senses/F/F.C113.mp3,F.C113,F.C113.mp3
senses,892,https://pub-78d23bf07fce46b3adc19df91148ffb8.r2.dev/Linfala/senses/F/F.C114.mp3,Linfala/senses/F/F.C114.mp3,F.C114,F.C114.mp3
senses,893,https://pub-78d23bf07fce46b3adc19df91148ffb8.r2.dev/Linfala/senses/F/F.C115.mp3,Linfala/senses/F/F.C115.mp3,F.C115,F.C115.mp3
senses,894,https://pub-78d23bf07fce46b3adc19df91148ffb8.r2.dev/Linfala/senses/F/F.C116.mp3,Linfala/senses/F/F.C116.mp3,F.C116,F.C116.mp3
senses,776,https://pub-78d23bf07fce46b3adc19df91148ffb8.r2.dev/Linfala/senses/F/F.C12.mp3,Linfala/senses/F/F.C12.mp3,F.C12,F.C12.mp3
senses,777,https://pub-78d23bf07fce46b3adc19df91148ffb8.r2.dev/Linfala/senses/F/F.C13.mp3,Linfala/senses/F/F.C13.mp3,F.C13,F.C13.mp3
senses,778,https://pub-78d23bf07fce46b3adc19df91148ffb8.r2.dev/Linfala/senses/F/F.C14.mp3,Linfala/senses/F/F.C14.mp3,F.C14,F.C14.mp3
senses,779,https://pub-78d23bf07fce46b3adc19df91148ffb8.r2.dev/Linfala/senses/F/F.C15.mp3,Linfala/senses/F/F.C15.mp3,F.C15,F.C15.mp3
senses,780,https://pub-78d23bf07fce46b3adc19df91148ffb8.r2.dev/Linfala/senses/F/F.C16.mp3,Linfala/senses/F/F.C16.mp3,F.C16,F.C16.mp3
senses,781,https://pub-78d23bf07fce46b3adc19df91148ffb8.r2.dev/Linfala/senses/F/F.C17.mp3,Linfala/senses/F/F.C17.mp3,F.C17,F.C17.mp3
senses,782,https://pub-78d23bf07fce46b3adc19df91148ffb8.r2.dev/Linfala/senses/F/F.C18.mp3,Linfala/senses/F/F.C18.mp3,F.C18,F.C18.mp3
senses,783,https://pub-78d23bf07fce46b3adc19df91148ffb8.r2.dev/Linfala/senses/F/F.C19.mp3,Linfala/senses/F/F.C19.mp3,F.C19,F.C19.mp3
senses,784,https://pub-78d23bf07fce46b3adc19df91148ffb8.r2.dev/Linfala/senses/F/F.C20.mp3,Linfala/senses/F/F.C20.mp3,F.C20,F.C20.mp3
senses,785,https://pub-78d23bf07fce46b3adc19df91148ffb8.r2.dev/Linfala/senses/F/F.C21.mp3,Linfala/senses/F/F.C21.mp3,F.C21,F.C21.mp3
senses,788,https://pub-78d23bf07fce46b3adc19df91148ffb8.r2.dev/Linfala/senses/F/F.C22.mp3,Linfala/senses/F/F.C22.mp3,F.C22,F.C22.mp3
senses,790,https://pub-78d23bf07fce46b3adc19df91148ffb8.r2.dev/Linfala/senses/F/F.C23.mp3,Linfala/senses/F/F.C23.mp3,F.C23,F.C23.mp3
senses,791,https://pub-78d23bf07fce46b3adc19df91148ffb8.r2.dev/Linfala/senses/F/F.C24.mp3,Linfala/senses/F/F.C24.mp3,F.C24,F.C24.mp3
senses,792,https://pub-78d23bf07fce46b3adc19df91148ffb8.r2.dev/Linfala/senses/F/F.C25.mp3,Linfala/senses/F/F.C25.mp3,F.C25,F.C25.mp3
senses,793,https://pub-78d23bf07fce46b3adc19df91148ffb8.r2.dev/Linfala/senses/F/F.C26.mp3,Linfala/senses/F/F.C26.mp3,F.C26,F.C26.mp3
senses,794,https://pub-78d23bf07fce46b3adc19df91148ffb8.r2.dev/Linfala/senses/F/F.C27.mp3,Linfala/senses/F/F.C27.mp3,F.C27,F.C27.mp3
senses,795,https://pub-78d23bf07fce46b3adc19df91148ffb8.r2.dev/Linfala/senses/F/F.C28.mp3,Linfala/senses/F/F.C28.mp3,F.C28,F.C28.mp3
senses,797,https://pub-78d23bf07fce46b3adc19df91148ffb8.r2.dev/Linfala/senses/F/F.C29.mp3,Linfala/senses/F/F.C29.mp3,F.C29,F.C29.mp3
senses,764,https://pub-78d23bf07fce46b3adc19df91148ffb8.r2.dev/Linfala/senses/F/F.C3.mp3,Linfala/senses/F/F.C3.mp3,F.C3,F.C3.mp3
senses,798,https://pub-78d23bf07fce46b3adc19df91148ffb8.r2.dev/Linfala/senses/F/F.C30.mp3,Linfala/senses/F/F.C30.mp3,F.C30,F.C30.mp3
senses,799,https://pub-78d23bf07fce46b3adc19df91148ffb8.r2.dev/Linfala/senses/F/F.C31.mp3,Linfala/senses/F/F.C31.mp3,F.C31,F.C31.mp3
senses,800,https://pub-78d23bf07fce46b3adc19df91148ffb8.r2.dev/Linfala/senses/F/F.C32.mp3,Linfala/senses/F/F.C32.mp3,F.C32,F.C32.mp3
senses,801,https://pub-78d23bf07fce46b3adc19df91148ffb8.r2.dev/Linfala/senses/F/F.C33.mp3,Linfala/senses/F/F.C33.mp3,F.C33,F.C33.mp3
senses,802,https://pub-78d23bf07fce46b3adc19df91148ffb8.r2.dev/Linfala/senses/F/F.C34.mp3,Linfala/senses/F/F.C34.mp3,F.C34,F.C34.mp3
senses,803,https://pub-78d23bf07fce46b3adc19df91148ffb8.r2.dev/Linfala/senses/F/F.C35.mp3,Linfala/senses/F/F.C35.mp3,F.C35,F.C35.mp3
senses,804,https://pub-78d23bf07fce46b3adc19df91148ffb8.r2.dev/Linfala/senses/F/F.C36.mp3,Linfala/senses/F/F.C36.mp3,F.C36,F.C36.mp3
senses,805,https://pub-78d23bf07fce46b3adc19df91148ffb8.r2.dev/Linfala/senses/F/F.C37.mp3,Linfala/senses/F/F.C37.mp3,F.C37,F.C37.mp3
senses,807,https://pub-78d23bf07fce46b3adc19df91148ffb8.r2.dev/Linfala/senses/F/F.C38.mp3,Linfala/senses/F/F.C38.mp3,F.C38,F.C38.mp3
senses,808,https://pub-78d23bf07fce46b3adc19df91148ffb8.r2.dev/Linfala/senses/F/F.C39.mp3,Linfala/senses/F/F.C39.mp3,F.C39,F.C39.mp3
senses,765,https://pub-78d23bf07fce46b3adc19df91148ffb8.r2.dev/Linfala/senses/F/F.C4.mp3,Linfala/senses/F/F.C4.mp3,F.C4,F.C4.mp3
senses,809,https://pub-78d23bf07fce46b3adc19df91148ffb8.r2.dev/Linfala/senses/F/F.C40.mp3,Linfala/senses/F/F.C40.mp3,F.C40,F.C40.mp3
senses,810,https://pub-78d23bf07fce46b3adc19df91148ffb8.r2.dev/Linfala/senses/F/F.C41.mp3,Linfala/senses/F/F.C41.mp3,F.C41,F.C41.mp3
senses,811,https://pub-78d23bf07fce46b3adc19df91148ffb8.r2.dev/Linfala/senses/F/F.C42.mp3,Linfala/senses/F/F.C42.mp3,F.C42,F.C42.mp3
senses,812,https://pub-78d23bf07fce46b3adc19df91148ffb8.r2.dev/Linfala/senses/F/F.C43.mp3,Linfala/senses/F/F.C43.mp3,F.C43,F.C43.mp3
senses,814,https://pub-78d23bf07fce46b3adc19df91148ffb8.r2.dev/Linfala/senses/F/F.C44.mp3,Linfala/senses/F/F.C44.mp3,F.C44,F.C44.mp3
senses,815,https://pub-78d23bf07fce46b3adc19df91148ffb8.r2.dev/Linfala/senses/F/F.C45.mp3,Linfala/senses/F/F.C45.mp3,F.C45,F.C45.mp3
senses,816,https://pub-78d23bf07fce46b3adc19df91148ffb8.r2.dev/Linfala/senses/F/F.C46.mp3,Linfala/senses/F/F.C46.mp3,F.C46,F.C46.mp3
senses,817,https://pub-78d23bf07fce46b3adc19df91148ffb8.r2.dev/Linfala/senses/F/F.C47.mp3,Linfala/senses/F/F.C47.mp3,F.C47,F.C47.mp3
senses,818,https://pub-78d23bf07fce46b3adc19df91148ffb8.r2.dev/Linfala/senses/F/F.C48.mp3,Linfala/senses/F/F.C48.mp3,F.C48,F.C48.mp3
senses,819,https://pub-78d23bf07fce46b3adc19df91148ffb8.r2.dev/Linfala/senses/F/F.C49.mp3,Linfala/senses/F/F.C49.mp3,F.C49,F.C49.mp3
senses,768,https://pub-78d23bf07fce46b3adc19df91148ffb8.r2.dev/Linfala/senses/F/F.C5.mp3,Linfala/senses/F/F.C5.mp3,F.C5,F.C5.mp3
senses,821,https://pub-78d23bf07fce46b3adc19df91148ffb8.r2.dev/Linfala/senses/F/F.C51.mp3,Linfala/senses/F/F.C51.mp3,F.C51,F.C51.mp3
senses,822,https://pub-78d23bf07fce46b3adc19df91148ffb8.r2.dev/Linfala/senses/F/F.C52.mp3,Linfala/senses/F/F.C52.mp3,F.C52,F.C52.mp3
senses,823,https://pub-78d23bf07fce46b3adc19df91148ffb8.r2.dev/Linfala/senses/F/F.C53.mp3,Linfala/senses/F/F.C53.mp3,F.C53,F.C53.mp3
senses,824,https://pub-78d23bf07fce46b3adc19df91148ffb8.r2.dev/Linfala/senses/F/F.C54.mp3,Linfala/senses/F/F.C54.mp3,F.C54,F.C54.mp3
senses,825,https://pub-78d23bf07fce46b3adc19df91148ffb8.r2.dev/Linfala/senses/F/F.C55.mp3,Linfala/senses/F/F.C55.mp3,F.C55,F.C55.mp3
senses,828,https://pub-78d23bf07fce46b3adc19df91148ffb8.r2.dev/Linfala/senses/F/F.C56.mp3,Linfala/senses/F/F.C56.mp3,F.C56,F.C56.mp3
senses,830,https://pub-78d23bf07fce46b3adc19df91148ffb8.r2.dev/Linfala/senses/F/F.C57.mp3,Linfala/senses/F/F.C57.mp3,F.C57,F.C57.mp3
senses,831,https://pub-78d23bf07fce46b3adc19df91148ffb8.r2.dev/Linfala/senses/F/F.C58.mp3,Linfala/senses/F/F.C58.mp3,F.C58,F.C58.mp3
senses,832,https://pub-78d23bf07fce46b3adc19df91148ffb8.r2.dev/Linfala/senses/F/F.C59.mp3,Linfala/senses/F/F.C59.mp3,F.C59,F.C59.mp3
senses,769,https://pub-78d23bf07fce46b3adc19df91148ffb8.r2.dev/Linfala/senses/F/F.C6.mp3,Linfala/senses/F/F.C6.mp3,F.C6,F.C6.mp3
senses,833,https://pub-78d23bf07fce46b3adc19df91148ffb8.r2.dev/Linfala/senses/F/F.C60.mp3,Linfala/senses/F/F.C60.mp3,F.C60,F.C60.mp3
senses,834,https://pub-78d23bf07fce46b3adc19df91148ffb8.r2.dev/Linfala/senses/F/F.C61.mp3,Linfala/senses/F/F.C61.mp3,F.C61,F.C61.mp3
senses,835,https://pub-78d23bf07fce46b3adc19df91148ffb8.r2.dev/Linfala/senses/F/F.C62.mp3,Linfala/senses/F/F.C62.mp3,F.C62,F.C62.mp3
senses,836,https://pub-78d23bf07fce46b3adc19df91148ffb8.r2.dev/Linfala/senses/F/F.C63.mp3,Linfala/senses/F/F.C63.mp3,F.C63,F.C63.mp3
senses,837,https://pub-78d23bf07fce46b3adc19df91148ffb8.r2.dev/Linfala/senses/F/F.C64.mp3,Linfala/senses/F/F.C64.mp3,F.C64,F.C64.mp3
senses,838,https://pub-78d23bf07fce46b3adc19df91148ffb8.r2.dev/Linfala/senses/F/F.C65.mp3,Linfala/senses/F/F.C65.mp3,F.C65,F.C65.mp3
senses,839,https://pub-78d23bf07fce46b3adc19df91148ffb8.r2.dev/Linfala/senses/F/F.C66.mp3,Linfala/senses/F/F.C66.mp3,F.C66,F.C66.mp3
senses,840,https://pub-78d23bf07fce46b3adc19df91148ffb8.r2.dev/Linfala/senses/F/F.C67.mp3,Linfala/senses/F/F.C67.mp3,F.C67,F.C67.mp3
senses,841,https://pub-78d23bf07fce46b3adc19df91148ffb8.r2.dev/Linfala/senses/F/F.C68.mp3,Linfala/senses/F/F.C68.mp3,F.C68,F.C68.mp3
senses,842,https://pub-78d23bf07fce46b3adc19df91148ffb8.r2.dev/Linfala/senses/F/F.C69.mp3,Linfala/senses/F/F.C69.mp3,F.C69,F.C69.mp3
senses,770,https://pub-78d23bf07fce46b3adc19df91148ffb8.r2.dev/Linfala/senses/F/F.C7.mp3,Linfala/senses/F/F.C7.mp3,F.C7,F.C7.mp3
senses,844,https://pub-78d23bf07fce46b3adc19df91148ffb8.r2.dev/Linfala/senses/F/F.C70.mp3,Linfala/senses/F/F.C70.mp3,F.C70,F.C70.mp3
senses,845,https://pub-78d23bf07fce46b3adc19df91148ffb8.r2.dev/Linfala/senses/F/F.C71.mp3,Linfala/senses/F/F.C71.mp3,F.C71,F.C71.mp3
senses,847,https://pub-78d23bf07fce46b3adc19df91148ffb8.r2.dev/Linfala/senses/F/F.C72.mp3,Linfala/senses/F/F.C72.mp3,F.C72,F.C72.mp3
senses,848,https://pub-78d23bf07fce46b3adc19df91148ffb8.r2.dev/Linfala/senses/F/F.C73.mp3,Linfala/senses/F/F.C73.mp3,F.C73,F.C73.mp3
senses,849,https://pub-78d23bf07fce46b3adc19df91148ffb8.r2.dev/Linfala/senses/F/F.C74.mp3,Linfala/senses/F/F.C74.mp3,F.C74,F.C74.mp3
senses,850,https://pub-78d23bf07fce46b3adc19df91148ffb8.r2.dev/Linfala/senses/F/F.C75.mp3,Linfala/senses/F/F.C75.mp3,F.C75,F.C75.mp3
senses,851,https://pub-78d23bf07fce46b3adc19df91148ffb8.r2.dev/Linfala/senses/F/F.C76.mp3,Linfala/senses/F/F.C76.mp3,F.C76,F.C76.mp3
senses,852,https://pub-78d23bf07fce46b3adc19df91148ffb8.r2.dev/Linfala/senses/F/F.C77.mp3,Linfala/senses/F/F.C77.mp3,F.C77,F.C77.mp3
senses,853,https://pub-78d23bf07fce46b3adc19df91148ffb8.r2.dev/Linfala/senses/F/F.C78.mp3,Linfala/senses/F/F.C78.mp3,F.C78,F.C78.mp3
senses,854,https://pub-78d23bf07fce46b3adc19df91148ffb8.r2.dev/Linfala/senses/F/F.C79.mp3,Linfala/senses/F/F.C79.mp3,F.C79,F.C79.mp3
senses,771,https://pub-78d23bf07fce46b3adc19df91148ffb8.r2.dev/Linfala/senses/F/F.C8.mp3,Linfala/senses/F/F.C8.mp3,F.C8,F.C8.mp3
senses,855,https://pub-78d23bf07fce46b3adc19df91148ffb8.r2.dev/Linfala/senses/F/F.C80.mp3,Linfala/senses/F/F.C80.mp3,F.C80,F.C80.mp3
senses,856,https://pub-78d23bf07fce46b3adc19df91148ffb8.r2.dev/Linfala/senses/F/F.C81.mp3,Linfala/senses/F/F.C81.mp3,F.C81,F.C81.mp3
senses,857,https://pub-78d23bf07fce46b3adc19df91148ffb8.r2.dev/Linfala/senses/F/F.C82.mp3,Linfala/senses/F/F.C82.mp3,F.C82,F.C82.mp3
senses,858,https://pub-78d23bf07fce46b3adc19df91148ffb8.r2.dev/Linfala/senses/F/F.C83.mp3,Linfala/senses/F/F.C83.mp3,F.C83,F.C83.mp3
senses,859,https://pub-78d23bf07fce46b3adc19df91148ffb8.r2.dev/Linfala/senses/F/F.C84.mp3,Linfala/senses/F/F.C84.mp3,F.C84,F.C84.mp3
senses,860,https://pub-78d23bf07fce46b3adc19df91148ffb8.r2.dev/Linfala/senses/F/F.C85.mp3,Linfala/senses/F/F.C85.mp3,F.C85,F.C85.mp3
senses,861,https://pub-78d23bf07fce46b3adc19df91148ffb8.r2.dev/Linfala/senses/F/F.C86.mp3,Linfala/senses/F/F.C86.mp3,F.C86,F.C86.mp3
senses,862,https://pub-78d23bf07fce46b3adc19df91148ffb8.r2.dev/Linfala/senses/F/F.C87.mp3,Linfala/senses/F/F.C87.mp3,F.C87,F.C87.mp3
senses,863,https://pub-78d23bf07fce46b3adc19df91148ffb8.r2.dev/Linfala/senses/F/F.C88.mp3,Linfala/senses/F/F.C88.mp3,F.C88,F.C88.mp3
senses,864,https://pub-78d23bf07fce46b3adc19df91148ffb8.r2.dev/Linfala/senses/F/F.C89.mp3,Linfala/senses/F/F.C89.mp3,F.C89,F.C89.mp3
senses,773,https://pub-78d23bf07fce46b3adc19df91148ffb8.r2.dev/Linfala/senses/F/F.C9.mp3,Linfala/senses/F/F.C9.mp3,F.C9,F.C9.mp3
senses,865,https://pub-78d23bf07fce46b3adc19df91148ffb8.r2.dev/Linfala/senses/F/F.C90.mp3,Linfala/senses/F/F.C90.mp3,F.C90,F.C90.mp3
senses,866,https://pub-78d23bf07fce46b3adc19df91148ffb8.r2.dev/Linfala/senses/F/F.C91.mp3,Linfala/senses/F/F.C91.mp3,F.C91,F.C91.mp3
senses,867,https://pub-78d23bf07fce46b3adc19df91148ffb8.r2.dev/Linfala/senses/F/F.C92.mp3,Linfala/senses/F/F.C92.mp3,F.C92,F.C92.mp3
senses,868,https://pub-78d23bf07fce46b3adc19df91148ffb8.r2.dev/Linfala/senses/F/F.C93.mp3,Linfala/senses/F/F.C93.mp3,F.C93,F.C93.mp3
senses,869,https://pub-78d23bf07fce46b3adc19df91148ffb8.r2.dev/Linfala/senses/F/F.C94.mp3,Linfala/senses/F/F.C94.mp3,F.C94,F.C94.mp3
senses,871,https://pub-78d23bf07fce46b3adc19df91148ffb8.r2.dev/Linfala/senses/F/F.C95.mp3,Linfala/senses/F/F.C95.mp3,F.C95,F.C95.mp3
senses,872,https://pub-78d23bf07fce46b3adc19df91148ffb8.r2.dev/Linfala/senses/F/F.C96.mp3,Linfala/senses/F/F.C96.mp3,F.C96,F.C96.mp3
senses,874,https://pub-78d23bf07fce46b3adc19df91148ffb8.r2.dev/Linfala/senses/F/F.C97.mp3,Linfala/senses/F/F.C97.mp3,F.C97,F.C97.mp3
senses,875,https://pub-78d23bf07fce46b3adc19df91148ffb8.r2.dev/Linfala/senses/F/F.C98.mp3,Linfala/senses/F/F.C98.mp3,F.C98,F.C98.mp3
senses,876,https://pub-78d23bf07fce46b3adc19df91148ffb8.r2.dev/Linfala/senses/F/F.C99.mp3,Linfala/senses/F/F.C99.mp3,F.C99,F.C99.mp3
examples,774,https://pub-78d23bf07fce46b3adc19df91148ffb8.r2.dev/Linfala/examples/F/F.D10.mp3,Linfala/examples/F/F.D10.mp3,F.D10,F.D10.mp3
examples,878,https://pub-78d23bf07fce46b3adc19df91148ffb8.r2.dev/Linfala/examples/F/F.D100.mp3,Linfala/examples/F/F.D100.mp3,F.D100,F.D100.mp3
examples,879,https://pub-78d23bf07fce46b3adc19df91148ffb8.r2.dev/Linfala/examples/F/F.D101.mp3,Linfala/examples/F/F.D101.mp3,F.D101,F.D101.mp3
examples,880,https://pub-78d23bf07fce46b3adc19df91148ffb8.r2.dev/Linfala/examples/F/F.D102.mp3,Linfala/examples/F/F.D102.mp3,F.D102,F.D102.mp3
examples,881,https://pub-78d23bf07fce46b3adc19df91148ffb8.r2.dev/Linfala/examples/F/F.D103.mp3,Linfala/examples/F/F.D103.mp3,F.D103,F.D103.mp3
examples,882,https://pub-78d23bf07fce46b3adc19df91148ffb8.r2.dev/Linfala/examples/F/F.D104.mp3,Linfala/examples/F/F.D104.mp3,F.D104,F.D104.mp3
examples,883,https://pub-78d23bf07fce46b3adc19df91148ffb8.r2.dev/Linfala/examples/F/F.D105.mp3,Linfala/examples/F/F.D105.mp3,F.D105,F.D105.mp3
examples,884,https://pub-78d23bf07fce46b3adc19df91148ffb8.r2.dev/Linfala/examples/F/F.D106.mp3,Linfala/examples/F/F.D106.mp3,F.D106,F.D106.mp3
examples,885,https://pub-78d23bf07fce46b3adc19df91148ffb8.r2.dev/Linfala/examples/F/F.D107.mp3,Linfala/examples/F/F.D107.mp3,F.D107,F.D107.mp3
examples,886,https://pub-78d23bf07fce46b3adc19df91148ffb8.r2.dev/Linfala/examples/F/F.D108.mp3,Linfala/examples/F/F.D108.mp3,F.D108,F.D108.mp3
examples,887,https://pub-78d23bf07fce46b3adc19df91148ffb8.r2.dev/Linfala/examples/F/F.D109.mp3,Linfala/examples/F/F.D109.mp3,F.D109,F.D109.mp3
examples,775,https://pub-78d23bf07fce46b3adc19df91148ffb8.r2.dev/Linfala/examples/F/F.D11.mp3,Linfala/examples/F/F.D11.mp3,F.D11,F.D11.mp3
examples,888,https://pub-78d23bf07fce46b3adc19df91148ffb8.r2.dev/Linfala/examples/F/F.D110.mp3,Linfala/examples/F/F.D110.mp3,F.D110,F.D110.mp3
examples,889,https://pub-78d23bf07fce46b3adc19df91148ffb8.r2.dev/Linfala/examples/F/F.D111.mp3,Linfala/examples/F/F.D111.mp3,F.D111,F.D111.mp3
examples,890,https://pub-78d23bf07fce46b3adc19df91148ffb8.r2.dev/Linfala/examples/F/F.D112.mp3,Linfala/examples/F/F.D112.mp3,F.D112,F.D112.mp3
examples,891,https://pub-78d23bf07fce46b3adc19df91148ffb8.r2.dev/Linfala/examples/F/F.D113.mp3,Linfala/examples/F/F.D113.mp3,F.D113,F.D113.mp3
examples,892,https://pub-78d23bf07fce46b3adc19df91148ffb8.r2.dev/Linfala/examples/F/F.D114.mp3,Linfala/examples/F/F.D114.mp3,F.D114,F.D114.mp3
examples,893,https://pub-78d23bf07fce46b3adc19df91148ffb8.r2.dev/Linfala/examples/F/F.D115.mp3,Linfala/examples/F/F.D115.mp3,F.D115,F.D115.mp3
examples,894,https://pub-78d23bf07fce46b3adc19df91148ffb8.r2.dev/Linfala/examples/F/F.D116.mp3,Linfala/examples/F/F.D116.mp3,F.D116,F.D116.mp3
examples,776,https://pub-78d23bf07fce46b3adc19df91148ffb8.r2.dev/Linfala/examples/F/F.D12.mp3,Linfala/examples/F/F.D12.mp3,F.D12,F.D12.mp3
examples,777,https://pub-78d23bf07fce46b3adc19df91148ffb8.r2.dev/Linfala/examples/F/F.D13.mp3,Linfala/examples/F/F.D13.mp3,F.D13,F.D13.mp3
examples,778,https://pub-78d23bf07fce46b3adc19df91148ffb8.r2.dev/Linfala/examples/F/F.D14.mp3,Linfala/examples/F/F.D14.mp3,F.D14,F.D14.mp3
examples,779,https://pub-78d23bf07fce46b3adc19df91148ffb8.r2.dev/Linfala/examples/F/F.D15.mp3,Linfala/examples/F/F.D15.mp3,F.D15,F.D15.mp3
examples,780,https://pub-78d23bf07fce46b3adc19df91148ffb8.r2.dev/Linfala/examples/F/F.D16.mp3,Linfala/examples/F/F.D16.mp3,F.D16,F.D16.mp3
examples,781,https://pub-78d23bf07fce46b3adc19df91148ffb8.r2.dev/Linfala/examples/F/F.D17.mp3,Linfala/examples/F/F.D17.mp3,F.D17,F.D17.mp3
examples,782,https://pub-78d23bf07fce46b3adc19df91148ffb8.r2.dev/Linfala/examples/F/F.D18.mp3,Linfala/examples/F/F.D18.mp3,F.D18,F.D18.mp3
examples,783,https://pub-78d23bf07fce46b3adc19df91148ffb8.r2.dev/Linfala/examples/F/F.D19.mp3,Linfala/examples/F/F.D19.mp3,F.D19,F.D19.mp3
examples,784,https://pub-78d23bf07fce46b3adc19df91148ffb8.r2.dev/Linfala/examples/F/F.D20.mp3,Linfala/examples/F/F.D20.mp3,F.D20,F.D20.mp3
examples,785,https://pub-78d23bf07fce46b3adc19df91148ffb8.r2.dev/Linfala/examples/F/F.D21.mp3,Linfala/examples/F/F.D21.mp3,F.D21,F.D21.mp3
examples,788,https://pub-78d23bf07fce46b3adc19df91148ffb8.r2.dev/Linfala/examples/F/F.D22.mp3,Linfala/examples/F/F.D22.mp3,F.D22,F.D22.mp3
examples,790,https://pub-78d23bf07fce46b3adc19df91148ffb8.r2.dev/Linfala/examples/F/F.D23.mp3,Linfala/examples/F/F.D23.mp3,F.D23,F.D23.mp3
examples,791,https://pub-78d23bf07fce46b3adc19df91148ffb8.r2.dev/Linfala/examples/F/F.D24.mp3,Linfala/examples/F/F.D24.mp3,F.D24,F.D24.mp3
examples,792,https://pub-78d23bf07fce46b3adc19df91148ffb8.r2.dev/Linfala/examples/F/F.D25.mp3,Linfala/examples/F/F.D25.mp3,F.D25,F.D25.mp3
examples,793,https://pub-78d23bf07fce46b3adc19df91148ffb8.r2.dev/Linfala/examples/F/F.D26.mp3,Linfala/examples/F/F.D26.mp3,F.D26,F.D26.mp3
examples,794,https://pub-78d23bf07fce46b3adc19df91148ffb8.r2.dev/Linfala/examples/F/F.D27.mp3,Linfala/examples/F/F.D27.mp3,F.D27,F.D27.mp3
examples,795,https://pub-78d23bf07fce46b3adc19df91148ffb8.r2.dev/Linfala/examples/F/F.D28.mp3,Linfala/examples/F/F.D28.mp3,F.D28,F.D28.mp3
examples,797,https://pub-78d23bf07fce46b3adc19df91148ffb8.r2.dev/Linfala/examples/F/F.D29.mp3,Linfala/examples/F/F.D29.mp3,F.D29,F.D29.mp3
examples,764,https://pub-78d23bf07fce46b3adc19df91148ffb8.r2.dev/Linfala/examples/F/F.D3.mp3,Linfala/examples/F/F.D3.mp3,F.D3,F.D3.mp3
examples,798,https://pub-78d23bf07fce46b3adc19df91148ffb8.r2.dev/Linfala/examples/F/F.D30.mp3,Linfala/examples/F/F.D30.mp3,F.D30,F.D30.mp3
examples,799,https://pub-78d23bf07fce46b3adc19df91148ffb8.r2.dev/Linfala/examples/F/F.D31.mp3,Linfala/examples/F/F.D31.mp3,F.D31,F.D31.mp3
examples,800,https://pub-78d23bf07fce46b3adc19df91148ffb8.r2.dev/Linfala/examples/F/F.D32.mp3,Linfala/examples/F/F.D32.mp3,F.D32,F.D32.mp3
examples,801,https://pub-78d23bf07fce46b3adc19df91148ffb8.r2.dev/Linfala/examples/F/F.D33.mp3,Linfala/examples/F/F.D33.mp3,F.D33,F.D33.mp3
examples,802,https://pub-78d23bf07fce46b3adc19df91148ffb8.r2.dev/Linfala/examples/F/F.D34.mp3,Linfala/examples/F/F.D34.mp3,F.D34,F.D34.mp3
examples,803,https://pub-78d23bf07fce46b3adc19df91148ffb8.r2.dev/Linfala/examples/F/F.D35.mp3,Linfala/examples/F/F.D35.mp3,F.D35,F.D35.mp3
examples,804,https://pub-78d23bf07fce46b3adc19df91148ffb8.r2.dev/Linfala/examples/F/F.D36.mp3,Linfala/examples/F/F.D36.mp3,F.D36,F.D36.mp3
examples,805,https://pub-78d23bf07fce46b3adc19df91148ffb8.r2.dev/Linfala/examples/F/F.D37.mp3,Linfala/examples/F/F.D37.mp3,F.D37,F.D37.mp3
examples,807,https://pub-78d23bf07fce46b3adc19df91148ffb8.r2.dev/Linfala/examples/F/F.D38.mp3,Linfala/examples/F/F.D38.mp3,F.D38,F.D38.mp3
examples,808,https://pub-78d23bf07fce46b3adc19df91148ffb8.r2.dev/Linfala/examples/F/F.D39.mp3,Linfala/examples/F/F.D39.mp3,F.D39,F.D39.mp3
examples,765,https://pub-78d23bf07fce46b3adc19df91148ffb8.r2.dev/Linfala/examples/F/F.D4.mp3,Linfala/examples/F/F.D4.mp3,F.D4,F.D4.mp3
examples,809,https://pub-78d23bf07fce46b3adc19df91148ffb8.r2.dev/Linfala/examples/F/F.D40.mp3,Linfala/examples/F/F.D40.mp3,F.D40,F.D40.mp3
examples,810,https://pub-78d23bf07fce46b3adc19df91148ffb8.r2.dev/Linfala/examples/F/F.D41.mp3,Linfala/examples/F/F.D41.mp3,F.D41,F.D41.mp3
examples,811,https://pub-78d23bf07fce46b3adc19df91148ffb8.r2.dev/Linfala/examples/F/F.D42.mp3,Linfala/examples/F/F.D42.mp3,F.D42,F.D42.mp3
examples,812,https://pub-78d23bf07fce46b3adc19df91148ffb8.r2.dev/Linfala/examples/F/F.D43.mp3,Linfala/examples/F/F.D43.mp3,F.D43,F.D43.mp3
examples,814,https://pub-78d23bf07fce46b3adc19df91148ffb8.r2.dev/Linfala/examples/F/F.D44.mp3,Linfala/examples/F/F.D44.mp3,F.D44,F.D44.mp3
examples,815,https://pub-78d23bf07fce46b3adc19df91148ffb8.r2.dev/Linfala/examples/F/F.D45.mp3,Linfala/examples/F/F.D45.mp3,F.D45,F.D45.mp3
examples,816,https://pub-78d23bf07fce46b3adc19df91148ffb8.r2.dev/Linfala/examples/F/F.D46.mp3,Linfala/examples/F/F.D46.mp3,F.D46,F.D46.mp3
examples,817,https://pub-78d23bf07fce46b3adc19df91148ffb8.r2.dev/Linfala/examples/F/F.D47.mp3,Linfala/examples/F/F.D47.mp3,F.D47,F.D47.mp3
examples,818,https://pub-78d23bf07fce46b3adc19df91148ffb8.r2.dev/Linfala/examples/F/F.D48.mp3,Linfala/examples/F/F.D48.mp3,F.D48,F.D48.mp3
examples,819,https://pub-78d23bf07fce46b3adc19df91148ffb8.r2.dev/Linfala/examples/F/F.D49.mp3,Linfala/examples/F/F.D49.mp3,F.D49,F.D49.mp3
examples,768,https://pub-78d23bf07fce46b3adc19df91148ffb8.r2.dev/Linfala/examples/F/F.D5.mp3,Linfala/examples/F/F.D5.mp3,F.D5,F.D5.mp3
examples,820,https://pub-78d23bf07fce46b3adc19df91148ffb8.r2.dev/Linfala/examples/F/F.D50.mp3,Linfala/examples/F/F.D50.mp3,F.D50,F.D50.mp3
examples,821,https://pub-78d23bf07fce46b3adc19df91148ffb8.r2.dev/Linfala/examples/F/F.D51.mp3,Linfala/examples/F/F.D51.mp3,F.D51,F.D51.mp3
examples,822,https://pub-78d23bf07fce46b3adc19df91148ffb8.r2.dev/Linfala/examples/F/F.D52.mp3,Linfala/examples/F/F.D52.mp3,F.D52,F.D52.mp3
examples,823,https://pub-78d23bf07fce46b3adc19df91148ffb8.r2.dev/Linfala/examples/F/F.D53.mp3,Linfala/examples/F/F.D53.mp3,F.D53,F.D53.mp3
examples,824,https://pub-78d23bf07fce46b3adc19df91148ffb8.r2.dev/Linfala/examples/F/F.D54.mp3,Linfala/examples/F/F.D54.mp3,F.D54,F.D54.mp3
examples,825,https://pub-78d23bf07fce46b3adc19df91148ffb8.r2.dev/Linfala/examples/F/F.D55.mp3,Linfala/examples/F/F.D55.mp3,F.D55,F.D55.mp3
examples,828,https://pub-78d23bf07fce46b3adc19df91148ffb8.r2.dev/Linfala/examples/F/F.D56.mp3,Linfala/examples/F/F.D56.mp3,F.D56,F.D56.mp3
examples,830,https://pub-78d23bf07fce46b3adc19df91148ffb8.r2.dev/Linfala/examples/F/F.D57.mp3,Linfala/examples/F/F.D57.mp3,F.D57,F.D57.mp3
examples,831,https://pub-78d23bf07fce46b3adc19df91148ffb8.r2.dev/Linfala/examples/F/F.D58.mp3,Linfala/examples/F/F.D58.mp3,F.D58,F.D58.mp3
examples,832,https://pub-78d23bf07fce46b3adc19df91148ffb8.r2.dev/Linfala/examples/F/F.D59.mp3,Linfala/examples/F/F.D59.mp3,F.D59,F.D59.mp3
examples,769,https://pub-78d23bf07fce46b3adc19df91148ffb8.r2.dev/Linfala/examples/F/F.D6.mp3,Linfala/examples/F/F.D6.mp3,F.D6,F.D6.mp3
examples,833,https://pub-78d23bf07fce46b3adc19df91148ffb8.r2.dev/Linfala/examples/F/F.D60.mp3,Linfala/examples/F/F.D60.mp3,F.D60,F.D60.mp3
examples,834,https://pub-78d23bf07fce46b3adc19df91148ffb8.r2.dev/Linfala/examples/F/F.D61.mp3,Linfala/examples/F/F.D61.mp3,F.D61,F.D61.mp3
examples,835,https://pub-78d23bf07fce46b3adc19df91148ffb8.r2.dev/Linfala/examples/F/F.D62.mp3,Linfala/examples/F/F.D62.mp3,F.D62,F.D62.mp3
examples,836,https://pub-78d23bf07fce46b3adc19df91148ffb8.r2.dev/Linfala/examples/F/F.D63.mp3,Linfala/examples/F/F.D63.mp3,F.D63,F.D63.mp3
examples,837,https://pub-78d23bf07fce46b3adc19df91148ffb8.r2.dev/Linfala/examples/F/F.D64.mp3,Linfala/examples/F/F.D64.mp3,F.D64,F.D64.mp3
examples,838,https://pub-78d23bf07fce46b3adc19df91148ffb8.r2.dev/Linfala/examples/F/F.D65.mp3,Linfala/examples/F/F.D65.mp3,F.D65,F.D65.mp3
examples,839,https://pub-78d23bf07fce46b3adc19df91148ffb8.r2.dev/Linfala/examples/F/F.D66.mp3,Linfala/examples/F/F.D66.mp3,F.D66,F.D66.mp3
examples,840,https://pub-78d23bf07fce46b3adc19df91148ffb8.r2.dev/Linfala/examples/F/F.D67.mp3,Linfala/examples/F/F.D67.mp3,F.D67,F.D67.mp3
examples,841,https://pub-78d23bf07fce46b3adc19df91148ffb8.r2.dev/Linfala/examples/F/F.D68.mp3,Linfala/examples/F/F.D68.mp3,F.D68,F.D68.mp3
examples,842,https://pub-78d23bf07fce46b3adc19df91148ffb8.r2.dev/Linfala/examples/F/F.D69.mp3,Linfala/examples/F/F.D69.mp3,F.D69,F.D69.mp3
examples,770,https://pub-78d23bf07fce46b3adc19df91148ffb8.r2.dev/Linfala/examples/F/F.D7.mp3,Linfala/examples/F/F.D7.mp3,F.D7,F.D7.mp3
examples,844,https://pub-78d23bf07fce46b3adc19df91148ffb8.r2.dev/Linfala/examples/F/F.D70.mp3,Linfala/examples/F/F.D70.mp3,F.D70,F.D70.mp3
examples,845,https://pub-78d23bf07fce46b3adc19df91148ffb8.r2.dev/Linfala/examples/F/F.D71.mp3,Linfala/examples/F/F.D71.mp3,F.D71,F.D71.mp3
examples,847,https://pub-78d23bf07fce46b3adc19df91148ffb8.r2.dev/Linfala/examples/F/F.D72.mp3,Linfala/examples/F/F.D72.mp3,F.D72,F.D72.mp3
examples,848,https://pub-78d23bf07fce46b3adc19df91148ffb8.r2.dev/Linfala/examples/F/F.D73.mp3,Linfala/examples/F/F.D73.mp3,F.D73,F.D73.mp3
examples,849,https://pub-78d23bf07fce46b3adc19df91148ffb8.r2.dev/Linfala/examples/F/F.D74.mp3,Linfala/examples/F/F.D74.mp3,F.D74,F.D74.mp3
examples,850,https://pub-78d23bf07fce46b3adc19df91148ffb8.r2.dev/Linfala/examples/F/F.D75.mp3,Linfala/examples/F/F.D75.mp3,F.D75,F.D75.mp3
examples,851,https://pub-78d23bf07fce46b3adc19df91148ffb8.r2.dev/Linfala/examples/F/F.D76.mp3,Linfala/examples/F/F.D76.mp3,F.D76,F.D76.mp3
examples,852,https://pub-78d23bf07fce46b3adc19df91148ffb8.r2.dev/Linfala/examples/F/F.D77.mp3,Linfala/examples/F/F.D77.mp3,F.D77,F.D77.mp3
examples,853,https://pub-78d23bf07fce46b3adc19df91148ffb8.r2.dev/Linfala/examples/F/F.D78.mp3,Linfala/examples/F/F.D78.mp3,F.D78,F.D78.mp3
examples,854,https://pub-78d23bf07fce46b3adc19df91148ffb8.r2.dev/Linfala/examples/F/F.D79.mp3,Linfala/examples/F/F.D79.mp3,F.D79,F.D79.mp3
examples,771,https://pub-78d23bf07fce46b3adc19df91148ffb8.r2.dev/Linfala/examples/F/F.D8.mp3,Linfala/examples/F/F.D8.mp3,F.D8,F.D8.mp3
examples,855,https://pub-78d23bf07fce46b3adc19df91148ffb8.r2.dev/Linfala/examples/F/F.D80.mp3,Linfala/examples/F/F.D80.mp3,F.D80,F.D80.mp3
examples,856,https://pub-78d23bf07fce46b3adc19df91148ffb8.r2.dev/Linfala/examples/F/F.D81.mp3,Linfala/examples/F/F.D81.mp3,F.D81,F.D81.mp3
examples,857,https://pub-78d23bf07fce46b3adc19df91148ffb8.r2.dev/Linfala/examples/F/F.D82.mp3,Linfala/examples/F/F.D82.mp3,F.D82,F.D82.mp3
examples,858,https://pub-78d23bf07fce46b3adc19df91148ffb8.r2.dev/Linfala/examples/F/F.D83.mp3,Linfala/examples/F/F.D83.mp3,F.D83,F.D83.mp3
examples,859,https://pub-78d23bf07fce46b3adc19df91148ffb8.r2.dev/Linfala/examples/F/F.D84.mp3,Linfala/examples/F/F.D84.mp3,F.D84,F.D84.mp3
examples,860,https://pub-78d23bf07fce46b3adc19df91148ffb8.r2.dev/Linfala/examples/F/F.D85.mp3,Linfala/examples/F/F.D85.mp3,F.D85,F.D85.mp3
examples,861,https://pub-78d23bf07fce46b3adc19df91148ffb8.r2.dev/Linfala/examples/F/F.D86.mp3,Linfala/examples/F/F.D86.mp3,F.D86,F.D86.mp3
examples,862,https://pub-78d23bf07fce46b3adc19df91148ffb8.r2.dev/Linfala/examples/F/F.D87.mp3,Linfala/examples/F/F.D87.mp3,F.D87,F.D87.mp3
examples,863,https://pub-78d23bf07fce46b3adc19df91148ffb8.r2.dev/Linfala/examples/F/F.D88.mp3,Linfala/examples/F/F.D88.mp3,F.D88,F.D88.mp3
examples,864,https://pub-78d23bf07fce46b3adc19df91148ffb8.r2.dev/Linfala/examples/F/F.D89.mp3,Linfala/examples/F/F.D89.mp3,F.D89,F.D89.mp3
examples,773,https://pub-78d23bf07fce46b3adc19df91148ffb8.r2.dev/Linfala/examples/F/F.D9.mp3,Linfala/examples/F/F.D9.mp3,F.D9,F.D9.mp3
examples,865,https://pub-78d23bf07fce46b3adc19df91148ffb8.r2.dev/Linfala/examples/F/F.D90.mp3,Linfala/examples/F/F.D90.mp3,F.D90,F.D90.mp3
examples,866,https://pub-78d23bf07fce46b3adc19df91148ffb8.r2.dev/Linfala/examples/F/F.D91.mp3,Linfala/examples/F/F.D91.mp3,F.D91,F.D91.mp3
examples,867,https://pub-78d23bf07fce46b3adc19df91148ffb8.r2.dev/Linfala/examples/F/F.D92.mp3,Linfala/examples/F/F.D92.mp3,F.D92,F.D92.mp3
examples,868,https://pub-78d23bf07fce46b3adc19df91148ffb8.r2.dev/Linfala/examples/F/F.D93.mp3,Linfala/examples/F/F.D93.mp3,F.D93,F.D93.mp3
examples,869,https://pub-78d23bf07fce46b3adc19df91148ffb8.r2.dev/Linfala/examples/F/F.D94.mp3,Linfala/examples/F/F.D94.mp3,F.D94,F.D94.mp3
examples,871,https://pub-78d23bf07fce46b3adc19df91148ffb8.r2.dev/Linfala/examples/F/F.D95.mp3,Linfala/examples/F/F.D95.mp3,F.D95,F.D95.mp3
examples,872,https://pub-78d23bf07fce46b3adc19df91148ffb8.r2.dev/Linfala/examples/F/F.D96.mp3,Linfala/examples/F/F.D96.mp3,F.D96,F.D96.mp3
examples,874,https://pub-78d23bf07fce46b3adc19df91148ffb8.r2.dev/Linfala/examples/F/F.D97.mp3,Linfala/examples/F/F.D97.mp3,F.D97,F.D97.mp3
examples,875,https://pub-78d23bf07fce46b3adc19df91148ffb8.r2.dev/Linfala/examples/F/F.D98.mp3,Linfala/examples/F/F.D98.mp3,F.D98,F.D98.mp3
examples,876,https://pub-78d23bf07fce46b3adc19df91148ffb8.r2.dev/Linfala/examples/F/F.D99.mp3,Linfala/examples/F/F.D99.mp3,F.D99,F.D99.mp3
senses,895,https://pub-78d23bf07fce46b3adc19df91148ffb8.r2.dev/Linfala/senses/F/F.F116.mp3,Linfala/senses/F/F.F116.mp3,F.F116,F.F116.mp3
senses,786,https://pub-78d23bf07fce46b3adc19df91148ffb8.r2.dev/Linfala/senses/F/F.F21.mp3,Linfala/senses/F/F.F21.mp3,F.F21,F.F21.mp3
senses,789,https://pub-78d23bf07fce46b3adc19df91148ffb8.r2.dev/Linfala/senses/F/F.F22.mp3,Linfala/senses/F/F.F22.mp3,F.F22,F.F22.mp3
senses,796,https://pub-78d23bf07fce46b3adc19df91148ffb8.r2.dev/Linfala/senses/F/F.F28.mp3,Linfala/senses/F/F.F28.mp3,F.F28,F.F28.mp3
senses,806,https://pub-78d23bf07fce46b3adc19df91148ffb8.r2.dev/Linfala/senses/F/F.F37.mp3,Linfala/senses/F/F.F37.mp3,F.F37,F.F37.mp3
senses,766,https://pub-78d23bf07fce46b3adc19df91148ffb8.r2.dev/Linfala/senses/F/F.F4.mp3,Linfala/senses/F/F.F4.mp3,F.F4,F.F4.mp3
senses,813,https://pub-78d23bf07fce46b3adc19df91148ffb8.r2.dev/Linfala/senses/F/F.F43.mp3,Linfala/senses/F/F.F43.mp3,F.F43,F.F43.mp3
senses,826,https://pub-78d23bf07fce46b3adc19df91148ffb8.r2.dev/Linfala/senses/F/F.F55.mp3,Linfala/senses/F/F.F55.mp3,F.F55,F.F55.mp3
senses,829,https://pub-78d23bf07fce46b3adc19df91148ffb8.r2.dev/Linfala/senses/F/F.F56.mp3,Linfala/senses/F/F.F56.mp3,F.F56,F.F56.mp3
senses,843,https://pub-78d23bf07fce46b3adc19df91148ffb8.r2.dev/Linfala/senses/F/F.F69.mp3,Linfala/senses/F/F.F69.mp3,F.F69,F.F69.mp3
senses,846,https://pub-78d23bf07fce46b3adc19df91148ffb8.r2.dev/Linfala/senses/F/F.F71.mp3,Linfala/senses/F/F.F71.mp3,F.F71,F.F71.mp3
senses,772,https://pub-78d23bf07fce46b3adc19df91148ffb8.r2.dev/Linfala/senses/F/F.F8.mp3,Linfala/senses/F/F.F8.mp3,F.F8,F.F8.mp3
senses,870,https://pub-78d23bf07fce46b3adc19df91148ffb8.r2.dev/Linfala/senses/F/F.F94.mp3,Linfala/senses/F/F.F94.mp3,F.F94,F.F94.mp3
senses,873,https://pub-78d23bf07fce46b3adc19df91148ffb8.r2.dev/Linfala/senses/F/F.F96.mp3,Linfala/senses/F/F.F96.mp3,F.F96,F.F96.mp3
senses,877,https://pub-78d23bf07fce46b3adc19df91148ffb8.r2.dev/Linfala/senses/F/F.F99.mp3,Linfala/senses/F/F.F99.mp3,F.F99,F.F99.mp3
examples,895,https://pub-78d23bf07fce46b3adc19df91148ffb8.r2.dev/Linfala/examples/F/F.G116.mp3,Linfala/examples/F/F.G116.mp3,F.G116,F.G116.mp3
examples,786,https://pub-78d23bf07fce46b3adc19df91148ffb8.r2.dev/Linfala/examples/F/F.G21.mp3,Linfala/examples/F/F.G21.mp3,F.G21,F.G21.mp3
examples,789,https://pub-78d23bf07fce46b3adc19df91148ffb8.r2.dev/Linfala/examples/F/F.G22.mp3,Linfala/examples/F/F.G22.mp3,F.G22,F.G22.mp3
examples,796,https://pub-78d23bf07fce46b3adc19df91148ffb8.r2.dev/Linfala/examples/F/F.G28.mp3,Linfala/examples/F/F.G28.mp3,F.G28,F.G28.mp3
examples,806,https://pub-78d23bf07fce46b3adc19df91148ffb8.r2.dev/Linfala/examples/F/F.G37.mp3,Linfala/examples/F/F.G37.mp3,F.G37,F.G37.mp3
examples,766,https://pub-78d23bf07fce46b3adc19df91148ffb8.r2.dev/Linfala/examples/F/F.G4.mp3,Linfala/examples/F/F.G4.mp3,F.G4,F.G4.mp3
examples,813,https://pub-78d23bf07fce46b3adc19df91148ffb8.r2.dev/Linfala/examples/F/F.G43.mp3,Linfala/examples/F/F.G43.mp3,F.G43,F.G43.mp3
examples,826,https://pub-78d23bf07fce46b3adc19df91148ffb8.r2.dev/Linfala/examples/F/F.G55.mp3,Linfala/examples/F/F.G55.mp3,F.G55,F.G55.mp3
examples,829,https://pub-78d23bf07fce46b3adc19df91148ffb8.r2.dev/Linfala/examples/F/F.G56.mp3,Linfala/examples/F/F.G56.mp3,F.G56,F.G56.mp3
examples,843,https://pub-78d23bf07fce46b3adc19df91148ffb8.r2.dev/Linfala/examples/F/F.G69.mp3,Linfala/examples/F/F.G69.mp3,F.G69,F.G69.mp3
examples,846,https://pub-78d23bf07fce46b3adc19df91148ffb8.r2.dev/Linfala/examples/F/F.G71.mp3,Linfala/examples/F/F.G71.mp3,F.G71,F.G71.mp3
examples,772,https://pub-78d23bf07fce46b3adc19df91148ffb8.r2.dev/Linfala/examples/F/F.G8.mp3,Linfala/examples/F/F.G8.mp3,F.G8,F.G8.mp3
examples,870,https://pub-78d23bf07fce46b3adc19df91148ffb8.r2.dev/Linfala/examples/F/F.G94.mp3,Linfala/examples/F/F.G94.mp3,F.G94,F.G94.mp3
examples,873,https://pub-78d23bf07fce46b3adc19df91148ffb8.r2.dev/Linfala/examples/F/F.G96.mp3,Linfala/examples/F/F.G96.mp3,F.G96,F.G96.mp3
examples,877,https://pub-78d23bf07fce46b3adc19df91148ffb8.r2.dev/Linfala/examples/F/F.G99.mp3,Linfala/examples/F/F.G99.mp3,F.G99,F.G99.mp3
senses,787,https://pub-78d23bf07fce46b3adc19df91148ffb8.r2.dev/Linfala/senses/F/F.I21.mp3,Linfala/senses/F/F.I21.mp3,F.I21,F.I21.mp3
senses,767,https://pub-78d23bf07fce46b3adc19df91148ffb8.r2.dev/Linfala/senses/F/F.I4.mp3,Linfala/senses/F/F.I4.mp3,F.I4,F.I4.mp3
senses,827,https://pub-78d23bf07fce46b3adc19df91148ffb8.r2.dev/Linfala/senses/F/F.I55.mp3,Linfala/senses/F/F.I55.mp3,F.I55,F.I55.mp3
examples,767,https://pub-78d23bf07fce46b3adc19df91148ffb8.r2.dev/Linfala/examples/F/F.J4.mp3,Linfala/examples/F/F.J4.mp3,F.J4,F.J4.mp3
examples,827,https://pub-78d23bf07fce46b3adc19df91148ffb8.r2.dev/Linfala/examples/F/F.J55.mp3,Linfala/examples/F/F.J55.mp3,F.J55,F.J55.mp3
senses,906,https://pub-78d23bf07fce46b3adc19df91148ffb8.r2.dev/Linfala/senses/G/G.C10.mp3,Linfala/senses/G/G.C10.mp3,G.C10,G.C10.mp3
senses,907,https://pub-78d23bf07fce46b3adc19df91148ffb8.r2.dev/Linfala/senses/G/G.C11.mp3,Linfala/senses/G/G.C11.mp3,G.C11,G.C11.mp3
senses,908,https://pub-78d23bf07fce46b3adc19df91148ffb8.r2.dev/Linfala/senses/G/G.C12.mp3,Linfala/senses/G/G.C12.mp3,G.C12,G.C12.mp3
senses,909,https://pub-78d23bf07fce46b3adc19df91148ffb8.r2.dev/Linfala/senses/G/G.C13.mp3,Linfala/senses/G/G.C13.mp3,G.C13,G.C13.mp3
senses,910,https://pub-78d23bf07fce46b3adc19df91148ffb8.r2.dev/Linfala/senses/G/G.C14.mp3,Linfala/senses/G/G.C14.mp3,G.C14,G.C14.mp3
senses,912,https://pub-78d23bf07fce46b3adc19df91148ffb8.r2.dev/Linfala/senses/G/G.C15.mp3,Linfala/senses/G/G.C15.mp3,G.C15,G.C15.mp3
senses,913,https://pub-78d23bf07fce46b3adc19df91148ffb8.r2.dev/Linfala/senses/G/G.C16.mp3,Linfala/senses/G/G.C16.mp3,G.C16,G.C16.mp3
senses,914,https://pub-78d23bf07fce46b3adc19df91148ffb8.r2.dev/Linfala/senses/G/G.C17.mp3,Linfala/senses/G/G.C17.mp3,G.C17,G.C17.mp3
senses,915,https://pub-78d23bf07fce46b3adc19df91148ffb8.r2.dev/Linfala/senses/G/G.C18.mp3,Linfala/senses/G/G.C18.mp3,G.C18,G.C18.mp3
senses,916,https://pub-78d23bf07fce46b3adc19df91148ffb8.r2.dev/Linfala/senses/G/G.C19.mp3,Linfala/senses/G/G.C19.mp3,G.C19,G.C19.mp3
senses,917,https://pub-78d23bf07fce46b3adc19df91148ffb8.r2.dev/Linfala/senses/G/G.C20.mp3,Linfala/senses/G/G.C20.mp3,G.C20,G.C20.mp3
senses,918,https://pub-78d23bf07fce46b3adc19df91148ffb8.r2.dev/Linfala/senses/G/G.C21.mp3,Linfala/senses/G/G.C21.mp3,G.C21,G.C21.mp3
senses,919,https://pub-78d23bf07fce46b3adc19df91148ffb8.r2.dev/Linfala/senses/G/G.C22.mp3,Linfala/senses/G/G.C22.mp3,G.C22,G.C22.mp3
senses,920,https://pub-78d23bf07fce46b3adc19df91148ffb8.r2.dev/Linfala/senses/G/G.C23.mp3,Linfala/senses/G/G.C23.mp3,G.C23,G.C23.mp3
senses,921,https://pub-78d23bf07fce46b3adc19df91148ffb8.r2.dev/Linfala/senses/G/G.C24.mp3,Linfala/senses/G/G.C24.mp3,G.C24,G.C24.mp3
senses,923,https://pub-78d23bf07fce46b3adc19df91148ffb8.r2.dev/Linfala/senses/G/G.C25.mp3,Linfala/senses/G/G.C25.mp3,G.C25,G.C25.mp3
senses,924,https://pub-78d23bf07fce46b3adc19df91148ffb8.r2.dev/Linfala/senses/G/G.C26.mp3,Linfala/senses/G/G.C26.mp3,G.C26,G.C26.mp3
senses,925,https://pub-78d23bf07fce46b3adc19df91148ffb8.r2.dev/Linfala/senses/G/G.C27.mp3,Linfala/senses/G/G.C27.mp3,G.C27,G.C27.mp3
senses,926,https://pub-78d23bf07fce46b3adc19df91148ffb8.r2.dev/Linfala/senses/G/G.C28.mp3,Linfala/senses/G/G.C28.mp3,G.C28,G.C28.mp3
senses,927,https://pub-78d23bf07fce46b3adc19df91148ffb8.r2.dev/Linfala/senses/G/G.C29.mp3,Linfala/senses/G/G.C29.mp3,G.C29,G.C29.mp3
senses,896,https://pub-78d23bf07fce46b3adc19df91148ffb8.r2.dev/Linfala/senses/G/G.C3.mp3,Linfala/senses/G/G.C3.mp3,G.C3,G.C3.mp3
senses,928,https://pub-78d23bf07fce46b3adc19df91148ffb8.r2.dev/Linfala/senses/G/G.C30.mp3,Linfala/senses/G/G.C30.mp3,G.C30,G.C30.mp3
senses,929,https://pub-78d23bf07fce46b3adc19df91148ffb8.r2.dev/Linfala/senses/G/G.C31.mp3,Linfala/senses/G/G.C31.mp3,G.C31,G.C31.mp3
senses,931,https://pub-78d23bf07fce46b3adc19df91148ffb8.r2.dev/Linfala/senses/G/G.C33.mp3,Linfala/senses/G/G.C33.mp3,G.C33,G.C33.mp3
senses,932,https://pub-78d23bf07fce46b3adc19df91148ffb8.r2.dev/Linfala/senses/G/G.C34.mp3,Linfala/senses/G/G.C34.mp3,G.C34,G.C34.mp3
senses,934,https://pub-78d23bf07fce46b3adc19df91148ffb8.r2.dev/Linfala/senses/G/G.C35.mp3,Linfala/senses/G/G.C35.mp3,G.C35,G.C35.mp3
senses,935,https://pub-78d23bf07fce46b3adc19df91148ffb8.r2.dev/Linfala/senses/G/G.C36.mp3,Linfala/senses/G/G.C36.mp3,G.C36,G.C36.mp3
senses,936,https://pub-78d23bf07fce46b3adc19df91148ffb8.r2.dev/Linfala/senses/G/G.C37.mp3,Linfala/senses/G/G.C37.mp3,G.C37,G.C37.mp3
senses,937,https://pub-78d23bf07fce46b3adc19df91148ffb8.r2.dev/Linfala/senses/G/G.C38.mp3,Linfala/senses/G/G.C38.mp3,G.C38,G.C38.mp3
senses,938,https://pub-78d23bf07fce46b3adc19df91148ffb8.r2.dev/Linfala/senses/G/G.C39.mp3,Linfala/senses/G/G.C39.mp3,G.C39,G.C39.mp3
senses,897,https://pub-78d23bf07fce46b3adc19df91148ffb8.r2.dev/Linfala/senses/G/G.C4.mp3,Linfala/senses/G/G.C4.mp3,G.C4,G.C4.mp3
senses,939,https://pub-78d23bf07fce46b3adc19df91148ffb8.r2.dev/Linfala/senses/G/G.C40.mp3,Linfala/senses/G/G.C40.mp3,G.C40,G.C40.mp3
senses,940,https://pub-78d23bf07fce46b3adc19df91148ffb8.r2.dev/Linfala/senses/G/G.C41.mp3,Linfala/senses/G/G.C41.mp3,G.C41,G.C41.mp3
senses,941,https://pub-78d23bf07fce46b3adc19df91148ffb8.r2.dev/Linfala/senses/G/G.C42.mp3,Linfala/senses/G/G.C42.mp3,G.C42,G.C42.mp3
senses,942,https://pub-78d23bf07fce46b3adc19df91148ffb8.r2.dev/Linfala/senses/G/G.C43.mp3,Linfala/senses/G/G.C43.mp3,G.C43,G.C43.mp3
senses,943,https://pub-78d23bf07fce46b3adc19df91148ffb8.r2.dev/Linfala/senses/G/G.C44.mp3,Linfala/senses/G/G.C44.mp3,G.C44,G.C44.mp3
senses,945,https://pub-78d23bf07fce46b3adc19df91148ffb8.r2.dev/Linfala/senses/G/G.C45.mp3,Linfala/senses/G/G.C45.mp3,G.C45,G.C45.mp3
senses,947,https://pub-78d23bf07fce46b3adc19df91148ffb8.r2.dev/Linfala/senses/G/G.C46.mp3,Linfala/senses/G/G.C46.mp3,G.C46,G.C46.mp3
senses,948,https://pub-78d23bf07fce46b3adc19df91148ffb8.r2.dev/Linfala/senses/G/G.C47.mp3,Linfala/senses/G/G.C47.mp3,G.C47,G.C47.mp3
senses,950,https://pub-78d23bf07fce46b3adc19df91148ffb8.r2.dev/Linfala/senses/G/G.C48.mp3,Linfala/senses/G/G.C48.mp3,G.C48,G.C48.mp3
senses,951,https://pub-78d23bf07fce46b3adc19df91148ffb8.r2.dev/Linfala/senses/G/G.C49.mp3,Linfala/senses/G/G.C49.mp3,G.C49,G.C49.mp3
senses,899,https://pub-78d23bf07fce46b3adc19df91148ffb8.r2.dev/Linfala/senses/G/G.C5.mp3,Linfala/senses/G/G.C5.mp3,G.C5,G.C5.mp3
senses,952,https://pub-78d23bf07fce46b3adc19df91148ffb8.r2.dev/Linfala/senses/G/G.C50.mp3,Linfala/senses/G/G.C50.mp3,G.C50,G.C50.mp3
senses,953,https://pub-78d23bf07fce46b3adc19df91148ffb8.r2.dev/Linfala/senses/G/G.C51.mp3,Linfala/senses/G/G.C51.mp3,G.C51,G.C51.mp3
senses,954,https://pub-78d23bf07fce46b3adc19df91148ffb8.r2.dev/Linfala/senses/G/G.C52.mp3,Linfala/senses/G/G.C52.mp3,G.C52,G.C52.mp3
senses,955,https://pub-78d23bf07fce46b3adc19df91148ffb8.r2.dev/Linfala/senses/G/G.C53.mp3,Linfala/senses/G/G.C53.mp3,G.C53,G.C53.mp3
senses,957,https://pub-78d23bf07fce46b3adc19df91148ffb8.r2.dev/Linfala/senses/G/G.C54.mp3,Linfala/senses/G/G.C54.mp3,G.C54,G.C54.mp3
senses,958,https://pub-78d23bf07fce46b3adc19df91148ffb8.r2.dev/Linfala/senses/G/G.C55.mp3,Linfala/senses/G/G.C55.mp3,G.C55,G.C55.mp3
senses,959,https://pub-78d23bf07fce46b3adc19df91148ffb8.r2.dev/Linfala/senses/G/G.C56.mp3,Linfala/senses/G/G.C56.mp3,G.C56,G.C56.mp3
senses,961,https://pub-78d23bf07fce46b3adc19df91148ffb8.r2.dev/Linfala/senses/G/G.C57.mp3,Linfala/senses/G/G.C57.mp3,G.C57,G.C57.mp3
senses,963,https://pub-78d23bf07fce46b3adc19df91148ffb8.r2.dev/Linfala/senses/G/G.C59.mp3,Linfala/senses/G/G.C59.mp3,G.C59,G.C59.mp3
senses,900,https://pub-78d23bf07fce46b3adc19df91148ffb8.r2.dev/Linfala/senses/G/G.C6.mp3,Linfala/senses/G/G.C6.mp3,G.C6,G.C6.mp3
senses,964,https://pub-78d23bf07fce46b3adc19df91148ffb8.r2.dev/Linfala/senses/G/G.C60.mp3,Linfala/senses/G/G.C60.mp3,G.C60,G.C60.mp3
senses,967,https://pub-78d23bf07fce46b3adc19df91148ffb8.r2.dev/Linfala/senses/G/G.C61.mp3,Linfala/senses/G/G.C61.mp3,G.C61,G.C61.mp3
senses,968,https://pub-78d23bf07fce46b3adc19df91148ffb8.r2.dev/Linfala/senses/G/G.C62.mp3,Linfala/senses/G/G.C62.mp3,G.C62,G.C62.mp3
senses,969,https://pub-78d23bf07fce46b3adc19df91148ffb8.r2.dev/Linfala/senses/G/G.C63.mp3,Linfala/senses/G/G.C63.mp3,G.C63,G.C63.mp3
senses,970,https://pub-78d23bf07fce46b3adc19df91148ffb8.r2.dev/Linfala/senses/G/G.C64.mp3,Linfala/senses/G/G.C64.mp3,G.C64,G.C64.mp3
senses,971,https://pub-78d23bf07fce46b3adc19df91148ffb8.r2.dev/Linfala/senses/G/G.C65.mp3,Linfala/senses/G/G.C65.mp3,G.C65,G.C65.mp3
senses,972,https://pub-78d23bf07fce46b3adc19df91148ffb8.r2.dev/Linfala/senses/G/G.C66.mp3,Linfala/senses/G/G.C66.mp3,G.C66,G.C66.mp3
senses,973,https://pub-78d23bf07fce46b3adc19df91148ffb8.r2.dev/Linfala/senses/G/G.C67.mp3,Linfala/senses/G/G.C67.mp3,G.C67,G.C67.mp3
senses,974,https://pub-78d23bf07fce46b3adc19df91148ffb8.r2.dev/Linfala/senses/G/G.C68.mp3,Linfala/senses/G/G.C68.mp3,G.C68,G.C68.mp3
senses,975,https://pub-78d23bf07fce46b3adc19df91148ffb8.r2.dev/Linfala/senses/G/G.C69.mp3,Linfala/senses/G/G.C69.mp3,G.C69,G.C69.mp3
senses,901,https://pub-78d23bf07fce46b3adc19df91148ffb8.r2.dev/Linfala/senses/G/G.C7.mp3,Linfala/senses/G/G.C7.mp3,G.C7,G.C7.mp3
senses,976,https://pub-78d23bf07fce46b3adc19df91148ffb8.r2.dev/Linfala/senses/G/G.C70.mp3,Linfala/senses/G/G.C70.mp3,G.C70,G.C70.mp3
senses,904,https://pub-78d23bf07fce46b3adc19df91148ffb8.r2.dev/Linfala/senses/G/G.C8.mp3,Linfala/senses/G/G.C8.mp3,G.C8,G.C8.mp3
senses,905,https://pub-78d23bf07fce46b3adc19df91148ffb8.r2.dev/Linfala/senses/G/G.C9.mp3,Linfala/senses/G/G.C9.mp3,G.C9,G.C9.mp3
examples,906,https://pub-78d23bf07fce46b3adc19df91148ffb8.r2.dev/Linfala/examples/G/G.D10.mp3,Linfala/examples/G/G.D10.mp3,G.D10,G.D10.mp3
examples,907,https://pub-78d23bf07fce46b3adc19df91148ffb8.r2.dev/Linfala/examples/G/G.D11.mp3,Linfala/examples/G/G.D11.mp3,G.D11,G.D11.mp3
examples,908,https://pub-78d23bf07fce46b3adc19df91148ffb8.r2.dev/Linfala/examples/G/G.D12.mp3,Linfala/examples/G/G.D12.mp3,G.D12,G.D12.mp3
examples,909,https://pub-78d23bf07fce46b3adc19df91148ffb8.r2.dev/Linfala/examples/G/G.D13.mp3,Linfala/examples/G/G.D13.mp3,G.D13,G.D13.mp3
examples,910,https://pub-78d23bf07fce46b3adc19df91148ffb8.r2.dev/Linfala/examples/G/G.D14.mp3,Linfala/examples/G/G.D14.mp3,G.D14,G.D14.mp3
examples,912,https://pub-78d23bf07fce46b3adc19df91148ffb8.r2.dev/Linfala/examples/G/G.D15.mp3,Linfala/examples/G/G.D15.mp3,G.D15,G.D15.mp3
examples,913,https://pub-78d23bf07fce46b3adc19df91148ffb8.r2.dev/Linfala/examples/G/G.D16.mp3,Linfala/examples/G/G.D16.mp3,G.D16,G.D16.mp3
examples,914,https://pub-78d23bf07fce46b3adc19df91148ffb8.r2.dev/Linfala/examples/G/G.D17.mp3,Linfala/examples/G/G.D17.mp3,G.D17,G.D17.mp3
examples,915,https://pub-78d23bf07fce46b3adc19df91148ffb8.r2.dev/Linfala/examples/G/G.D18.mp3,Linfala/examples/G/G.D18.mp3,G.D18,G.D18.mp3
examples,916,https://pub-78d23bf07fce46b3adc19df91148ffb8.r2.dev/Linfala/examples/G/G.D19.mp3,Linfala/examples/G/G.D19.mp3,G.D19,G.D19.mp3
examples,917,https://pub-78d23bf07fce46b3adc19df91148ffb8.r2.dev/Linfala/examples/G/G.D20.mp3,Linfala/examples/G/G.D20.mp3,G.D20,G.D20.mp3
examples,918,https://pub-78d23bf07fce46b3adc19df91148ffb8.r2.dev/Linfala/examples/G/G.D21.mp3,Linfala/examples/G/G.D21.mp3,G.D21,G.D21.mp3
examples,919,https://pub-78d23bf07fce46b3adc19df91148ffb8.r2.dev/Linfala/examples/G/G.D22.mp3,Linfala/examples/G/G.D22.mp3,G.D22,G.D22.mp3
examples,920,https://pub-78d23bf07fce46b3adc19df91148ffb8.r2.dev/Linfala/examples/G/G.D23.mp3,Linfala/examples/G/G.D23.mp3,G.D23,G.D23.mp3
examples,921,https://pub-78d23bf07fce46b3adc19df91148ffb8.r2.dev/Linfala/examples/G/G.D24.mp3,Linfala/examples/G/G.D24.mp3,G.D24,G.D24.mp3
examples,923,https://pub-78d23bf07fce46b3adc19df91148ffb8.r2.dev/Linfala/examples/G/G.D25.mp3,Linfala/examples/G/G.D25.mp3,G.D25,G.D25.mp3
examples,924,https://pub-78d23bf07fce46b3adc19df91148ffb8.r2.dev/Linfala/examples/G/G.D26.mp3,Linfala/examples/G/G.D26.mp3,G.D26,G.D26.mp3
examples,925,https://pub-78d23bf07fce46b3adc19df91148ffb8.r2.dev/Linfala/examples/G/G.D27.mp3,Linfala/examples/G/G.D27.mp3,G.D27,G.D27.mp3
examples,926,https://pub-78d23bf07fce46b3adc19df91148ffb8.r2.dev/Linfala/examples/G/G.D28.mp3,Linfala/examples/G/G.D28.mp3,G.D28,G.D28.mp3
examples,927,https://pub-78d23bf07fce46b3adc19df91148ffb8.r2.dev/Linfala/examples/G/G.D29.mp3,Linfala/examples/G/G.D29.mp3,G.D29,G.D29.mp3
examples,896,https://pub-78d23bf07fce46b3adc19df91148ffb8.r2.dev/Linfala/examples/G/G.D3.mp3,Linfala/examples/G/G.D3.mp3,G.D3,G.D3.mp3
examples,928,https://pub-78d23bf07fce46b3adc19df91148ffb8.r2.dev/Linfala/examples/G/G.D30.mp3,Linfala/examples/G/G.D30.mp3,G.D30,G.D30.mp3
examples,929,https://pub-78d23bf07fce46b3adc19df91148ffb8.r2.dev/Linfala/examples/G/G.D31.mp3,Linfala/examples/G/G.D31.mp3,G.D31,G.D31.mp3
examples,931,https://pub-78d23bf07fce46b3adc19df91148ffb8.r2.dev/Linfala/examples/G/G.D33.mp3,Linfala/examples/G/G.D33.mp3,G.D33,G.D33.mp3
examples,932,https://pub-78d23bf07fce46b3adc19df91148ffb8.r2.dev/Linfala/examples/G/G.D34.mp3,Linfala/examples/G/G.D34.mp3,G.D34,G.D34.mp3
examples,934,https://pub-78d23bf07fce46b3adc19df91148ffb8.r2.dev/Linfala/examples/G/G.D35.mp3,Linfala/examples/G/G.D35.mp3,G.D35,G.D35.mp3
examples,935,https://pub-78d23bf07fce46b3adc19df91148ffb8.r2.dev/Linfala/examples/G/G.D36.mp3,Linfala/examples/G/G.D36.mp3,G.D36,G.D36.mp3
examples,936,https://pub-78d23bf07fce46b3adc19df91148ffb8.r2.dev/Linfala/examples/G/G.D37.mp3,Linfala/examples/G/G.D37.mp3,G.D37,G.D37.mp3
examples,937,https://pub-78d23bf07fce46b3adc19df91148ffb8.r2.dev/Linfala/examples/G/G.D38.mp3,Linfala/examples/G/G.D38.mp3,G.D38,G.D38.mp3
examples,897,https://pub-78d23bf07fce46b3adc19df91148ffb8.r2.dev/Linfala/examples/G/G.D4.mp3,Linfala/examples/G/G.D4.mp3,G.D4,G.D4.mp3
examples,939,https://pub-78d23bf07fce46b3adc19df91148ffb8.r2.dev/Linfala/examples/G/G.D40.mp3,Linfala/examples/G/G.D40.mp3,G.D40,G.D40.mp3
examples,940,https://pub-78d23bf07fce46b3adc19df91148ffb8.r2.dev/Linfala/examples/G/G.D41.mp3,Linfala/examples/G/G.D41.mp3,G.D41,G.D41.mp3
examples,941,https://pub-78d23bf07fce46b3adc19df91148ffb8.r2.dev/Linfala/examples/G/G.D42.mp3,Linfala/examples/G/G.D42.mp3,G.D42,G.D42.mp3
examples,942,https://pub-78d23bf07fce46b3adc19df91148ffb8.r2.dev/Linfala/examples/G/G.D43.mp3,Linfala/examples/G/G.D43.mp3,G.D43,G.D43.mp3
examples,943,https://pub-78d23bf07fce46b3adc19df91148ffb8.r2.dev/Linfala/examples/G/G.D44.mp3,Linfala/examples/G/G.D44.mp3,G.D44,G.D44.mp3
examples,945,https://pub-78d23bf07fce46b3adc19df91148ffb8.r2.dev/Linfala/examples/G/G.D45.mp3,Linfala/examples/G/G.D45.mp3,G.D45,G.D45.mp3
examples,947,https://pub-78d23bf07fce46b3adc19df91148ffb8.r2.dev/Linfala/examples/G/G.D46.mp3,Linfala/examples/G/G.D46.mp3,G.D46,G.D46.mp3
examples,948,https://pub-78d23bf07fce46b3adc19df91148ffb8.r2.dev/Linfala/examples/G/G.D47.mp3,Linfala/examples/G/G.D47.mp3,G.D47,G.D47.mp3
examples,950,https://pub-78d23bf07fce46b3adc19df91148ffb8.r2.dev/Linfala/examples/G/G.D48.mp3,Linfala/examples/G/G.D48.mp3,G.D48,G.D48.mp3
examples,951,https://pub-78d23bf07fce46b3adc19df91148ffb8.r2.dev/Linfala/examples/G/G.D49.mp3,Linfala/examples/G/G.D49.mp3,G.D49,G.D49.mp3
examples,899,https://pub-78d23bf07fce46b3adc19df91148ffb8.r2.dev/Linfala/examples/G/G.D5.mp3,Linfala/examples/G/G.D5.mp3,G.D5,G.D5.mp3
examples,952,https://pub-78d23bf07fce46b3adc19df91148ffb8.r2.dev/Linfala/examples/G/G.D50.mp3,Linfala/examples/G/G.D50.mp3,G.D50,G.D50.mp3
examples,953,https://pub-78d23bf07fce46b3adc19df91148ffb8.r2.dev/Linfala/examples/G/G.D51.mp3,Linfala/examples/G/G.D51.mp3,G.D51,G.D51.mp3
examples,954,https://pub-78d23bf07fce46b3adc19df91148ffb8.r2.dev/Linfala/examples/G/G.D52.mp3,Linfala/examples/G/G.D52.mp3,G.D52,G.D52.mp3
examples,955,https://pub-78d23bf07fce46b3adc19df91148ffb8.r2.dev/Linfala/examples/G/G.D53.mp3,Linfala/examples/G/G.D53.mp3,G.D53,G.D53.mp3
examples,959,https://pub-78d23bf07fce46b3adc19df91148ffb8.r2.dev/Linfala/examples/G/G.D56.mp3,Linfala/examples/G/G.D56.mp3,G.D56,G.D56.mp3
examples,961,https://pub-78d23bf07fce46b3adc19df91148ffb8.r2.dev/Linfala/examples/G/G.D57.mp3,Linfala/examples/G/G.D57.mp3,G.D57,G.D57.mp3
examples,963,https://pub-78d23bf07fce46b3adc19df91148ffb8.r2.dev/Linfala/examples/G/G.D59.mp3,Linfala/examples/G/G.D59.mp3,G.D59,G.D59.mp3
examples,964,https://pub-78d23bf07fce46b3adc19df91148ffb8.r2.dev/Linfala/examples/G/G.D60.mp3,Linfala/examples/G/G.D60.mp3,G.D60,G.D60.mp3
examples,967,https://pub-78d23bf07fce46b3adc19df91148ffb8.r2.dev/Linfala/examples/G/G.D61.mp3,Linfala/examples/G/G.D61.mp3,G.D61,G.D61.mp3
examples,968,https://pub-78d23bf07fce46b3adc19df91148ffb8.r2.dev/Linfala/examples/G/G.D62.mp3,Linfala/examples/G/G.D62.mp3,G.D62,G.D62.mp3
examples,969,https://pub-78d23bf07fce46b3adc19df91148ffb8.r2.dev/Linfala/examples/G/G.D63.mp3,Linfala/examples/G/G.D63.mp3,G.D63,G.D63.mp3
examples,971,https://pub-78d23bf07fce46b3adc19df91148ffb8.r2.dev/Linfala/examples/G/G.D65.mp3,Linfala/examples/G/G.D65.mp3,G.D65,G.D65.mp3
examples,972,https://pub-78d23bf07fce46b3adc19df91148ffb8.r2.dev/Linfala/examples/G/G.D66.mp3,Linfala/examples/G/G.D66.mp3,G.D66,G.D66.mp3
examples,973,https://pub-78d23bf07fce46b3adc19df91148ffb8.r2.dev/Linfala/examples/G/G.D67.mp3,Linfala/examples/G/G.D67.mp3,G.D67,G.D67.mp3
examples,974,https://pub-78d23bf07fce46b3adc19df91148ffb8.r2.dev/Linfala/examples/G/G.D68.mp3,Linfala/examples/G/G.D68.mp3,G.D68,G.D68.mp3
examples,901,https://pub-78d23bf07fce46b3adc19df91148ffb8.r2.dev/Linfala/examples/G/G.D7.mp3,Linfala/examples/G/G.D7.mp3,G.D7,G.D7.mp3
examples,976,https://pub-78d23bf07fce46b3adc19df91148ffb8.r2.dev/Linfala/examples/G/G.D70.mp3,Linfala/examples/G/G.D70.mp3,G.D70,G.D70.mp3
examples,904,https://pub-78d23bf07fce46b3adc19df91148ffb8.r2.dev/Linfala/examples/G/G.D8.mp3,Linfala/examples/G/G.D8.mp3,G.D8,G.D8.mp3
examples,905,https://pub-78d23bf07fce46b3adc19df91148ffb8.r2.dev/Linfala/examples/G/G.D9.mp3,Linfala/examples/G/G.D9.mp3,G.D9,G.D9.mp3
senses,911,https://pub-78d23bf07fce46b3adc19df91148ffb8.r2.dev/Linfala/senses/G/G.F14.mp3,Linfala/senses/G/G.F14.mp3,G.F14,G.F14.mp3
senses,922,https://pub-78d23bf07fce46b3adc19df91148ffb8.r2.dev/Linfala/senses/G/G.F24.mp3,Linfala/senses/G/G.F24.mp3,G.F24,G.F24.mp3
senses,933,https://pub-78d23bf07fce46b3adc19df91148ffb8.r2.dev/Linfala/senses/G/G.F34.mp3,Linfala/senses/G/G.F34.mp3,G.F34,G.F34.mp3
senses,898,https://pub-78d23bf07fce46b3adc19df91148ffb8.r2.dev/Linfala/senses/G/G.F4.mp3,Linfala/senses/G/G.F4.mp3,G.F4,G.F4.mp3
senses,944,https://pub-78d23bf07fce46b3adc19df91148ffb8.r2.dev/Linfala/senses/G/G.F44.mp3,Linfala/senses/G/G.F44.mp3,G.F44,G.F44.mp3
senses,946,https://pub-78d23bf07fce46b3adc19df91148ffb8.r2.dev/Linfala/senses/G/G.F45.mp3,Linfala/senses/G/G.F45.mp3,G.F45,G.F45.mp3
senses,949,https://pub-78d23bf07fce46b3adc19df91148ffb8.r2.dev/Linfala/senses/G/G.F47.mp3,Linfala/senses/G/G.F47.mp3,G.F47,G.F47.mp3
senses,956,https://pub-78d23bf07fce46b3adc19df91148ffb8.r2.dev/Linfala/senses/G/G.F53.mp3,Linfala/senses/G/G.F53.mp3,G.F53,G.F53.mp3
senses,960,https://pub-78d23bf07fce46b3adc19df91148ffb8.r2.dev/Linfala/senses/G/G.F56.mp3,Linfala/senses/G/G.F56.mp3,G.F56,G.F56.mp3
senses,965,https://pub-78d23bf07fce46b3adc19df91148ffb8.r2.dev/Linfala/senses/G/G.F60.mp3,Linfala/senses/G/G.F60.mp3,G.F60,G.F60.mp3
senses,902,https://pub-78d23bf07fce46b3adc19df91148ffb8.r2.dev/Linfala/senses/G/G.F7.mp3,Linfala/senses/G/G.F7.mp3,G.F7,G.F7.mp3
examples,911,https://pub-78d23bf07fce46b3adc19df91148ffb8.r2.dev/Linfala/examples/G/G.G14.mp3,Linfala/examples/G/G.G14.mp3,G.G14,G.G14.mp3
examples,922,https://pub-78d23bf07fce46b3adc19df91148ffb8.r2.dev/Linfala/examples/G/G.G24.mp3,Linfala/examples/G/G.G24.mp3,G.G24,G.G24.mp3
examples,933,https://pub-78d23bf07fce46b3adc19df91148ffb8.r2.dev/Linfala/examples/G/G.G34.mp3,Linfala/examples/G/G.G34.mp3,G.G34,G.G34.mp3
examples,898,https://pub-78d23bf07fce46b3adc19df91148ffb8.r2.dev/Linfala/examples/G/G.G4.mp3,Linfala/examples/G/G.G4.mp3,G.G4,G.G4.mp3
examples,944,https://pub-78d23bf07fce46b3adc19df91148ffb8.r2.dev/Linfala/examples/G/G.G44.mp3,Linfala/examples/G/G.G44.mp3,G.G44,G.G44.mp3
examples,946,https://pub-78d23bf07fce46b3adc19df91148ffb8.r2.dev/Linfala/examples/G/G.G45.mp3,Linfala/examples/G/G.G45.mp3,G.G45,G.G45.mp3
examples,949,https://pub-78d23bf07fce46b3adc19df91148ffb8.r2.dev/Linfala/examples/G/G.G47.mp3,Linfala/examples/G/G.G47.mp3,G.G47,G.G47.mp3
examples,956,https://pub-78d23bf07fce46b3adc19df91148ffb8.r2.dev/Linfala/examples/G/G.G53.mp3,Linfala/examples/G/G.G53.mp3,G.G53,G.G53.mp3
examples,960,https://pub-78d23bf07fce46b3adc19df91148ffb8.r2.dev/Linfala/examples/G/G.G56.mp3,Linfala/examples/G/G.G56.mp3,G.G56,G.G56.mp3
examples,965,https://pub-78d23bf07fce46b3adc19df91148ffb8.r2.dev/Linfala/examples/G/G.G60.mp3,Linfala/examples/G/G.G60.mp3,G.G60,G.G60.mp3
examples,902,https://pub-78d23bf07fce46b3adc19df91148ffb8.r2.dev/Linfala/examples/G/G.G7.mp3,Linfala/examples/G/G.G7.mp3,G.G7,G.G7.mp3
senses,966,https://pub-78d23bf07fce46b3adc19df91148ffb8.r2.dev/Linfala/senses/G/G.I60.mp3,Linfala/senses/G/G.I60.mp3,G.I60,G.I60.mp3
senses,903,https://pub-78d23bf07fce46b3adc19df91148ffb8.r2.dev/Linfala/senses/G/G.I7.mp3,Linfala/senses/G/G.I7.mp3,G.I7,G.I7.mp3
examples,966,https://pub-78d23bf07fce46b3adc19df91148ffb8.r2.dev/Linfala/examples/G/G.J60.mp3,Linfala/examples/G/G.J60.mp3,G.J60,G.J60.mp3
examples,903,https://pub-78d23bf07fce46b3adc19df91148ffb8.r2.dev/Linfala/examples/G/G.J7.mp3,Linfala/examples/G/G.J7.mp3,G.J7,G.J7.mp3
senses,984,https://pub-78d23bf07fce46b3adc19df91148ffb8.r2.dev/Linfala/senses/H/H.C10.mp3,Linfala/senses/H/H.C10.mp3,H.C10,H.C10.mp3
senses,985,https://pub-78d23bf07fce46b3adc19df91148ffb8.r2.dev/Linfala/senses/H/H.C11.mp3,Linfala/senses/H/H.C11.mp3,H.C11,H.C11.mp3
senses,986,https://pub-78d23bf07fce46b3adc19df91148ffb8.r2.dev/Linfala/senses/H/H.C12.mp3,Linfala/senses/H/H.C12.mp3,H.C12,H.C12.mp3
senses,987,https://pub-78d23bf07fce46b3adc19df91148ffb8.r2.dev/Linfala/senses/H/H.C13.mp3,Linfala/senses/H/H.C13.mp3,H.C13,H.C13.mp3
senses,988,https://pub-78d23bf07fce46b3adc19df91148ffb8.r2.dev/Linfala/senses/H/H.C14.mp3,Linfala/senses/H/H.C14.mp3,H.C14,H.C14.mp3
senses,989,https://pub-78d23bf07fce46b3adc19df91148ffb8.r2.dev/Linfala/senses/H/H.C15.mp3,Linfala/senses/H/H.C15.mp3,H.C15,H.C15.mp3
senses,990,https://pub-78d23bf07fce46b3adc19df91148ffb8.r2.dev/Linfala/senses/H/H.C16.mp3,Linfala/senses/H/H.C16.mp3,H.C16,H.C16.mp3
senses,991,https://pub-78d23bf07fce46b3adc19df91148ffb8.r2.dev/Linfala/senses/H/H.C17.mp3,Linfala/senses/H/H.C17.mp3,H.C17,H.C17.mp3
senses,993,https://pub-78d23bf07fce46b3adc19df91148ffb8.r2.dev/Linfala/senses/H/H.C18.mp3,Linfala/senses/H/H.C18.mp3,H.C18,H.C18.mp3
senses,994,https://pub-78d23bf07fce46b3adc19df91148ffb8.r2.dev/Linfala/senses/H/H.C19.mp3,Linfala/senses/H/H.C19.mp3,H.C19,H.C19.mp3
senses,995,https://pub-78d23bf07fce46b3adc19df91148ffb8.r2.dev/Linfala/senses/H/H.C20.mp3,Linfala/senses/H/H.C20.mp3,H.C20,H.C20.mp3
senses,996,https://pub-78d23bf07fce46b3adc19df91148ffb8.r2.dev/Linfala/senses/H/H.C21.mp3,Linfala/senses/H/H.C21.mp3,H.C21,H.C21.mp3
senses,997,https://pub-78d23bf07fce46b3adc19df91148ffb8.r2.dev/Linfala/senses/H/H.C22.mp3,Linfala/senses/H/H.C22.mp3,H.C22,H.C22.mp3
senses,998,https://pub-78d23bf07fce46b3adc19df91148ffb8.r2.dev/Linfala/senses/H/H.C23.mp3,Linfala/senses/H/H.C23.mp3,H.C23,H.C23.mp3
senses,999,https://pub-78d23bf07fce46b3adc19df91148ffb8.r2.dev/Linfala/senses/H/H.C24.mp3,Linfala/senses/H/H.C24.mp3,H.C24,H.C24.mp3
senses,1000,https://pub-78d23bf07fce46b3adc19df91148ffb8.r2.dev/Linfala/senses/H/H.C25.mp3,Linfala/senses/H/H.C25.mp3,H.C25,H.C25.mp3
senses,1001,https://pub-78d23bf07fce46b3adc19df91148ffb8.r2.dev/Linfala/senses/H/H.C26.mp3,Linfala/senses/H/H.C26.mp3,H.C26,H.C26.mp3
senses,1002,https://pub-78d23bf07fce46b3adc19df91148ffb8.r2.dev/Linfala/senses/H/H.C27.mp3,Linfala/senses/H/H.C27.mp3,H.C27,H.C27.mp3
senses,1003,https://pub-78d23bf07fce46b3adc19df91148ffb8.r2.dev/Linfala/senses/H/H.C28.mp3,Linfala/senses/H/H.C28.mp3,H.C28,H.C28.mp3
senses,1004,https://pub-78d23bf07fce46b3adc19df91148ffb8.r2.dev/Linfala/senses/H/H.C29.mp3,Linfala/senses/H/H.C29.mp3,H.C29,H.C29.mp3
senses,977,https://pub-78d23bf07fce46b3adc19df91148ffb8.r2.dev/Linfala/senses/H/H.C3.mp3,Linfala/senses/H/H.C3.mp3,H.C3,H.C3.mp3
senses,1005,https://pub-78d23bf07fce46b3adc19df91148ffb8.r2.dev/Linfala/senses/H/H.C30.mp3,Linfala/senses/H/H.C30.mp3,H.C30,H.C30.mp3
senses,1006,https://pub-78d23bf07fce46b3adc19df91148ffb8.r2.dev/Linfala/senses/H/H.C31.mp3,Linfala/senses/H/H.C31.mp3,H.C31,H.C31.mp3
senses,1007,https://pub-78d23bf07fce46b3adc19df91148ffb8.r2.dev/Linfala/senses/H/H.C32.mp3,Linfala/senses/H/H.C32.mp3,H.C32,H.C32.mp3
senses,1008,https://pub-78d23bf07fce46b3adc19df91148ffb8.r2.dev/Linfala/senses/H/H.C33.mp3,Linfala/senses/H/H.C33.mp3,H.C33,H.C33.mp3
senses,1009,https://pub-78d23bf07fce46b3adc19df91148ffb8.r2.dev/Linfala/senses/H/H.C34.mp3,Linfala/senses/H/H.C34.mp3,H.C34,H.C34.mp3
senses,1010,https://pub-78d23bf07fce46b3adc19df91148ffb8.r2.dev/Linfala/senses/H/H.C35.mp3,Linfala/senses/H/H.C35.mp3,H.C35,H.C35.mp3
senses,1011,https://pub-78d23bf07fce46b3adc19df91148ffb8.r2.dev/Linfala/senses/H/H.C36.mp3,Linfala/senses/H/H.C36.mp3,H.C36,H.C36.mp3
senses,1012,https://pub-78d23bf07fce46b3adc19df91148ffb8.r2.dev/Linfala/senses/H/H.C37.mp3,Linfala/senses/H/H.C37.mp3,H.C37,H.C37.mp3
senses,1013,https://pub-78d23bf07fce46b3adc19df91148ffb8.r2.dev/Linfala/senses/H/H.C38.mp3,Linfala/senses/H/H.C38.mp3,H.C38,H.C38.mp3
senses,1014,https://pub-78d23bf07fce46b3adc19df91148ffb8.r2.dev/Linfala/senses/H/H.C39.mp3,Linfala/senses/H/H.C39.mp3,H.C39,H.C39.mp3
senses,978,https://pub-78d23bf07fce46b3adc19df91148ffb8.r2.dev/Linfala/senses/H/H.C4.mp3,Linfala/senses/H/H.C4.mp3,H.C4,H.C4.mp3
senses,1015,https://pub-78d23bf07fce46b3adc19df91148ffb8.r2.dev/Linfala/senses/H/H.C40.mp3,Linfala/senses/H/H.C40.mp3,H.C40,H.C40.mp3
senses,1016,https://pub-78d23bf07fce46b3adc19df91148ffb8.r2.dev/Linfala/senses/H/H.C41.mp3,Linfala/senses/H/H.C41.mp3,H.C41,H.C41.mp3
senses,1017,https://pub-78d23bf07fce46b3adc19df91148ffb8.r2.dev/Linfala/senses/H/H.C42.mp3,Linfala/senses/H/H.C42.mp3,H.C42,H.C42.mp3
senses,1018,https://pub-78d23bf07fce46b3adc19df91148ffb8.r2.dev/Linfala/senses/H/H.C43.mp3,Linfala/senses/H/H.C43.mp3,H.C43,H.C43.mp3
senses,1019,https://pub-78d23bf07fce46b3adc19df91148ffb8.r2.dev/Linfala/senses/H/H.C44.mp3,Linfala/senses/H/H.C44.mp3,H.C44,H.C44.mp3
senses,1020,https://pub-78d23bf07fce46b3adc19df91148ffb8.r2.dev/Linfala/senses/H/H.C45.mp3,Linfala/senses/H/H.C45.mp3,H.C45,H.C45.mp3
senses,1021,https://pub-78d23bf07fce46b3adc19df91148ffb8.r2.dev/Linfala/senses/H/H.C46.mp3,Linfala/senses/H/H.C46.mp3,H.C46,H.C46.mp3
senses,1022,https://pub-78d23bf07fce46b3adc19df91148ffb8.r2.dev/Linfala/senses/H/H.C47.mp3,Linfala/senses/H/H.C47.mp3,H.C47,H.C47.mp3
senses,1023,https://pub-78d23bf07fce46b3adc19df91148ffb8.r2.dev/Linfala/senses/H/H.C48.mp3,Linfala/senses/H/H.C48.mp3,H.C48,H.C48.mp3
senses,1024,https://pub-78d23bf07fce46b3adc19df91148ffb8.r2.dev/Linfala/senses/H/H.C49.mp3,Linfala/senses/H/H.C49.mp3,H.C49,H.C49.mp3
senses,979,https://pub-78d23bf07fce46b3adc19df91148ffb8.r2.dev/Linfala/senses/H/H.C5.mp3,Linfala/senses/H/H.C5.mp3,H.C5,H.C5.mp3
senses,1025,https://pub-78d23bf07fce46b3adc19df91148ffb8.r2.dev/Linfala/senses/H/H.C50.mp3,Linfala/senses/H/H.C50.mp3,H.C50,H.C50.mp3
senses,980,https://pub-78d23bf07fce46b3adc19df91148ffb8.r2.dev/Linfala/senses/H/H.C6.mp3,Linfala/senses/H/H.C6.mp3,H.C6,H.C6.mp3
senses,981,https://pub-78d23bf07fce46b3adc19df91148ffb8.r2.dev/Linfala/senses/H/H.C7.mp3,Linfala/senses/H/H.C7.mp3,H.C7,H.C7.mp3
senses,982,https://pub-78d23bf07fce46b3adc19df91148ffb8.r2.dev/Linfala/senses/H/H.C8.mp3,Linfala/senses/H/H.C8.mp3,H.C8,H.C8.mp3
senses,983,https://pub-78d23bf07fce46b3adc19df91148ffb8.r2.dev/Linfala/senses/H/H.C9.mp3,Linfala/senses/H/H.C9.mp3,H.C9,H.C9.mp3
examples,984,https://pub-78d23bf07fce46b3adc19df91148ffb8.r2.dev/Linfala/examples/H/H.D10.mp3,Linfala/examples/H/H.D10.mp3,H.D10,H.D10.mp3
examples,985,https://pub-78d23bf07fce46b3adc19df91148ffb8.r2.dev/Linfala/examples/H/H.D11.mp3,Linfala/examples/H/H.D11.mp3,H.D11,H.D11.mp3
examples,986,https://pub-78d23bf07fce46b3adc19df91148ffb8.r2.dev/Linfala/examples/H/H.D12.mp3,Linfala/examples/H/H.D12.mp3,H.D12,H.D12.mp3
examples,987,https://pub-78d23bf07fce46b3adc19df91148ffb8.r2.dev/Linfala/examples/H/H.D13.mp3,Linfala/examples/H/H.D13.mp3,H.D13,H.D13.mp3
examples,988,https://pub-78d23bf07fce46b3adc19df91148ffb8.r2.dev/Linfala/examples/H/H.D14.mp3,Linfala/examples/H/H.D14.mp3,H.D14,H.D14.mp3
examples,989,https://pub-78d23bf07fce46b3adc19df91148ffb8.r2.dev/Linfala/examples/H/H.D15.mp3,Linfala/examples/H/H.D15.mp3,H.D15,H.D15.mp3
examples,990,https://pub-78d23bf07fce46b3adc19df91148ffb8.r2.dev/Linfala/examples/H/H.D16.mp3,Linfala/examples/H/H.D16.mp3,H.D16,H.D16.mp3
examples,991,https://pub-78d23bf07fce46b3adc19df91148ffb8.r2.dev/Linfala/examples/H/H.D17.mp3,Linfala/examples/H/H.D17.mp3,H.D17,H.D17.mp3
examples,993,https://pub-78d23bf07fce46b3adc19df91148ffb8.r2.dev/Linfala/examples/H/H.D18.mp3,Linfala/examples/H/H.D18.mp3,H.D18,H.D18.mp3
examples,994,https://pub-78d23bf07fce46b3adc19df91148ffb8.r2.dev/Linfala/examples/H/H.D19.mp3,Linfala/examples/H/H.D19.mp3,H.D19,H.D19.mp3
examples,995,https://pub-78d23bf07fce46b3adc19df91148ffb8.r2.dev/Linfala/examples/H/H.D20.mp3,Linfala/examples/H/H.D20.mp3,H.D20,H.D20.mp3
examples,996,https://pub-78d23bf07fce46b3adc19df91148ffb8.r2.dev/Linfala/examples/H/H.D21.mp3,Linfala/examples/H/H.D21.mp3,H.D21,H.D21.mp3
examples,997,https://pub-78d23bf07fce46b3adc19df91148ffb8.r2.dev/Linfala/examples/H/H.D22.mp3,Linfala/examples/H/H.D22.mp3,H.D22,H.D22.mp3
examples,998,https://pub-78d23bf07fce46b3adc19df91148ffb8.r2.dev/Linfala/examples/H/H.D23.mp3,Linfala/examples/H/H.D23.mp3,H.D23,H.D23.mp3
examples,999,https://pub-78d23bf07fce46b3adc19df91148ffb8.r2.dev/Linfala/examples/H/H.D24.mp3,Linfala/examples/H/H.D24.mp3,H.D24,H.D24.mp3
examples,1000,https://pub-78d23bf07fce46b3adc19df91148ffb8.r2.dev/Linfala/examples/H/H.D25.mp3,Linfala/examples/H/H.D25.mp3,H.D25,H.D25.mp3
examples,1001,https://pub-78d23bf07fce46b3adc19df91148ffb8.r2.dev/Linfala/examples/H/H.D26.mp3,Linfala/examples/H/H.D26.mp3,H.D26,H.D26.mp3
examples,1002,https://pub-78d23bf07fce46b3adc19df91148ffb8.r2.dev/Linfala/examples/H/H.D27.mp3,Linfala/examples/H/H.D27.mp3,H.D27,H.D27.mp3
examples,1003,https://pub-78d23bf07fce46b3adc19df91148ffb8.r2.dev/Linfala/examples/H/H.D28.mp3,Linfala/examples/H/H.D28.mp3,H.D28,H.D28.mp3
examples,1004,https://pub-78d23bf07fce46b3adc19df91148ffb8.r2.dev/Linfala/examples/H/H.D29.mp3,Linfala/examples/H/H.D29.mp3,H.D29,H.D29.mp3
examples,977,https://pub-78d23bf07fce46b3adc19df91148ffb8.r2.dev/Linfala/examples/H/H.D3.mp3,Linfala/examples/H/H.D3.mp3,H.D3,H.D3.mp3
examples,1005,https://pub-78d23bf07fce46b3adc19df91148ffb8.r2.dev/Linfala/examples/H/H.D30.mp3,Linfala/examples/H/H.D30.mp3,H.D30,H.D30.mp3
examples,1006,https://pub-78d23bf07fce46b3adc19df91148ffb8.r2.dev/Linfala/examples/H/H.D31.mp3,Linfala/examples/H/H.D31.mp3,H.D31,H.D31.mp3
examples,1007,https://pub-78d23bf07fce46b3adc19df91148ffb8.r2.dev/Linfala/examples/H/H.D32.mp3,Linfala/examples/H/H.D32.mp3,H.D32,H.D32.mp3
examples,1008,https://pub-78d23bf07fce46b3adc19df91148ffb8.r2.dev/Linfala/examples/H/H.D33.mp3,Linfala/examples/H/H.D33.mp3,H.D33,H.D33.mp3
examples,1009,https://pub-78d23bf07fce46b3adc19df91148ffb8.r2.dev/Linfala/examples/H/H.D34.mp3,Linfala/examples/H/H.D34.mp3,H.D34,H.D34.mp3
examples,1010,https://pub-78d23bf07fce46b3adc19df91148ffb8.r2.dev/Linfala/examples/H/H.D35.mp3,Linfala/examples/H/H.D35.mp3,H.D35,H.D35.mp3
examples,1011,https://pub-78d23bf07fce46b3adc19df91148ffb8.r2.dev/Linfala/examples/H/H.D36.mp3,Linfala/examples/H/H.D36.mp3,H.D36,H.D36.mp3
examples,1012,https://pub-78d23bf07fce46b3adc19df91148ffb8.r2.dev/Linfala/examples/H/H.D37.mp3,Linfala/examples/H/H.D37.mp3,H.D37,H.D37.mp3
examples,1013,https://pub-78d23bf07fce46b3adc19df91148ffb8.r2.dev/Linfala/examples/H/H.D38.mp3,Linfala/examples/H/H.D38.mp3,H.D38,H.D38.mp3
examples,1014,https://pub-78d23bf07fce46b3adc19df91148ffb8.r2.dev/Linfala/examples/H/H.D39.mp3,Linfala/examples/H/H.D39.mp3,H.D39,H.D39.mp3
examples,978,https://pub-78d23bf07fce46b3adc19df91148ffb8.r2.dev/Linfala/examples/H/H.D4.mp3,Linfala/examples/H/H.D4.mp3,H.D4,H.D4.mp3
examples,1015,https://pub-78d23bf07fce46b3adc19df91148ffb8.r2.dev/Linfala/examples/H/H.D40.mp3,Linfala/examples/H/H.D40.mp3,H.D40,H.D40.mp3
examples,1016,https://pub-78d23bf07fce46b3adc19df91148ffb8.r2.dev/Linfala/examples/H/H.D41.mp3,Linfala/examples/H/H.D41.mp3,H.D41,H.D41.mp3
examples,1017,https://pub-78d23bf07fce46b3adc19df91148ffb8.r2.dev/Linfala/examples/H/H.D42.mp3,Linfala/examples/H/H.D42.mp3,H.D42,H.D42.mp3
examples,1018,https://pub-78d23bf07fce46b3adc19df91148ffb8.r2.dev/Linfala/examples/H/H.D43.mp3,Linfala/examples/H/H.D43.mp3,H.D43,H.D43.mp3
examples,1019,https://pub-78d23bf07fce46b3adc19df91148ffb8.r2.dev/Linfala/examples/H/H.D44.mp3,Linfala/examples/H/H.D44.mp3,H.D44,H.D44.mp3
examples,1020,https://pub-78d23bf07fce46b3adc19df91148ffb8.r2.dev/Linfala/examples/H/H.D45.mp3,Linfala/examples/H/H.D45.mp3,H.D45,H.D45.mp3
examples,1021,https://pub-78d23bf07fce46b3adc19df91148ffb8.r2.dev/Linfala/examples/H/H.D46.mp3,Linfala/examples/H/H.D46.mp3,H.D46,H.D46.mp3
examples,1022,https://pub-78d23bf07fce46b3adc19df91148ffb8.r2.dev/Linfala/examples/H/H.D47.mp3,Linfala/examples/H/H.D47.mp3,H.D47,H.D47.mp3
examples,1023,https://pub-78d23bf07fce46b3adc19df91148ffb8.r2.dev/Linfala/examples/H/H.D48.mp3,Linfala/examples/H/H.D48.mp3,H.D48,H.D48.mp3
examples,1024,https://pub-78d23bf07fce46b3adc19df91148ffb8.r2.dev/Linfala/examples/H/H.D49.mp3,Linfala/examples/H/H.D49.mp3,H.D49,H.D49.mp3
examples,979,https://pub-78d23bf07fce46b3adc19df91148ffb8.r2.dev/Linfala/examples/H/H.D5.mp3,Linfala/examples/H/H.D5.mp3,H.D5,H.D5.mp3
examples,1025,https://pub-78d23bf07fce46b3adc19df91148ffb8.r2.dev/Linfala/examples/H/H.D50.mp3,Linfala/examples/H/H.D50.mp3,H.D50,H.D50.mp3
examples,980,https://pub-78d23bf07fce46b3adc19df91148ffb8.r2.dev/Linfala/examples/H/H.D6.mp3,Linfala/examples/H/H.D6.mp3,H.D6,H.D6.mp3
examples,981,https://pub-78d23bf07fce46b3adc19df91148ffb8.r2.dev/Linfala/examples/H/H.D7.mp3,Linfala/examples/H/H.D7.mp3,H.D7,H.D7.mp3
examples,982,https://pub-78d23bf07fce46b3adc19df91148ffb8.r2.dev/Linfala/examples/H/H.D8.mp3,Linfala/examples/H/H.D8.mp3,H.D8,H.D8.mp3
examples,983,https://pub-78d23bf07fce46b3adc19df91148ffb8.r2.dev/Linfala/examples/H/H.D9.mp3,Linfala/examples/H/H.D9.mp3,H.D9,H.D9.mp3
senses,992,https://pub-78d23bf07fce46b3adc19df91148ffb8.r2.dev/Linfala/senses/H/H.F17.mp3,Linfala/senses/H/H.F17.mp3,H.F17,H.F17.mp3
examples,992,https://pub-78d23bf07fce46b3adc19df91148ffb8.r2.dev/Linfala/examples/H/H.G17.mp3,Linfala/examples/H/H.G17.mp3,H.G17,H.G17.mp3
senses,1034,https://pub-78d23bf07fce46b3adc19df91148ffb8.r2.dev/Linfala/senses/I/I.C10.mp3,Linfala/senses/I/I.C10.mp3,I.C10,I.C10.mp3
senses,1037,https://pub-78d23bf07fce46b3adc19df91148ffb8.r2.dev/Linfala/senses/I/I.C11.mp3,Linfala/senses/I/I.C11.mp3,I.C11,I.C11.mp3
senses,1038,https://pub-78d23bf07fce46b3adc19df91148ffb8.r2.dev/Linfala/senses/I/I.C12.mp3,Linfala/senses/I/I.C12.mp3,I.C12,I.C12.mp3
senses,1039,https://pub-78d23bf07fce46b3adc19df91148ffb8.r2.dev/Linfala/senses/I/I.C13.mp3,Linfala/senses/I/I.C13.mp3,I.C13,I.C13.mp3
senses,1040,https://pub-78d23bf07fce46b3adc19df91148ffb8.r2.dev/Linfala/senses/I/I.C14.mp3,Linfala/senses/I/I.C14.mp3,I.C14,I.C14.mp3
senses,1041,https://pub-78d23bf07fce46b3adc19df91148ffb8.r2.dev/Linfala/senses/I/I.C15.mp3,Linfala/senses/I/I.C15.mp3,I.C15,I.C15.mp3
senses,1042,https://pub-78d23bf07fce46b3adc19df91148ffb8.r2.dev/Linfala/senses/I/I.C16.mp3,Linfala/senses/I/I.C16.mp3,I.C16,I.C16.mp3
senses,1043,https://pub-78d23bf07fce46b3adc19df91148ffb8.r2.dev/Linfala/senses/I/I.C17.mp3,Linfala/senses/I/I.C17.mp3,I.C17,I.C17.mp3
senses,1044,https://pub-78d23bf07fce46b3adc19df91148ffb8.r2.dev/Linfala/senses/I/I.C18.mp3,Linfala/senses/I/I.C18.mp3,I.C18,I.C18.mp3
senses,1045,https://pub-78d23bf07fce46b3adc19df91148ffb8.r2.dev/Linfala/senses/I/I.C19.mp3,Linfala/senses/I/I.C19.mp3,I.C19,I.C19.mp3
senses,1046,https://pub-78d23bf07fce46b3adc19df91148ffb8.r2.dev/Linfala/senses/I/I.C20.mp3,Linfala/senses/I/I.C20.mp3,I.C20,I.C20.mp3
senses,1047,https://pub-78d23bf07fce46b3adc19df91148ffb8.r2.dev/Linfala/senses/I/I.C21.mp3,Linfala/senses/I/I.C21.mp3,I.C21,I.C21.mp3
senses,1048,https://pub-78d23bf07fce46b3adc19df91148ffb8.r2.dev/Linfala/senses/I/I.C22.mp3,Linfala/senses/I/I.C22.mp3,I.C22,I.C22.mp3
senses,1049,https://pub-78d23bf07fce46b3adc19df91148ffb8.r2.dev/Linfala/senses/I/I.C23.mp3,Linfala/senses/I/I.C23.mp3,I.C23,I.C23.mp3
senses,1053,https://pub-78d23bf07fce46b3adc19df91148ffb8.r2.dev/Linfala/senses/I/I.C24.mp3,Linfala/senses/I/I.C24.mp3,I.C24,I.C24.mp3
senses,1054,https://pub-78d23bf07fce46b3adc19df91148ffb8.r2.dev/Linfala/senses/I/I.C25.mp3,Linfala/senses/I/I.C25.mp3,I.C25,I.C25.mp3
senses,1055,https://pub-78d23bf07fce46b3adc19df91148ffb8.r2.dev/Linfala/senses/I/I.C26.mp3,Linfala/senses/I/I.C26.mp3,I.C26,I.C26.mp3
senses,1056,https://pub-78d23bf07fce46b3adc19df91148ffb8.r2.dev/Linfala/senses/I/I.C27.mp3,Linfala/senses/I/I.C27.mp3,I.C27,I.C27.mp3
senses,1059,https://pub-78d23bf07fce46b3adc19df91148ffb8.r2.dev/Linfala/senses/I/I.C28.mp3,Linfala/senses/I/I.C28.mp3,I.C28,I.C28.mp3
senses,1060,https://pub-78d23bf07fce46b3adc19df91148ffb8.r2.dev/Linfala/senses/I/I.C29.mp3,Linfala/senses/I/I.C29.mp3,I.C29,I.C29.mp3
senses,1026,https://pub-78d23bf07fce46b3adc19df91148ffb8.r2.dev/Linfala/senses/I/I.C3.mp3,Linfala/senses/I/I.C3.mp3,I.C3,I.C3.mp3
senses,1061,https://pub-78d23bf07fce46b3adc19df91148ffb8.r2.dev/Linfala/senses/I/I.C30.mp3,Linfala/senses/I/I.C30.mp3,I.C30,I.C30.mp3
senses,1062,https://pub-78d23bf07fce46b3adc19df91148ffb8.r2.dev/Linfala/senses/I/I.C31.mp3,Linfala/senses/I/I.C31.mp3,I.C31,I.C31.mp3
senses,1063,https://pub-78d23bf07fce46b3adc19df91148ffb8.r2.dev/Linfala/senses/I/I.C32.mp3,Linfala/senses/I/I.C32.mp3,I.C32,I.C32.mp3
senses,1064,https://pub-78d23bf07fce46b3adc19df91148ffb8.r2.dev/Linfala/senses/I/I.C33.mp3,Linfala/senses/I/I.C33.mp3,I.C33,I.C33.mp3
senses,1065,https://pub-78d23bf07fce46b3adc19df91148ffb8.r2.dev/Linfala/senses/I/I.C34.mp3,Linfala/senses/I/I.C34.mp3,I.C34,I.C34.mp3
senses,1066,https://pub-78d23bf07fce46b3adc19df91148ffb8.r2.dev/Linfala/senses/I/I.C35.mp3,Linfala/senses/I/I.C35.mp3,I.C35,I.C35.mp3
senses,1067,https://pub-78d23bf07fce46b3adc19df91148ffb8.r2.dev/Linfala/senses/I/I.C36.mp3,Linfala/senses/I/I.C36.mp3,I.C36,I.C36.mp3
senses,1068,https://pub-78d23bf07fce46b3adc19df91148ffb8.r2.dev/Linfala/senses/I/I.C37.mp3,Linfala/senses/I/I.C37.mp3,I.C37,I.C37.mp3
senses,1070,https://pub-78d23bf07fce46b3adc19df91148ffb8.r2.dev/Linfala/senses/I/I.C38.mp3,Linfala/senses/I/I.C38.mp3,I.C38,I.C38.mp3
senses,1071,https://pub-78d23bf07fce46b3adc19df91148ffb8.r2.dev/Linfala/senses/I/I.C39.mp3,Linfala/senses/I/I.C39.mp3,I.C39,I.C39.mp3
senses,1027,https://pub-78d23bf07fce46b3adc19df91148ffb8.r2.dev/Linfala/senses/I/I.C4.mp3,Linfala/senses/I/I.C4.mp3,I.C4,I.C4.mp3
senses,1072,https://pub-78d23bf07fce46b3adc19df91148ffb8.r2.dev/Linfala/senses/I/I.C40.mp3,Linfala/senses/I/I.C40.mp3,I.C40,I.C40.mp3
senses,1073,https://pub-78d23bf07fce46b3adc19df91148ffb8.r2.dev/Linfala/senses/I/I.C41.mp3,Linfala/senses/I/I.C41.mp3,I.C41,I.C41.mp3
senses,1074,https://pub-78d23bf07fce46b3adc19df91148ffb8.r2.dev/Linfala/senses/I/I.C42.mp3,Linfala/senses/I/I.C42.mp3,I.C42,I.C42.mp3
senses,1075,https://pub-78d23bf07fce46b3adc19df91148ffb8.r2.dev/Linfala/senses/I/I.C43.mp3,Linfala/senses/I/I.C43.mp3,I.C43,I.C43.mp3
senses,1076,https://pub-78d23bf07fce46b3adc19df91148ffb8.r2.dev/Linfala/senses/I/I.C44.mp3,Linfala/senses/I/I.C44.mp3,I.C44,I.C44.mp3
senses,1077,https://pub-78d23bf07fce46b3adc19df91148ffb8.r2.dev/Linfala/senses/I/I.C45.mp3,Linfala/senses/I/I.C45.mp3,I.C45,I.C45.mp3
senses,1078,https://pub-78d23bf07fce46b3adc19df91148ffb8.r2.dev/Linfala/senses/I/I.C46.mp3,Linfala/senses/I/I.C46.mp3,I.C46,I.C46.mp3
senses,1079,https://pub-78d23bf07fce46b3adc19df91148ffb8.r2.dev/Linfala/senses/I/I.C47.mp3,Linfala/senses/I/I.C47.mp3,I.C47,I.C47.mp3
senses,1081,https://pub-78d23bf07fce46b3adc19df91148ffb8.r2.dev/Linfala/senses/I/I.C48.mp3,Linfala/senses/I/I.C48.mp3,I.C48,I.C48.mp3
senses,1082,https://pub-78d23bf07fce46b3adc19df91148ffb8.r2.dev/Linfala/senses/I/I.C49.mp3,Linfala/senses/I/I.C49.mp3,I.C49,I.C49.mp3
senses,1028,https://pub-78d23bf07fce46b3adc19df91148ffb8.r2.dev/Linfala/senses/I/I.C5.mp3,Linfala/senses/I/I.C5.mp3,I.C5,I.C5.mp3
senses,1083,https://pub-78d23bf07fce46b3adc19df91148ffb8.r2.dev/Linfala/senses/I/I.C50.mp3,Linfala/senses/I/I.C50.mp3,I.C50,I.C50.mp3
senses,1084,https://pub-78d23bf07fce46b3adc19df91148ffb8.r2.dev/Linfala/senses/I/I.C51.mp3,Linfala/senses/I/I.C51.mp3,I.C51,I.C51.mp3
senses,1085,https://pub-78d23bf07fce46b3adc19df91148ffb8.r2.dev/Linfala/senses/I/I.C52.mp3,Linfala/senses/I/I.C52.mp3,I.C52,I.C52.mp3
senses,1087,https://pub-78d23bf07fce46b3adc19df91148ffb8.r2.dev/Linfala/senses/I/I.C53.mp3,Linfala/senses/I/I.C53.mp3,I.C53,I.C53.mp3
senses,1088,https://pub-78d23bf07fce46b3adc19df91148ffb8.r2.dev/Linfala/senses/I/I.C54.mp3,Linfala/senses/I/I.C54.mp3,I.C54,I.C54.mp3
senses,1089,https://pub-78d23bf07fce46b3adc19df91148ffb8.r2.dev/Linfala/senses/I/I.C55.mp3,Linfala/senses/I/I.C55.mp3,I.C55,I.C55.mp3
senses,1090,https://pub-78d23bf07fce46b3adc19df91148ffb8.r2.dev/Linfala/senses/I/I.C56.mp3,Linfala/senses/I/I.C56.mp3,I.C56,I.C56.mp3
senses,1091,https://pub-78d23bf07fce46b3adc19df91148ffb8.r2.dev/Linfala/senses/I/I.C57.mp3,Linfala/senses/I/I.C57.mp3,I.C57,I.C57.mp3
senses,1093,https://pub-78d23bf07fce46b3adc19df91148ffb8.r2.dev/Linfala/senses/I/I.C59.mp3,Linfala/senses/I/I.C59.mp3,I.C59,I.C59.mp3
senses,1029,https://pub-78d23bf07fce46b3adc19df91148ffb8.r2.dev/Linfala/senses/I/I.C6.mp3,Linfala/senses/I/I.C6.mp3,I.C6,I.C6.mp3
senses,1094,https://pub-78d23bf07fce46b3adc19df91148ffb8.r2.dev/Linfala/senses/I/I.C60.mp3,Linfala/senses/I/I.C60.mp3,I.C60,I.C60.mp3
senses,1095,https://pub-78d23bf07fce46b3adc19df91148ffb8.r2.dev/Linfala/senses/I/I.C61.mp3,Linfala/senses/I/I.C61.mp3,I.C61,I.C61.mp3
senses,1096,https://pub-78d23bf07fce46b3adc19df91148ffb8.r2.dev/Linfala/senses/I/I.C62.mp3,Linfala/senses/I/I.C62.mp3,I.C62,I.C62.mp3
senses,1097,https://pub-78d23bf07fce46b3adc19df91148ffb8.r2.dev/Linfala/senses/I/I.C63.mp3,Linfala/senses/I/I.C63.mp3,I.C63,I.C63.mp3
senses,1098,https://pub-78d23bf07fce46b3adc19df91148ffb8.r2.dev/Linfala/senses/I/I.C64.mp3,Linfala/senses/I/I.C64.mp3,I.C64,I.C64.mp3
senses,1099,https://pub-78d23bf07fce46b3adc19df91148ffb8.r2.dev/Linfala/senses/I/I.C65.mp3,Linfala/senses/I/I.C65.mp3,I.C65,I.C65.mp3
senses,1100,https://pub-78d23bf07fce46b3adc19df91148ffb8.r2.dev/Linfala/senses/I/I.C66.mp3,Linfala/senses/I/I.C66.mp3,I.C66,I.C66.mp3
senses,1101,https://pub-78d23bf07fce46b3adc19df91148ffb8.r2.dev/Linfala/senses/I/I.C67.mp3,Linfala/senses/I/I.C67.mp3,I.C67,I.C67.mp3
senses,1102,https://pub-78d23bf07fce46b3adc19df91148ffb8.r2.dev/Linfala/senses/I/I.C68.mp3,Linfala/senses/I/I.C68.mp3,I.C68,I.C68.mp3
senses,1103,https://pub-78d23bf07fce46b3adc19df91148ffb8.r2.dev/Linfala/senses/I/I.C69.mp3,Linfala/senses/I/I.C69.mp3,I.C69,I.C69.mp3
senses,1030,https://pub-78d23bf07fce46b3adc19df91148ffb8.r2.dev/Linfala/senses/I/I.C7.mp3,Linfala/senses/I/I.C7.mp3,I.C7,I.C7.mp3
senses,1031,https://pub-78d23bf07fce46b3adc19df91148ffb8.r2.dev/Linfala/senses/I/I.C8.mp3,Linfala/senses/I/I.C8.mp3,I.C8,I.C8.mp3
senses,1032,https://pub-78d23bf07fce46b3adc19df91148ffb8.r2.dev/Linfala/senses/I/I.C9.mp3,Linfala/senses/I/I.C9.mp3,I.C9,I.C9.mp3
examples,1034,https://pub-78d23bf07fce46b3adc19df91148ffb8.r2.dev/Linfala/examples/I/I.D10.mp3,Linfala/examples/I/I.D10.mp3,I.D10,I.D10.mp3
examples,1037,https://pub-78d23bf07fce46b3adc19df91148ffb8.r2.dev/Linfala/examples/I/I.D11.mp3,Linfala/examples/I/I.D11.mp3,I.D11,I.D11.mp3
examples,1038,https://pub-78d23bf07fce46b3adc19df91148ffb8.r2.dev/Linfala/examples/I/I.D12.mp3,Linfala/examples/I/I.D12.mp3,I.D12,I.D12.mp3
examples,1039,https://pub-78d23bf07fce46b3adc19df91148ffb8.r2.dev/Linfala/examples/I/I.D13.mp3,Linfala/examples/I/I.D13.mp3,I.D13,I.D13.mp3
examples,1040,https://pub-78d23bf07fce46b3adc19df91148ffb8.r2.dev/Linfala/examples/I/I.D14.mp3,Linfala/examples/I/I.D14.mp3,I.D14,I.D14.mp3
examples,1041,https://pub-78d23bf07fce46b3adc19df91148ffb8.r2.dev/Linfala/examples/I/I.D15.mp3,Linfala/examples/I/I.D15.mp3,I.D15,I.D15.mp3
examples,1042,https://pub-78d23bf07fce46b3adc19df91148ffb8.r2.dev/Linfala/examples/I/I.D16.mp3,Linfala/examples/I/I.D16.mp3,I.D16,I.D16.mp3
examples,1043,https://pub-78d23bf07fce46b3adc19df91148ffb8.r2.dev/Linfala/examples/I/I.D17.mp3,Linfala/examples/I/I.D17.mp3,I.D17,I.D17.mp3
examples,1044,https://pub-78d23bf07fce46b3adc19df91148ffb8.r2.dev/Linfala/examples/I/I.D18.mp3,Linfala/examples/I/I.D18.mp3,I.D18,I.D18.mp3
examples,1045,https://pub-78d23bf07fce46b3adc19df91148ffb8.r2.dev/Linfala/examples/I/I.D19.mp3,Linfala/examples/I/I.D19.mp3,I.D19,I.D19.mp3
examples,1046,https://pub-78d23bf07fce46b3adc19df91148ffb8.r2.dev/Linfala/examples/I/I.D20.mp3,Linfala/examples/I/I.D20.mp3,I.D20,I.D20.mp3
examples,1047,https://pub-78d23bf07fce46b3adc19df91148ffb8.r2.dev/Linfala/examples/I/I.D21.mp3,Linfala/examples/I/I.D21.mp3,I.D21,I.D21.mp3
examples,1048,https://pub-78d23bf07fce46b3adc19df91148ffb8.r2.dev/Linfala/examples/I/I.D22.mp3,Linfala/examples/I/I.D22.mp3,I.D22,I.D22.mp3
examples,1049,https://pub-78d23bf07fce46b3adc19df91148ffb8.r2.dev/Linfala/examples/I/I.D23.mp3,Linfala/examples/I/I.D23.mp3,I.D23,I.D23.mp3
examples,1053,https://pub-78d23bf07fce46b3adc19df91148ffb8.r2.dev/Linfala/examples/I/I.D24.mp3,Linfala/examples/I/I.D24.mp3,I.D24,I.D24.mp3
examples,1054,https://pub-78d23bf07fce46b3adc19df91148ffb8.r2.dev/Linfala/examples/I/I.D25.mp3,Linfala/examples/I/I.D25.mp3,I.D25,I.D25.mp3
examples,1055,https://pub-78d23bf07fce46b3adc19df91148ffb8.r2.dev/Linfala/examples/I/I.D26.mp3,Linfala/examples/I/I.D26.mp3,I.D26,I.D26.mp3
examples,1056,https://pub-78d23bf07fce46b3adc19df91148ffb8.r2.dev/Linfala/examples/I/I.D27.mp3,Linfala/examples/I/I.D27.mp3,I.D27,I.D27.mp3
examples,1059,https://pub-78d23bf07fce46b3adc19df91148ffb8.r2.dev/Linfala/examples/I/I.D28.mp3,Linfala/examples/I/I.D28.mp3,I.D28,I.D28.mp3
examples,1060,https://pub-78d23bf07fce46b3adc19df91148ffb8.r2.dev/Linfala/examples/I/I.D29.mp3,Linfala/examples/I/I.D29.mp3,I.D29,I.D29.mp3
examples,1026,https://pub-78d23bf07fce46b3adc19df91148ffb8.r2.dev/Linfala/examples/I/I.D3.mp3,Linfala/examples/I/I.D3.mp3,I.D3,I.D3.mp3
examples,1061,https://pub-78d23bf07fce46b3adc19df91148ffb8.r2.dev/Linfala/examples/I/I.D30.mp3,Linfala/examples/I/I.D30.mp3,I.D30,I.D30.mp3
examples,1062,https://pub-78d23bf07fce46b3adc19df91148ffb8.r2.dev/Linfala/examples/I/I.D31.mp3,Linfala/examples/I/I.D31.mp3,I.D31,I.D31.mp3
examples,1063,https://pub-78d23bf07fce46b3adc19df91148ffb8.r2.dev/Linfala/examples/I/I.D32.mp3,Linfala/examples/I/I.D32.mp3,I.D32,I.D32.mp3
examples,1064,https://pub-78d23bf07fce46b3adc19df91148ffb8.r2.dev/Linfala/examples/I/I.D33.mp3,Linfala/examples/I/I.D33.mp3,I.D33,I.D33.mp3
examples,1065,https://pub-78d23bf07fce46b3adc19df91148ffb8.r2.dev/Linfala/examples/I/I.D34.mp3,Linfala/examples/I/I.D34.mp3,I.D34,I.D34.mp3
examples,1066,https://pub-78d23bf07fce46b3adc19df91148ffb8.r2.dev/Linfala/examples/I/I.D35.mp3,Linfala/examples/I/I.D35.mp3,I.D35,I.D35.mp3
examples,1067,https://pub-78d23bf07fce46b3adc19df91148ffb8.r2.dev/Linfala/examples/I/I.D36.mp3,Linfala/examples/I/I.D36.mp3,I.D36,I.D36.mp3
examples,1068,https://pub-78d23bf07fce46b3adc19df91148ffb8.r2.dev/Linfala/examples/I/I.D37.mp3,Linfala/examples/I/I.D37.mp3,I.D37,I.D37.mp3
examples,1070,https://pub-78d23bf07fce46b3adc19df91148ffb8.r2.dev/Linfala/examples/I/I.D38.mp3,Linfala/examples/I/I.D38.mp3,I.D38,I.D38.mp3
examples,1071,https://pub-78d23bf07fce46b3adc19df91148ffb8.r2.dev/Linfala/examples/I/I.D39.mp3,Linfala/examples/I/I.D39.mp3,I.D39,I.D39.mp3
examples,1027,https://pub-78d23bf07fce46b3adc19df91148ffb8.r2.dev/Linfala/examples/I/I.D4.mp3,Linfala/examples/I/I.D4.mp3,I.D4,I.D4.mp3
examples,1073,https://pub-78d23bf07fce46b3adc19df91148ffb8.r2.dev/Linfala/examples/I/I.D41.mp3,Linfala/examples/I/I.D41.mp3,I.D41,I.D41.mp3
examples,1074,https://pub-78d23bf07fce46b3adc19df91148ffb8.r2.dev/Linfala/examples/I/I.D42.mp3,Linfala/examples/I/I.D42.mp3,I.D42,I.D42.mp3
examples,1075,https://pub-78d23bf07fce46b3adc19df91148ffb8.r2.dev/Linfala/examples/I/I.D43.mp3,Linfala/examples/I/I.D43.mp3,I.D43,I.D43.mp3
examples,1076,https://pub-78d23bf07fce46b3adc19df91148ffb8.r2.dev/Linfala/examples/I/I.D44.mp3,Linfala/examples/I/I.D44.mp3,I.D44,I.D44.mp3
examples,1077,https://pub-78d23bf07fce46b3adc19df91148ffb8.r2.dev/Linfala/examples/I/I.D45.mp3,Linfala/examples/I/I.D45.mp3,I.D45,I.D45.mp3
examples,1078,https://pub-78d23bf07fce46b3adc19df91148ffb8.r2.dev/Linfala/examples/I/I.D46.mp3,Linfala/examples/I/I.D46.mp3,I.D46,I.D46.mp3
examples,1079,https://pub-78d23bf07fce46b3adc19df91148ffb8.r2.dev/Linfala/examples/I/I.D47.mp3,Linfala/examples/I/I.D47.mp3,I.D47,I.D47.mp3
examples,1081,https://pub-78d23bf07fce46b3adc19df91148ffb8.r2.dev/Linfala/examples/I/I.D48.mp3,Linfala/examples/I/I.D48.mp3,I.D48,I.D48.mp3
examples,1082,https://pub-78d23bf07fce46b3adc19df91148ffb8.r2.dev/Linfala/examples/I/I.D49.mp3,Linfala/examples/I/I.D49.mp3,I.D49,I.D49.mp3
examples,1028,https://pub-78d23bf07fce46b3adc19df91148ffb8.r2.dev/Linfala/examples/I/I.D5.mp3,Linfala/examples/I/I.D5.mp3,I.D5,I.D5.mp3
examples,1083,https://pub-78d23bf07fce46b3adc19df91148ffb8.r2.dev/Linfala/examples/I/I.D50.mp3,Linfala/examples/I/I.D50.mp3,I.D50,I.D50.mp3
examples,1084,https://pub-78d23bf07fce46b3adc19df91148ffb8.r2.dev/Linfala/examples/I/I.D51.mp3,Linfala/examples/I/I.D51.mp3,I.D51,I.D51.mp3
examples,1085,https://pub-78d23bf07fce46b3adc19df91148ffb8.r2.dev/Linfala/examples/I/I.D52.mp3,Linfala/examples/I/I.D52.mp3,I.D52,I.D52.mp3
examples,1087,https://pub-78d23bf07fce46b3adc19df91148ffb8.r2.dev/Linfala/examples/I/I.D53.mp3,Linfala/examples/I/I.D53.mp3,I.D53,I.D53.mp3
examples,1088,https://pub-78d23bf07fce46b3adc19df91148ffb8.r2.dev/Linfala/examples/I/I.D54.mp3,Linfala/examples/I/I.D54.mp3,I.D54,I.D54.mp3
examples,1089,https://pub-78d23bf07fce46b3adc19df91148ffb8.r2.dev/Linfala/examples/I/I.D55.mp3,Linfala/examples/I/I.D55.mp3,I.D55,I.D55.mp3
examples,1090,https://pub-78d23bf07fce46b3adc19df91148ffb8.r2.dev/Linfala/examples/I/I.D56.mp3,Linfala/examples/I/I.D56.mp3,I.D56,I.D56.mp3
examples,1091,https://pub-78d23bf07fce46b3adc19df91148ffb8.r2.dev/Linfala/examples/I/I.D57.mp3,Linfala/examples/I/I.D57.mp3,I.D57,I.D57.mp3
examples,1093,https://pub-78d23bf07fce46b3adc19df91148ffb8.r2.dev/Linfala/examples/I/I.D59.mp3,Linfala/examples/I/I.D59.mp3,I.D59,I.D59.mp3
examples,1029,https://pub-78d23bf07fce46b3adc19df91148ffb8.r2.dev/Linfala/examples/I/I.D6.mp3,Linfala/examples/I/I.D6.mp3,I.D6,I.D6.mp3
examples,1094,https://pub-78d23bf07fce46b3adc19df91148ffb8.r2.dev/Linfala/examples/I/I.D60.mp3,Linfala/examples/I/I.D60.mp3,I.D60,I.D60.mp3
examples,1095,https://pub-78d23bf07fce46b3adc19df91148ffb8.r2.dev/Linfala/examples/I/I.D61.mp3,Linfala/examples/I/I.D61.mp3,I.D61,I.D61.mp3
examples,1096,https://pub-78d23bf07fce46b3adc19df91148ffb8.r2.dev/Linfala/examples/I/I.D62.mp3,Linfala/examples/I/I.D62.mp3,I.D62,I.D62.mp3
examples,1097,https://pub-78d23bf07fce46b3adc19df91148ffb8.r2.dev/Linfala/examples/I/I.D63.mp3,Linfala/examples/I/I.D63.mp3,I.D63,I.D63.mp3
examples,1098,https://pub-78d23bf07fce46b3adc19df91148ffb8.r2.dev/Linfala/examples/I/I.D64.mp3,Linfala/examples/I/I.D64.mp3,I.D64,I.D64.mp3
examples,1099,https://pub-78d23bf07fce46b3adc19df91148ffb8.r2.dev/Linfala/examples/I/I.D65.mp3,Linfala/examples/I/I.D65.mp3,I.D65,I.D65.mp3
examples,1100,https://pub-78d23bf07fce46b3adc19df91148ffb8.r2.dev/Linfala/examples/I/I.D66.mp3,Linfala/examples/I/I.D66.mp3,I.D66,I.D66.mp3
examples,1101,https://pub-78d23bf07fce46b3adc19df91148ffb8.r2.dev/Linfala/examples/I/I.D67.mp3,Linfala/examples/I/I.D67.mp3,I.D67,I.D67.mp3
examples,1102,https://pub-78d23bf07fce46b3adc19df91148ffb8.r2.dev/Linfala/examples/I/I.D68.mp3,Linfala/examples/I/I.D68.mp3,I.D68,I.D68.mp3
examples,1103,https://pub-78d23bf07fce46b3adc19df91148ffb8.r2.dev/Linfala/examples/I/I.D69.mp3,Linfala/examples/I/I.D69.mp3,I.D69,I.D69.mp3
examples,1030,https://pub-78d23bf07fce46b3adc19df91148ffb8.r2.dev/Linfala/examples/I/I.D7.mp3,Linfala/examples/I/I.D7.mp3,I.D7,I.D7.mp3
examples,1031,https://pub-78d23bf07fce46b3adc19df91148ffb8.r2.dev/Linfala/examples/I/I.D8.mp3,Linfala/examples/I/I.D8.mp3,I.D8,I.D8.mp3
examples,1032,https://pub-78d23bf07fce46b3adc19df91148ffb8.r2.dev/Linfala/examples/I/I.D9.mp3,Linfala/examples/I/I.D9.mp3,I.D9,I.D9.mp3
senses,1035,https://pub-78d23bf07fce46b3adc19df91148ffb8.r2.dev/Linfala/senses/I/I.F10.mp3,Linfala/senses/I/I.F10.mp3,I.F10,I.F10.mp3
senses,1050,https://pub-78d23bf07fce46b3adc19df91148ffb8.r2.dev/Linfala/senses/I/I.F23.mp3,Linfala/senses/I/I.F23.mp3,I.F23,I.F23.mp3
senses,1057,https://pub-78d23bf07fce46b3adc19df91148ffb8.r2.dev/Linfala/senses/I/I.F27.mp3,Linfala/senses/I/I.F27.mp3,I.F27,I.F27.mp3
senses,1069,https://pub-78d23bf07fce46b3adc19df91148ffb8.r2.dev/Linfala/senses/I/I.F37.mp3,Linfala/senses/I/I.F37.mp3,I.F37,I.F37.mp3
senses,1080,https://pub-78d23bf07fce46b3adc19df91148ffb8.r2.dev/Linfala/senses/I/I.F47.mp3,Linfala/senses/I/I.F47.mp3,I.F47,I.F47.mp3
senses,1086,https://pub-78d23bf07fce46b3adc19df91148ffb8.r2.dev/Linfala/senses/I/I.F52.mp3,Linfala/senses/I/I.F52.mp3,I.F52,I.F52.mp3
senses,1033,https://pub-78d23bf07fce46b3adc19df91148ffb8.r2.dev/Linfala/senses/I/I.F9.mp3,Linfala/senses/I/I.F9.mp3,I.F9,I.F9.mp3
examples,1035,https://pub-78d23bf07fce46b3adc19df91148ffb8.r2.dev/Linfala/examples/I/I.G10.mp3,Linfala/examples/I/I.G10.mp3,I.G10,I.G10.mp3
examples,1050,https://pub-78d23bf07fce46b3adc19df91148ffb8.r2.dev/Linfala/examples/I/I.G23.mp3,Linfala/examples/I/I.G23.mp3,I.G23,I.G23.mp3
examples,1057,https://pub-78d23bf07fce46b3adc19df91148ffb8.r2.dev/Linfala/examples/I/I.G27.mp3,Linfala/examples/I/I.G27.mp3,I.G27,I.G27.mp3
examples,1069,https://pub-78d23bf07fce46b3adc19df91148ffb8.r2.dev/Linfala/examples/I/I.G37.mp3,Linfala/examples/I/I.G37.mp3,I.G37,I.G37.mp3
examples,1080,https://pub-78d23bf07fce46b3adc19df91148ffb8.r2.dev/Linfala/examples/I/I.G47.mp3,Linfala/examples/I/I.G47.mp3,I.G47,I.G47.mp3
examples,1086,https://pub-78d23bf07fce46b3adc19df91148ffb8.r2.dev/Linfala/examples/I/I.G52.mp3,Linfala/examples/I/I.G52.mp3,I.G52,I.G52.mp3
examples,1033,https://pub-78d23bf07fce46b3adc19df91148ffb8.r2.dev/Linfala/examples/I/I.G9.mp3,Linfala/examples/I/I.G9.mp3,I.G9,I.G9.mp3
senses,1036,https://pub-78d23bf07fce46b3adc19df91148ffb8.r2.dev/Linfala/senses/I/I.I10.mp3,Linfala/senses/I/I.I10.mp3,I.I10,I.I10.mp3
senses,1051,https://pub-78d23bf07fce46b3adc19df91148ffb8.r2.dev/Linfala/senses/I/I.I23.mp3,Linfala/senses/I/I.I23.mp3,I.I23,I.I23.mp3
senses,1058,https://pub-78d23bf07fce46b3adc19df91148ffb8.r2.dev/Linfala/senses/I/I.I27.mp3,Linfala/senses/I/I.I27.mp3,I.I27,I.I27.mp3
examples,1036,https://pub-78d23bf07fce46b3adc19df91148ffb8.r2.dev/Linfala/examples/I/I.J10.mp3,Linfala/examples/I/I.J10.mp3,I.J10,I.J10.mp3
examples,1051,https://pub-78d23bf07fce46b3adc19df91148ffb8.r2.dev/Linfala/examples/I/I.J23.mp3,Linfala/examples/I/I.J23.mp3,I.J23,I.J23.mp3
examples,1058,https://pub-78d23bf07fce46b3adc19df91148ffb8.r2.dev/Linfala/examples/I/I.J27.mp3,Linfala/examples/I/I.J27.mp3,I.J27,I.J27.mp3
senses,1052,https://pub-78d23bf07fce46b3adc19df91148ffb8.r2.dev/Linfala/senses/I/I.L23.mp3,Linfala/senses/I/I.L23.mp3,I.L23,I.L23.mp3
examples,1052,https://pub-78d23bf07fce46b3adc19df91148ffb8.r2.dev/Linfala/examples/I/I.M23.mp3,Linfala/examples/I/I.M23.mp3,I.M23,I.M23.mp3
examples,1072,https://pub-78d23bf07fce46b3adc19df91148ffb8.r2.dev/Linfala/examples/I/i.D40.mp3,Linfala/examples/I/i.D40.mp3,I.D40,i.D40.mp3
senses,1111,https://pub-78d23bf07fce46b3adc19df91148ffb8.r2.dev/Linfala/senses/J/J.C10.mp3,Linfala/senses/J/J.C10.mp3,J.C10,J.C10.mp3
senses,1112,https://pub-78d23bf07fce46b3adc19df91148ffb8.r2.dev/Linfala/senses/J/J.C11.mp3,Linfala/senses/J/J.C11.mp3,J.C11,J.C11.mp3
senses,1113,https://pub-78d23bf07fce46b3adc19df91148ffb8.r2.dev/Linfala/senses/J/J.C12.mp3,Linfala/senses/J/J.C12.mp3,J.C12,J.C12.mp3
senses,1114,https://pub-78d23bf07fce46b3adc19df91148ffb8.r2.dev/Linfala/senses/J/J.C13.mp3,Linfala/senses/J/J.C13.mp3,J.C13,J.C13.mp3
senses,1115,https://pub-78d23bf07fce46b3adc19df91148ffb8.r2.dev/Linfala/senses/J/J.C14.mp3,Linfala/senses/J/J.C14.mp3,J.C14,J.C14.mp3
senses,1116,https://pub-78d23bf07fce46b3adc19df91148ffb8.r2.dev/Linfala/senses/J/J.C15.mp3,Linfala/senses/J/J.C15.mp3,J.C15,J.C15.mp3
senses,1117,https://pub-78d23bf07fce46b3adc19df91148ffb8.r2.dev/Linfala/senses/J/J.C16.mp3,Linfala/senses/J/J.C16.mp3,J.C16,J.C16.mp3
senses,1119,https://pub-78d23bf07fce46b3adc19df91148ffb8.r2.dev/Linfala/senses/J/J.C17.mp3,Linfala/senses/J/J.C17.mp3,J.C17,J.C17.mp3
senses,1120,https://pub-78d23bf07fce46b3adc19df91148ffb8.r2.dev/Linfala/senses/J/J.C18.mp3,Linfala/senses/J/J.C18.mp3,J.C18,J.C18.mp3
senses,1121,https://pub-78d23bf07fce46b3adc19df91148ffb8.r2.dev/Linfala/senses/J/J.C19.mp3,Linfala/senses/J/J.C19.mp3,J.C19,J.C19.mp3
senses,1122,https://pub-78d23bf07fce46b3adc19df91148ffb8.r2.dev/Linfala/senses/J/J.C20.mp3,Linfala/senses/J/J.C20.mp3,J.C20,J.C20.mp3
senses,1123,https://pub-78d23bf07fce46b3adc19df91148ffb8.r2.dev/Linfala/senses/J/J.C21.mp3,Linfala/senses/J/J.C21.mp3,J.C21,J.C21.mp3
senses,1124,https://pub-78d23bf07fce46b3adc19df91148ffb8.r2.dev/Linfala/senses/J/J.C22.mp3,Linfala/senses/J/J.C22.mp3,J.C22,J.C22.mp3
senses,1125,https://pub-78d23bf07fce46b3adc19df91148ffb8.r2.dev/Linfala/senses/J/J.C23.mp3,Linfala/senses/J/J.C23.mp3,J.C23,J.C23.mp3
senses,1129,https://pub-78d23bf07fce46b3adc19df91148ffb8.r2.dev/Linfala/senses/J/J.C24.mp3,Linfala/senses/J/J.C24.mp3,J.C24,J.C24.mp3
senses,1130,https://pub-78d23bf07fce46b3adc19df91148ffb8.r2.dev/Linfala/senses/J/J.C25.mp3,Linfala/senses/J/J.C25.mp3,J.C25,J.C25.mp3
senses,1131,https://pub-78d23bf07fce46b3adc19df91148ffb8.r2.dev/Linfala/senses/J/J.C26.mp3,Linfala/senses/J/J.C26.mp3,J.C26,J.C26.mp3
senses,1132,https://pub-78d23bf07fce46b3adc19df91148ffb8.r2.dev/Linfala/senses/J/J.C27.mp3,Linfala/senses/J/J.C27.mp3,J.C27,J.C27.mp3
senses,1133,https://pub-78d23bf07fce46b3adc19df91148ffb8.r2.dev/Linfala/senses/J/J.C28.mp3,Linfala/senses/J/J.C28.mp3,J.C28,J.C28.mp3
senses,1134,https://pub-78d23bf07fce46b3adc19df91148ffb8.r2.dev/Linfala/senses/J/J.C29.mp3,Linfala/senses/J/J.C29.mp3,J.C29,J.C29.mp3
senses,1104,https://pub-78d23bf07fce46b3adc19df91148ffb8.r2.dev/Linfala/senses/J/J.C3.mp3,Linfala/senses/J/J.C3.mp3,J.C3,J.C3.mp3
senses,1135,https://pub-78d23bf07fce46b3adc19df91148ffb8.r2.dev/Linfala/senses/J/J.C30.mp3,Linfala/senses/J/J.C30.mp3,J.C30,J.C30.mp3
senses,1136,https://pub-78d23bf07fce46b3adc19df91148ffb8.r2.dev/Linfala/senses/J/J.C31.mp3,Linfala/senses/J/J.C31.mp3,J.C31,J.C31.mp3
senses,1137,https://pub-78d23bf07fce46b3adc19df91148ffb8.r2.dev/Linfala/senses/J/J.C32.mp3,Linfala/senses/J/J.C32.mp3,J.C32,J.C32.mp3
senses,1138,https://pub-78d23bf07fce46b3adc19df91148ffb8.r2.dev/Linfala/senses/J/J.C33.mp3,Linfala/senses/J/J.C33.mp3,J.C33,J.C33.mp3
senses,1139,https://pub-78d23bf07fce46b3adc19df91148ffb8.r2.dev/Linfala/senses/J/J.C34.mp3,Linfala/senses/J/J.C34.mp3,J.C34,J.C34.mp3
senses,1105,https://pub-78d23bf07fce46b3adc19df91148ffb8.r2.dev/Linfala/senses/J/J.C4.mp3,Linfala/senses/J/J.C4.mp3,J.C4,J.C4.mp3
senses,1106,https://pub-78d23bf07fce46b3adc19df91148ffb8.r2.dev/Linfala/senses/J/J.C5.mp3,Linfala/senses/J/J.C5.mp3,J.C5,J.C5.mp3
senses,1107,https://pub-78d23bf07fce46b3adc19df91148ffb8.r2.dev/Linfala/senses/J/J.C6.mp3,Linfala/senses/J/J.C6.mp3,J.C6,J.C6.mp3
senses,1108,https://pub-78d23bf07fce46b3adc19df91148ffb8.r2.dev/Linfala/senses/J/J.C7.mp3,Linfala/senses/J/J.C7.mp3,J.C7,J.C7.mp3
senses,1109,https://pub-78d23bf07fce46b3adc19df91148ffb8.r2.dev/Linfala/senses/J/J.C8.mp3,Linfala/senses/J/J.C8.mp3,J.C8,J.C8.mp3
senses,1110,https://pub-78d23bf07fce46b3adc19df91148ffb8.r2.dev/Linfala/senses/J/J.C9.mp3,Linfala/senses/J/J.C9.mp3,J.C9,J.C9.mp3
examples,1111,https://pub-78d23bf07fce46b3adc19df91148ffb8.r2.dev/Linfala/examples/J/J.D10.mp3,Linfala/examples/J/J.D10.mp3,J.D10,J.D10.mp3
examples,1112,https://pub-78d23bf07fce46b3adc19df91148ffb8.r2.dev/Linfala/examples/J/J.D11.mp3,Linfala/examples/J/J.D11.mp3,J.D11,J.D11.mp3
examples,1113,https://pub-78d23bf07fce46b3adc19df91148ffb8.r2.dev/Linfala/examples/J/J.D12.mp3,Linfala/examples/J/J.D12.mp3,J.D12,J.D12.mp3
examples,1114,https://pub-78d23bf07fce46b3adc19df91148ffb8.r2.dev/Linfala/examples/J/J.D13.mp3,Linfala/examples/J/J.D13.mp3,J.D13,J.D13.mp3
examples,1115,https://pub-78d23bf07fce46b3adc19df91148ffb8.r2.dev/Linfala/examples/J/J.D14.mp3,Linfala/examples/J/J.D14.mp3,J.D14,J.D14.mp3
examples,1116,https://pub-78d23bf07fce46b3adc19df91148ffb8.r2.dev/Linfala/examples/J/J.D15.mp3,Linfala/examples/J/J.D15.mp3,J.D15,J.D15.mp3
examples,1119,https://pub-78d23bf07fce46b3adc19df91148ffb8.r2.dev/Linfala/examples/J/J.D17.mp3,Linfala/examples/J/J.D17.mp3,J.D17,J.D17.mp3
examples,1120,https://pub-78d23bf07fce46b3adc19df91148ffb8.r2.dev/Linfala/examples/J/J.D18.mp3,Linfala/examples/J/J.D18.mp3,J.D18,J.D18.mp3
examples,1121,https://pub-78d23bf07fce46b3adc19df91148ffb8.r2.dev/Linfala/examples/J/J.D19.mp3,Linfala/examples/J/J.D19.mp3,J.D19,J.D19.mp3
examples,1122,https://pub-78d23bf07fce46b3adc19df91148ffb8.r2.dev/Linfala/examples/J/J.D20.mp3,Linfala/examples/J/J.D20.mp3,J.D20,J.D20.mp3
examples,1123,https://pub-78d23bf07fce46b3adc19df91148ffb8.r2.dev/Linfala/examples/J/J.D21.mp3,Linfala/examples/J/J.D21.mp3,J.D21,J.D21.mp3
examples,1124,https://pub-78d23bf07fce46b3adc19df91148ffb8.r2.dev/Linfala/examples/J/J.D22.mp3,Linfala/examples/J/J.D22.mp3,J.D22,J.D22.mp3
examples,1125,https://pub-78d23bf07fce46b3adc19df91148ffb8.r2.dev/Linfala/examples/J/J.D23.mp3,Linfala/examples/J/J.D23.mp3,J.D23,J.D23.mp3
examples,1129,https://pub-78d23bf07fce46b3adc19df91148ffb8.r2.dev/Linfala/examples/J/J.D24.mp3,Linfala/examples/J/J.D24.mp3,J.D24,J.D24.mp3
examples,1130,https://pub-78d23bf07fce46b3adc19df91148ffb8.r2.dev/Linfala/examples/J/J.D25.mp3,Linfala/examples/J/J.D25.mp3,J.D25,J.D25.mp3
examples,1131,https://pub-78d23bf07fce46b3adc19df91148ffb8.r2.dev/Linfala/examples/J/J.D26.mp3,Linfala/examples/J/J.D26.mp3,J.D26,J.D26.mp3
examples,1132,https://pub-78d23bf07fce46b3adc19df91148ffb8.r2.dev/Linfala/examples/J/J.D27.mp3,Linfala/examples/J/J.D27.mp3,J.D27,J.D27.mp3
examples,1133,https://pub-78d23bf07fce46b3adc19df91148ffb8.r2.dev/Linfala/examples/J/J.D28.mp3,Linfala/examples/J/J.D28.mp3,J.D28,J.D28.mp3
examples,1134,https://pub-78d23bf07fce46b3adc19df91148ffb8.r2.dev/Linfala/examples/J/J.D29.mp3,Linfala/examples/J/J.D29.mp3,J.D29,J.D29.mp3
examples,1104,https://pub-78d23bf07fce46b3adc19df91148ffb8.r2.dev/Linfala/examples/J/J.D3.mp3,Linfala/examples/J/J.D3.mp3,J.D3,J.D3.mp3
examples,1135,https://pub-78d23bf07fce46b3adc19df91148ffb8.r2.dev/Linfala/examples/J/J.D30.mp3,Linfala/examples/J/J.D30.mp3,J.D30,J.D30.mp3
examples,1136,https://pub-78d23bf07fce46b3adc19df91148ffb8.r2.dev/Linfala/examples/J/J.D31.mp3,Linfala/examples/J/J.D31.mp3,J.D31,J.D31.mp3
examples,1137,https://pub-78d23bf07fce46b3adc19df91148ffb8.r2.dev/Linfala/examples/J/J.D32.mp3,Linfala/examples/J/J.D32.mp3,J.D32,J.D32.mp3
examples,1138,https://pub-78d23bf07fce46b3adc19df91148ffb8.r2.dev/Linfala/examples/J/J.D33.mp3,Linfala/examples/J/J.D33.mp3,J.D33,J.D33.mp3
examples,1139,https://pub-78d23bf07fce46b3adc19df91148ffb8.r2.dev/Linfala/examples/J/J.D34.mp3,Linfala/examples/J/J.D34.mp3,J.D34,J.D34.mp3
examples,1105,https://pub-78d23bf07fce46b3adc19df91148ffb8.r2.dev/Linfala/examples/J/J.D4.mp3,Linfala/examples/J/J.D4.mp3,J.D4,J.D4.mp3
examples,1106,https://pub-78d23bf07fce46b3adc19df91148ffb8.r2.dev/Linfala/examples/J/J.D5.mp3,Linfala/examples/J/J.D5.mp3,J.D5,J.D5.mp3
examples,1107,https://pub-78d23bf07fce46b3adc19df91148ffb8.r2.dev/Linfala/examples/J/J.D6.mp3,Linfala/examples/J/J.D6.mp3,J.D6,J.D6.mp3
examples,1108,https://pub-78d23bf07fce46b3adc19df91148ffb8.r2.dev/Linfala/examples/J/J.D7.mp3,Linfala/examples/J/J.D7.mp3,J.D7,J.D7.mp3
examples,1109,https://pub-78d23bf07fce46b3adc19df91148ffb8.r2.dev/Linfala/examples/J/J.D8.mp3,Linfala/examples/J/J.D8.mp3,J.D8,J.D8.mp3
examples,1110,https://pub-78d23bf07fce46b3adc19df91148ffb8.r2.dev/Linfala/examples/J/J.D9.mp3,Linfala/examples/J/J.D9.mp3,J.D9,J.D9.mp3
senses,1118,https://pub-78d23bf07fce46b3adc19df91148ffb8.r2.dev/Linfala/senses/J/J.F16.mp3,Linfala/senses/J/J.F16.mp3,J.F16,J.F16.mp3
senses,1126,https://pub-78d23bf07fce46b3adc19df91148ffb8.r2.dev/Linfala/senses/J/J.F23.mp3,Linfala/senses/J/J.F23.mp3,J.F23,J.F23.mp3
senses,1140,https://pub-78d23bf07fce46b3adc19df91148ffb8.r2.dev/Linfala/senses/J/J.F34.mp3,Linfala/senses/J/J.F34.mp3,J.F34,J.F34.mp3
examples,1118,https://pub-78d23bf07fce46b3adc19df91148ffb8.r2.dev/Linfala/examples/J/J.G16.mp3,Linfala/examples/J/J.G16.mp3,J.G16,J.G16.mp3
examples,1126,https://pub-78d23bf07fce46b3adc19df91148ffb8.r2.dev/Linfala/examples/J/J.G23.mp3,Linfala/examples/J/J.G23.mp3,J.G23,J.G23.mp3
examples,1140,https://pub-78d23bf07fce46b3adc19df91148ffb8.r2.dev/Linfala/examples/J/J.G34.mp3,Linfala/examples/J/J.G34.mp3,J.G34,J.G34.mp3
senses,1127,https://pub-78d23bf07fce46b3adc19df91148ffb8.r2.dev/Linfala/senses/J/J.I23.mp3,Linfala/senses/J/J.I23.mp3,J.I23,J.I23.mp3
senses,1141,https://pub-78d23bf07fce46b3adc19df91148ffb8.r2.dev/Linfala/senses/J/J.I34.mp3,Linfala/senses/J/J.I34.mp3,J.I34,J.I34.mp3
examples,1127,https://pub-78d23bf07fce46b3adc19df91148ffb8.r2.dev/Linfala/examples/J/J.J23.mp3,Linfala/examples/J/J.J23.mp3,J.J23,J.J23.mp3
examples,1141,https://pub-78d23bf07fce46b3adc19df91148ffb8.r2.dev/Linfala/examples/J/J.J34.mp3,Linfala/examples/J/J.J34.mp3,J.J34,J.J34.mp3
senses,1128,https://pub-78d23bf07fce46b3adc19df91148ffb8.r2.dev/Linfala/senses/J/J.L23.mp3,Linfala/senses/J/J.L23.mp3,J.L23,J.L23.mp3
senses,1142,https://pub-78d23bf07fce46b3adc19df91148ffb8.r2.dev/Linfala/senses/J/J.L34.mp3,Linfala/senses/J/J.L34.mp3,J.L34,J.L34.mp3
examples,1128,https://pub-78d23bf07fce46b3adc19df91148ffb8.r2.dev/Linfala/examples/J/J.M23.mp3,Linfala/examples/J/J.M23.mp3,J.M23,J.M23.mp3
examples,1142,https://pub-78d23bf07fce46b3adc19df91148ffb8.r2.dev/Linfala/examples/J/J.M34.mp3,Linfala/examples/J/J.M34.mp3,J.M34,J.M34.mp3
senses,1143,https://pub-78d23bf07fce46b3adc19df91148ffb8.r2.dev/Linfala/senses/K/K.C3.mp3,Linfala/senses/K/K.C3.mp3,K.C3,K.C3.mp3
senses,1144,https://pub-78d23bf07fce46b3adc19df91148ffb8.r2.dev/Linfala/senses/K/K.C4.mp3,Linfala/senses/K/K.C4.mp3,K.C4,K.C4.mp3
examples,1143,https://pub-78d23bf07fce46b3adc19df91148ffb8.r2.dev/Linfala/examples/K/K.D3.mp3,Linfala/examples/K/K.D3.mp3,K.D3,K.D3.mp3
examples,1144,https://pub-78d23bf07fce46b3adc19df91148ffb8.r2.dev/Linfala/examples/K/K.D4.mp3,Linfala/examples/K/K.D4.mp3,K.D4,K.D4.mp3
senses,1153,https://pub-78d23bf07fce46b3adc19df91148ffb8.r2.dev/Linfala/senses/L/L.C10.mp3,Linfala/senses/L/L.C10.mp3,L.C10,L.C10.mp3
senses,1154,https://pub-78d23bf07fce46b3adc19df91148ffb8.r2.dev/Linfala/senses/L/L.C11.mp3,Linfala/senses/L/L.C11.mp3,L.C11,L.C11.mp3
senses,1155,https://pub-78d23bf07fce46b3adc19df91148ffb8.r2.dev/Linfala/senses/L/L.C12.mp3,Linfala/senses/L/L.C12.mp3,L.C12,L.C12.mp3
senses,1156,https://pub-78d23bf07fce46b3adc19df91148ffb8.r2.dev/Linfala/senses/L/L.C13.mp3,Linfala/senses/L/L.C13.mp3,L.C13,L.C13.mp3
senses,1157,https://pub-78d23bf07fce46b3adc19df91148ffb8.r2.dev/Linfala/senses/L/L.C14.mp3,Linfala/senses/L/L.C14.mp3,L.C14,L.C14.mp3
senses,1158,https://pub-78d23bf07fce46b3adc19df91148ffb8.r2.dev/Linfala/senses/L/L.C15.mp3,Linfala/senses/L/L.C15.mp3,L.C15,L.C15.mp3
senses,1159,https://pub-78d23bf07fce46b3adc19df91148ffb8.r2.dev/Linfala/senses/L/L.C16.mp3,Linfala/senses/L/L.C16.mp3,L.C16,L.C16.mp3
senses,1160,https://pub-78d23bf07fce46b3adc19df91148ffb8.r2.dev/Linfala/senses/L/L.C17.mp3,Linfala/senses/L/L.C17.mp3,L.C17,L.C17.mp3
senses,1162,https://pub-78d23bf07fce46b3adc19df91148ffb8.r2.dev/Linfala/senses/L/L.C18.mp3,Linfala/senses/L/L.C18.mp3,L.C18,L.C18.mp3
senses,1163,https://pub-78d23bf07fce46b3adc19df91148ffb8.r2.dev/Linfala/senses/L/L.C19.mp3,Linfala/senses/L/L.C19.mp3,L.C19,L.C19.mp3
senses,1164,https://pub-78d23bf07fce46b3adc19df91148ffb8.r2.dev/Linfala/senses/L/L.C20.mp3,Linfala/senses/L/L.C20.mp3,L.C20,L.C20.mp3
senses,1165,https://pub-78d23bf07fce46b3adc19df91148ffb8.r2.dev/Linfala/senses/L/L.C21.mp3,Linfala/senses/L/L.C21.mp3,L.C21,L.C21.mp3
senses,1166,https://pub-78d23bf07fce46b3adc19df91148ffb8.r2.dev/Linfala/senses/L/L.C22.mp3,Linfala/senses/L/L.C22.mp3,L.C22,L.C22.mp3
senses,1167,https://pub-78d23bf07fce46b3adc19df91148ffb8.r2.dev/Linfala/senses/L/L.C23.mp3,Linfala/senses/L/L.C23.mp3,L.C23,L.C23.mp3
senses,1168,https://pub-78d23bf07fce46b3adc19df91148ffb8.r2.dev/Linfala/senses/L/L.C24.mp3,Linfala/senses/L/L.C24.mp3,L.C24,L.C24.mp3
senses,1170,https://pub-78d23bf07fce46b3adc19df91148ffb8.r2.dev/Linfala/senses/L/L.C25.mp3,Linfala/senses/L/L.C25.mp3,L.C25,L.C25.mp3
senses,1171,https://pub-78d23bf07fce46b3adc19df91148ffb8.r2.dev/Linfala/senses/L/L.C26.mp3,Linfala/senses/L/L.C26.mp3,L.C26,L.C26.mp3
senses,1172,https://pub-78d23bf07fce46b3adc19df91148ffb8.r2.dev/Linfala/senses/L/L.C27.mp3,Linfala/senses/L/L.C27.mp3,L.C27,L.C27.mp3
senses,1173,https://pub-78d23bf07fce46b3adc19df91148ffb8.r2.dev/Linfala/senses/L/L.C28.mp3,Linfala/senses/L/L.C28.mp3,L.C28,L.C28.mp3
senses,1174,https://pub-78d23bf07fce46b3adc19df91148ffb8.r2.dev/Linfala/senses/L/L.C29.mp3,Linfala/senses/L/L.C29.mp3,L.C29,L.C29.mp3
senses,1145,https://pub-78d23bf07fce46b3adc19df91148ffb8.r2.dev/Linfala/senses/L/L.C3.mp3,Linfala/senses/L/L.C3.mp3,L.C3,L.C3.mp3
senses,1175,https://pub-78d23bf07fce46b3adc19df91148ffb8.r2.dev/Linfala/senses/L/L.C30.mp3,Linfala/senses/L/L.C30.mp3,L.C30,L.C30.mp3
senses,1176,https://pub-78d23bf07fce46b3adc19df91148ffb8.r2.dev/Linfala/senses/L/L.C31.mp3,Linfala/senses/L/L.C31.mp3,L.C31,L.C31.mp3
senses,1177,https://pub-78d23bf07fce46b3adc19df91148ffb8.r2.dev/Linfala/senses/L/L.C32.mp3,Linfala/senses/L/L.C32.mp3,L.C32,L.C32.mp3
senses,1180,https://pub-78d23bf07fce46b3adc19df91148ffb8.r2.dev/Linfala/senses/L/L.C33.mp3,Linfala/senses/L/L.C33.mp3,L.C33,L.C33.mp3
senses,1181,https://pub-78d23bf07fce46b3adc19df91148ffb8.r2.dev/Linfala/senses/L/L.C34.mp3,Linfala/senses/L/L.C34.mp3,L.C34,L.C34.mp3
senses,1183,https://pub-78d23bf07fce46b3adc19df91148ffb8.r2.dev/Linfala/senses/L/L.C35.mp3,Linfala/senses/L/L.C35.mp3,L.C35,L.C35.mp3
senses,1186,https://pub-78d23bf07fce46b3adc19df91148ffb8.r2.dev/Linfala/senses/L/L.C36.mp3,Linfala/senses/L/L.C36.mp3,L.C36,L.C36.mp3
senses,1187,https://pub-78d23bf07fce46b3adc19df91148ffb8.r2.dev/Linfala/senses/L/L.C37.mp3,Linfala/senses/L/L.C37.mp3,L.C37,L.C37.mp3
senses,1188,https://pub-78d23bf07fce46b3adc19df91148ffb8.r2.dev/Linfala/senses/L/L.C38.mp3,Linfala/senses/L/L.C38.mp3,L.C38,L.C38.mp3
senses,1189,https://pub-78d23bf07fce46b3adc19df91148ffb8.r2.dev/Linfala/senses/L/L.C39.mp3,Linfala/senses/L/L.C39.mp3,L.C39,L.C39.mp3
senses,1146,https://pub-78d23bf07fce46b3adc19df91148ffb8.r2.dev/Linfala/senses/L/L.C4.mp3,Linfala/senses/L/L.C4.mp3,L.C4,L.C4.mp3
senses,1190,https://pub-78d23bf07fce46b3adc19df91148ffb8.r2.dev/Linfala/senses/L/L.C40.mp3,Linfala/senses/L/L.C40.mp3,L.C40,L.C40.mp3
senses,1191,https://pub-78d23bf07fce46b3adc19df91148ffb8.r2.dev/Linfala/senses/L/L.C41.mp3,Linfala/senses/L/L.C41.mp3,L.C41,L.C41.mp3
senses,1192,https://pub-78d23bf07fce46b3adc19df91148ffb8.r2.dev/Linfala/senses/L/L.C42.mp3,Linfala/senses/L/L.C42.mp3,L.C42,L.C42.mp3
senses,1193,https://pub-78d23bf07fce46b3adc19df91148ffb8.r2.dev/Linfala/senses/L/L.C43.mp3,Linfala/senses/L/L.C43.mp3,L.C43,L.C43.mp3
senses,1194,https://pub-78d23bf07fce46b3adc19df91148ffb8.r2.dev/Linfala/senses/L/L.C44.mp3,Linfala/senses/L/L.C44.mp3,L.C44,L.C44.mp3
senses,1195,https://pub-78d23bf07fce46b3adc19df91148ffb8.r2.dev/Linfala/senses/L/L.C45.mp3,Linfala/senses/L/L.C45.mp3,L.C45,L.C45.mp3
senses,1196,https://pub-78d23bf07fce46b3adc19df91148ffb8.r2.dev/Linfala/senses/L/L.C46.mp3,Linfala/senses/L/L.C46.mp3,L.C46,L.C46.mp3
senses,1198,https://pub-78d23bf07fce46b3adc19df91148ffb8.r2.dev/Linfala/senses/L/L.C47.mp3,Linfala/senses/L/L.C47.mp3,L.C47,L.C47.mp3
senses,1199,https://pub-78d23bf07fce46b3adc19df91148ffb8.r2.dev/Linfala/senses/L/L.C48.mp3,Linfala/senses/L/L.C48.mp3,L.C48,L.C48.mp3
senses,1200,https://pub-78d23bf07fce46b3adc19df91148ffb8.r2.dev/Linfala/senses/L/L.C49.mp3,Linfala/senses/L/L.C49.mp3,L.C49,L.C49.mp3
senses,1148,https://pub-78d23bf07fce46b3adc19df91148ffb8.r2.dev/Linfala/senses/L/L.C5.mp3,Linfala/senses/L/L.C5.mp3,L.C5,L.C5.mp3
senses,1201,https://pub-78d23bf07fce46b3adc19df91148ffb8.r2.dev/Linfala/senses/L/L.C50.mp3,Linfala/senses/L/L.C50.mp3,L.C50,L.C50.mp3
senses,1202,https://pub-78d23bf07fce46b3adc19df91148ffb8.r2.dev/Linfala/senses/L/L.C51.mp3,Linfala/senses/L/L.C51.mp3,L.C51,L.C51.mp3
senses,1203,https://pub-78d23bf07fce46b3adc19df91148ffb8.r2.dev/Linfala/senses/L/L.C52.mp3,Linfala/senses/L/L.C52.mp3,L.C52,L.C52.mp3
senses,1204,https://pub-78d23bf07fce46b3adc19df91148ffb8.r2.dev/Linfala/senses/L/L.C53.mp3,Linfala/senses/L/L.C53.mp3,L.C53,L.C53.mp3
senses,1205,https://pub-78d23bf07fce46b3adc19df91148ffb8.r2.dev/Linfala/senses/L/L.C54.mp3,Linfala/senses/L/L.C54.mp3,L.C54,L.C54.mp3
senses,1206,https://pub-78d23bf07fce46b3adc19df91148ffb8.r2.dev/Linfala/senses/L/L.C55.mp3,Linfala/senses/L/L.C55.mp3,L.C55,L.C55.mp3
senses,1207,https://pub-78d23bf07fce46b3adc19df91148ffb8.r2.dev/Linfala/senses/L/L.C56.mp3,Linfala/senses/L/L.C56.mp3,L.C56,L.C56.mp3
senses,1208,https://pub-78d23bf07fce46b3adc19df91148ffb8.r2.dev/Linfala/senses/L/L.C57.mp3,Linfala/senses/L/L.C57.mp3,L.C57,L.C57.mp3
senses,1209,https://pub-78d23bf07fce46b3adc19df91148ffb8.r2.dev/Linfala/senses/L/L.C58.mp3,Linfala/senses/L/L.C58.mp3,L.C58,L.C58.mp3
senses,1210,https://pub-78d23bf07fce46b3adc19df91148ffb8.r2.dev/Linfala/senses/L/L.C59.mp3,Linfala/senses/L/L.C59.mp3,L.C59,L.C59.mp3
senses,1149,https://pub-78d23bf07fce46b3adc19df91148ffb8.r2.dev/Linfala/senses/L/L.C6.mp3,Linfala/senses/L/L.C6.mp3,L.C6,L.C6.mp3
senses,1211,https://pub-78d23bf07fce46b3adc19df91148ffb8.r2.dev/Linfala/senses/L/L.C60.mp3,Linfala/senses/L/L.C60.mp3,L.C60,L.C60.mp3
senses,1212,https://pub-78d23bf07fce46b3adc19df91148ffb8.r2.dev/Linfala/senses/L/L.C61.mp3,Linfala/senses/L/L.C61.mp3,L.C61,L.C61.mp3
senses,1213,https://pub-78d23bf07fce46b3adc19df91148ffb8.r2.dev/Linfala/senses/L/L.C62.mp3,Linfala/senses/L/L.C62.mp3,L.C62,L.C62.mp3
senses,1214,https://pub-78d23bf07fce46b3adc19df91148ffb8.r2.dev/Linfala/senses/L/L.C63.mp3,Linfala/senses/L/L.C63.mp3,L.C63,L.C63.mp3
senses,1215,https://pub-78d23bf07fce46b3adc19df91148ffb8.r2.dev/Linfala/senses/L/L.C64.mp3,Linfala/senses/L/L.C64.mp3,L.C64,L.C64.mp3
senses,1216,https://pub-78d23bf07fce46b3adc19df91148ffb8.r2.dev/Linfala/senses/L/L.C65.mp3,Linfala/senses/L/L.C65.mp3,L.C65,L.C65.mp3
senses,1217,https://pub-78d23bf07fce46b3adc19df91148ffb8.r2.dev/Linfala/senses/L/L.C66.mp3,Linfala/senses/L/L.C66.mp3,L.C66,L.C66.mp3
senses,1219,https://pub-78d23bf07fce46b3adc19df91148ffb8.r2.dev/Linfala/senses/L/L.C67.mp3,Linfala/senses/L/L.C67.mp3,L.C67,L.C67.mp3
senses,1220,https://pub-78d23bf07fce46b3adc19df91148ffb8.r2.dev/Linfala/senses/L/L.C68.mp3,Linfala/senses/L/L.C68.mp3,L.C68,L.C68.mp3
senses,1221,https://pub-78d23bf07fce46b3adc19df91148ffb8.r2.dev/Linfala/senses/L/L.C69.mp3,Linfala/senses/L/L.C69.mp3,L.C69,L.C69.mp3
senses,1150,https://pub-78d23bf07fce46b3adc19df91148ffb8.r2.dev/Linfala/senses/L/L.C7.mp3,Linfala/senses/L/L.C7.mp3,L.C7,L.C7.mp3
senses,1222,https://pub-78d23bf07fce46b3adc19df91148ffb8.r2.dev/Linfala/senses/L/L.C70.mp3,Linfala/senses/L/L.C70.mp3,L.C70,L.C70.mp3
senses,1224,https://pub-78d23bf07fce46b3adc19df91148ffb8.r2.dev/Linfala/senses/L/L.C71.mp3,Linfala/senses/L/L.C71.mp3,L.C71,L.C71.mp3
senses,1225,https://pub-78d23bf07fce46b3adc19df91148ffb8.r2.dev/Linfala/senses/L/L.C72.mp3,Linfala/senses/L/L.C72.mp3,L.C72,L.C72.mp3
senses,1226,https://pub-78d23bf07fce46b3adc19df91148ffb8.r2.dev/Linfala/senses/L/L.C73.mp3,Linfala/senses/L/L.C73.mp3,L.C73,L.C73.mp3
senses,1227,https://pub-78d23bf07fce46b3adc19df91148ffb8.r2.dev/Linfala/senses/L/L.C74.mp3,Linfala/senses/L/L.C74.mp3,L.C74,L.C74.mp3
senses,1228,https://pub-78d23bf07fce46b3adc19df91148ffb8.r2.dev/Linfala/senses/L/L.C75.mp3,Linfala/senses/L/L.C75.mp3,L.C75,L.C75.mp3
senses,1151,https://pub-78d23bf07fce46b3adc19df91148ffb8.r2.dev/Linfala/senses/L/L.C8.mp3,Linfala/senses/L/L.C8.mp3,L.C8,L.C8.mp3
senses,1152,https://pub-78d23bf07fce46b3adc19df91148ffb8.r2.dev/Linfala/senses/L/L.C9.mp3,Linfala/senses/L/L.C9.mp3,L.C9,L.C9.mp3
examples,1153,https://pub-78d23bf07fce46b3adc19df91148ffb8.r2.dev/Linfala/examples/L/L.D10.mp3,Linfala/examples/L/L.D10.mp3,L.D10,L.D10.mp3
examples,1154,https://pub-78d23bf07fce46b3adc19df91148ffb8.r2.dev/Linfala/examples/L/L.D11.mp3,Linfala/examples/L/L.D11.mp3,L.D11,L.D11.mp3
examples,1155,https://pub-78d23bf07fce46b3adc19df91148ffb8.r2.dev/Linfala/examples/L/L.D12.mp3,Linfala/examples/L/L.D12.mp3,L.D12,L.D12.mp3
examples,1156,https://pub-78d23bf07fce46b3adc19df91148ffb8.r2.dev/Linfala/examples/L/L.D13.mp3,Linfala/examples/L/L.D13.mp3,L.D13,L.D13.mp3
examples,1157,https://pub-78d23bf07fce46b3adc19df91148ffb8.r2.dev/Linfala/examples/L/L.D14.mp3,Linfala/examples/L/L.D14.mp3,L.D14,L.D14.mp3
examples,1158,https://pub-78d23bf07fce46b3adc19df91148ffb8.r2.dev/Linfala/examples/L/L.D15.mp3,Linfala/examples/L/L.D15.mp3,L.D15,L.D15.mp3
examples,1159,https://pub-78d23bf07fce46b3adc19df91148ffb8.r2.dev/Linfala/examples/L/L.D16.mp3,Linfala/examples/L/L.D16.mp3,L.D16,L.D16.mp3
examples,1162,https://pub-78d23bf07fce46b3adc19df91148ffb8.r2.dev/Linfala/examples/L/L.D18.mp3,Linfala/examples/L/L.D18.mp3,L.D18,L.D18.mp3
examples,1163,https://pub-78d23bf07fce46b3adc19df91148ffb8.r2.dev/Linfala/examples/L/L.D19.mp3,Linfala/examples/L/L.D19.mp3,L.D19,L.D19.mp3
examples,1164,https://pub-78d23bf07fce46b3adc19df91148ffb8.r2.dev/Linfala/examples/L/L.D20.mp3,Linfala/examples/L/L.D20.mp3,L.D20,L.D20.mp3
examples,1165,https://pub-78d23bf07fce46b3adc19df91148ffb8.r2.dev/Linfala/examples/L/L.D21.mp3,Linfala/examples/L/L.D21.mp3,L.D21,L.D21.mp3
examples,1166,https://pub-78d23bf07fce46b3adc19df91148ffb8.r2.dev/Linfala/examples/L/L.D22.mp3,Linfala/examples/L/L.D22.mp3,L.D22,L.D22.mp3
examples,1167,https://pub-78d23bf07fce46b3adc19df91148ffb8.r2.dev/Linfala/examples/L/L.D23.mp3,Linfala/examples/L/L.D23.mp3,L.D23,L.D23.mp3
examples,1168,https://pub-78d23bf07fce46b3adc19df91148ffb8.r2.dev/Linfala/examples/L/L.D24.mp3,Linfala/examples/L/L.D24.mp3,L.D24,L.D24.mp3
examples,1170,https://pub-78d23bf07fce46b3adc19df91148ffb8.r2.dev/Linfala/examples/L/L.D25.mp3,Linfala/examples/L/L.D25.mp3,L.D25,L.D25.mp3
examples,1171,https://pub-78d23bf07fce46b3adc19df91148ffb8.r2.dev/Linfala/examples/L/L.D26.mp3,Linfala/examples/L/L.D26.mp3,L.D26,L.D26.mp3
examples,1172,https://pub-78d23bf07fce46b3adc19df91148ffb8.r2.dev/Linfala/examples/L/L.D27.mp3,Linfala/examples/L/L.D27.mp3,L.D27,L.D27.mp3
examples,1173,https://pub-78d23bf07fce46b3adc19df91148ffb8.r2.dev/Linfala/examples/L/L.D28.mp3,Linfala/examples/L/L.D28.mp3,L.D28,L.D28.mp3
examples,1174,https://pub-78d23bf07fce46b3adc19df91148ffb8.r2.dev/Linfala/examples/L/L.D29.mp3,Linfala/examples/L/L.D29.mp3,L.D29,L.D29.mp3
examples,1145,https://pub-78d23bf07fce46b3adc19df91148ffb8.r2.dev/Linfala/examples/L/L.D3.mp3,Linfala/examples/L/L.D3.mp3,L.D3,L.D3.mp3
examples,1175,https://pub-78d23bf07fce46b3adc19df91148ffb8.r2.dev/Linfala/examples/L/L.D30.mp3,Linfala/examples/L/L.D30.mp3,L.D30,L.D30.mp3
examples,1176,https://pub-78d23bf07fce46b3adc19df91148ffb8.r2.dev/Linfala/examples/L/L.D31.mp3,Linfala/examples/L/L.D31.mp3,L.D31,L.D31.mp3
examples,1177,https://pub-78d23bf07fce46b3adc19df91148ffb8.r2.dev/Linfala/examples/L/L.D32.mp3,Linfala/examples/L/L.D32.mp3,L.D32,L.D32.mp3
examples,1180,https://pub-78d23bf07fce46b3adc19df91148ffb8.r2.dev/Linfala/examples/L/L.D33.mp3,Linfala/examples/L/L.D33.mp3,L.D33,L.D33.mp3
examples,1181,https://pub-78d23bf07fce46b3adc19df91148ffb8.r2.dev/Linfala/examples/L/L.D34.mp3,Linfala/examples/L/L.D34.mp3,L.D34,L.D34.mp3
examples,1183,https://pub-78d23bf07fce46b3adc19df91148ffb8.r2.dev/Linfala/examples/L/L.D35.mp3,Linfala/examples/L/L.D35.mp3,L.D35,L.D35.mp3
examples,1186,https://pub-78d23bf07fce46b3adc19df91148ffb8.r2.dev/Linfala/examples/L/L.D36.mp3,Linfala/examples/L/L.D36.mp3,L.D36,L.D36.mp3
examples,1187,https://pub-78d23bf07fce46b3adc19df91148ffb8.r2.dev/Linfala/examples/L/L.D37.mp3,Linfala/examples/L/L.D37.mp3,L.D37,L.D37.mp3
examples,1188,https://pub-78d23bf07fce46b3adc19df91148ffb8.r2.dev/Linfala/examples/L/L.D38.mp3,Linfala/examples/L/L.D38.mp3,L.D38,L.D38.mp3
examples,1189,https://pub-78d23bf07fce46b3adc19df91148ffb8.r2.dev/Linfala/examples/L/L.D39.mp3,Linfala/examples/L/L.D39.mp3,L.D39,L.D39.mp3
examples,1146,https://pub-78d23bf07fce46b3adc19df91148ffb8.r2.dev/Linfala/examples/L/L.D4.mp3,Linfala/examples/L/L.D4.mp3,L.D4,L.D4.mp3
examples,1190,https://pub-78d23bf07fce46b3adc19df91148ffb8.r2.dev/Linfala/examples/L/L.D40.mp3,Linfala/examples/L/L.D40.mp3,L.D40,L.D40.mp3
examples,1191,https://pub-78d23bf07fce46b3adc19df91148ffb8.r2.dev/Linfala/examples/L/L.D41.mp3,Linfala/examples/L/L.D41.mp3,L.D41,L.D41.mp3
examples,1192,https://pub-78d23bf07fce46b3adc19df91148ffb8.r2.dev/Linfala/examples/L/L.D42.mp3,Linfala/examples/L/L.D42.mp3,L.D42,L.D42.mp3
examples,1193,https://pub-78d23bf07fce46b3adc19df91148ffb8.r2.dev/Linfala/examples/L/L.D43.mp3,Linfala/examples/L/L.D43.mp3,L.D43,L.D43.mp3
examples,1194,https://pub-78d23bf07fce46b3adc19df91148ffb8.r2.dev/Linfala/examples/L/L.D44.mp3,Linfala/examples/L/L.D44.mp3,L.D44,L.D44.mp3
examples,1195,https://pub-78d23bf07fce46b3adc19df91148ffb8.r2.dev/Linfala/examples/L/L.D45.mp3,Linfala/examples/L/L.D45.mp3,L.D45,L.D45.mp3
examples,1196,https://pub-78d23bf07fce46b3adc19df91148ffb8.r2.dev/Linfala/examples/L/L.D46.mp3,Linfala/examples/L/L.D46.mp3,L.D46,L.D46.mp3
examples,1198,https://pub-78d23bf07fce46b3adc19df91148ffb8.r2.dev/Linfala/examples/L/L.D47.mp3,Linfala/examples/L/L.D47.mp3,L.D47,L.D47.mp3
examples,1199,https://pub-78d23bf07fce46b3adc19df91148ffb8.r2.dev/Linfala/examples/L/L.D48.mp3,Linfala/examples/L/L.D48.mp3,L.D48,L.D48.mp3
examples,1200,https://pub-78d23bf07fce46b3adc19df91148ffb8.r2.dev/Linfala/examples/L/L.D49.mp3,Linfala/examples/L/L.D49.mp3,L.D49,L.D49.mp3
examples,1148,https://pub-78d23bf07fce46b3adc19df91148ffb8.r2.dev/Linfala/examples/L/L.D5.mp3,Linfala/examples/L/L.D5.mp3,L.D5,L.D5.mp3
examples,1201,https://pub-78d23bf07fce46b3adc19df91148ffb8.r2.dev/Linfala/examples/L/L.D50.mp3,Linfala/examples/L/L.D50.mp3,L.D50,L.D50.mp3
examples,1202,https://pub-78d23bf07fce46b3adc19df91148ffb8.r2.dev/Linfala/examples/L/L.D51.mp3,Linfala/examples/L/L.D51.mp3,L.D51,L.D51.mp3
examples,1203,https://pub-78d23bf07fce46b3adc19df91148ffb8.r2.dev/Linfala/examples/L/L.D52.mp3,Linfala/examples/L/L.D52.mp3,L.D52,L.D52.mp3
examples,1204,https://pub-78d23bf07fce46b3adc19df91148ffb8.r2.dev/Linfala/examples/L/L.D53.mp3,Linfala/examples/L/L.D53.mp3,L.D53,L.D53.mp3
examples,1205,https://pub-78d23bf07fce46b3adc19df91148ffb8.r2.dev/Linfala/examples/L/L.D54.mp3,Linfala/examples/L/L.D54.mp3,L.D54,L.D54.mp3
examples,1206,https://pub-78d23bf07fce46b3adc19df91148ffb8.r2.dev/Linfala/examples/L/L.D55.mp3,Linfala/examples/L/L.D55.mp3,L.D55,L.D55.mp3
examples,1207,https://pub-78d23bf07fce46b3adc19df91148ffb8.r2.dev/Linfala/examples/L/L.D56.mp3,Linfala/examples/L/L.D56.mp3,L.D56,L.D56.mp3
examples,1208,https://pub-78d23bf07fce46b3adc19df91148ffb8.r2.dev/Linfala/examples/L/L.D57.mp3,Linfala/examples/L/L.D57.mp3,L.D57,L.D57.mp3
examples,1209,https://pub-78d23bf07fce46b3adc19df91148ffb8.r2.dev/Linfala/examples/L/L.D58.mp3,Linfala/examples/L/L.D58.mp3,L.D58,L.D58.mp3
examples,1210,https://pub-78d23bf07fce46b3adc19df91148ffb8.r2.dev/Linfala/examples/L/L.D59.mp3,Linfala/examples/L/L.D59.mp3,L.D59,L.D59.mp3
examples,1149,https://pub-78d23bf07fce46b3adc19df91148ffb8.r2.dev/Linfala/examples/L/L.D6.mp3,Linfala/examples/L/L.D6.mp3,L.D6,L.D6.mp3
examples,1211,https://pub-78d23bf07fce46b3adc19df91148ffb8.r2.dev/Linfala/examples/L/L.D60.mp3,Linfala/examples/L/L.D60.mp3,L.D60,L.D60.mp3
examples,1212,https://pub-78d23bf07fce46b3adc19df91148ffb8.r2.dev/Linfala/examples/L/L.D61.mp3,Linfala/examples/L/L.D61.mp3,L.D61,L.D61.mp3
examples,1213,https://pub-78d23bf07fce46b3adc19df91148ffb8.r2.dev/Linfala/examples/L/L.D62.mp3,Linfala/examples/L/L.D62.mp3,L.D62,L.D62.mp3
examples,1214,https://pub-78d23bf07fce46b3adc19df91148ffb8.r2.dev/Linfala/examples/L/L.D63.mp3,Linfala/examples/L/L.D63.mp3,L.D63,L.D63.mp3
examples,1215,https://pub-78d23bf07fce46b3adc19df91148ffb8.r2.dev/Linfala/examples/L/L.D64.mp3,Linfala/examples/L/L.D64.mp3,L.D64,L.D64.mp3
examples,1216,https://pub-78d23bf07fce46b3adc19df91148ffb8.r2.dev/Linfala/examples/L/L.D65.mp3,Linfala/examples/L/L.D65.mp3,L.D65,L.D65.mp3
examples,1217,https://pub-78d23bf07fce46b3adc19df91148ffb8.r2.dev/Linfala/examples/L/L.D66.mp3,Linfala/examples/L/L.D66.mp3,L.D66,L.D66.mp3
examples,1219,https://pub-78d23bf07fce46b3adc19df91148ffb8.r2.dev/Linfala/examples/L/L.D67.mp3,Linfala/examples/L/L.D67.mp3,L.D67,L.D67.mp3
examples,1220,https://pub-78d23bf07fce46b3adc19df91148ffb8.r2.dev/Linfala/examples/L/L.D68.mp3,Linfala/examples/L/L.D68.mp3,L.D68,L.D68.mp3
examples,1221,https://pub-78d23bf07fce46b3adc19df91148ffb8.r2.dev/Linfala/examples/L/L.D69.mp3,Linfala/examples/L/L.D69.mp3,L.D69,L.D69.mp3
examples,1150,https://pub-78d23bf07fce46b3adc19df91148ffb8.r2.dev/Linfala/examples/L/L.D7.mp3,Linfala/examples/L/L.D7.mp3,L.D7,L.D7.mp3
examples,1222,https://pub-78d23bf07fce46b3adc19df91148ffb8.r2.dev/Linfala/examples/L/L.D70.mp3,Linfala/examples/L/L.D70.mp3,L.D70,L.D70.mp3
examples,1224,https://pub-78d23bf07fce46b3adc19df91148ffb8.r2.dev/Linfala/examples/L/L.D71.mp3,Linfala/examples/L/L.D71.mp3,L.D71,L.D71.mp3
examples,1225,https://pub-78d23bf07fce46b3adc19df91148ffb8.r2.dev/Linfala/examples/L/L.D72.mp3,Linfala/examples/L/L.D72.mp3,L.D72,L.D72.mp3
examples,1226,https://pub-78d23bf07fce46b3adc19df91148ffb8.r2.dev/Linfala/examples/L/L.D73.mp3,Linfala/examples/L/L.D73.mp3,L.D73,L.D73.mp3
examples,1227,https://pub-78d23bf07fce46b3adc19df91148ffb8.r2.dev/Linfala/examples/L/L.D74.mp3,Linfala/examples/L/L.D74.mp3,L.D74,L.D74.mp3
examples,1228,https://pub-78d23bf07fce46b3adc19df91148ffb8.r2.dev/Linfala/examples/L/L.D75.mp3,Linfala/examples/L/L.D75.mp3,L.D75,L.D75.mp3
examples,1151,https://pub-78d23bf07fce46b3adc19df91148ffb8.r2.dev/Linfala/examples/L/L.D8.mp3,Linfala/examples/L/L.D8.mp3,L.D8,L.D8.mp3
examples,1152,https://pub-78d23bf07fce46b3adc19df91148ffb8.r2.dev/Linfala/examples/L/L.D9.mp3,Linfala/examples/L/L.D9.mp3,L.D9,L.D9.mp3
senses,1161,https://pub-78d23bf07fce46b3adc19df91148ffb8.r2.dev/Linfala/senses/L/L.F17.mp3,Linfala/senses/L/L.F17.mp3,L.F17,L.F17.mp3
senses,1169,https://pub-78d23bf07fce46b3adc19df91148ffb8.r2.dev/Linfala/senses/L/L.F24.mp3,Linfala/senses/L/L.F24.mp3,L.F24,L.F24.mp3
senses,1178,https://pub-78d23bf07fce46b3adc19df91148ffb8.r2.dev/Linfala/senses/L/L.F32.mp3,Linfala/senses/L/L.F32.mp3,L.F32,L.F32.mp3
senses,1182,https://pub-78d23bf07fce46b3adc19df91148ffb8.r2.dev/Linfala/senses/L/L.F34.mp3,Linfala/senses/L/L.F34.mp3,L.F34,L.F34.mp3
senses,1184,https://pub-78d23bf07fce46b3adc19df91148ffb8.r2.dev/Linfala/senses/L/L.F35.mp3,Linfala/senses/L/L.F35.mp3,L.F35,L.F35.mp3
senses,1147,https://pub-78d23bf07fce46b3adc19df91148ffb8.r2.dev/Linfala/senses/L/L.F4.mp3,Linfala/senses/L/L.F4.mp3,L.F4,L.F4.mp3
senses,1197,https://pub-78d23bf07fce46b3adc19df91148ffb8.r2.dev/Linfala/senses/L/L.F46.mp3,Linfala/senses/L/L.F46.mp3,L.F46,L.F46.mp3
senses,1218,https://pub-78d23bf07fce46b3adc19df91148ffb8.r2.dev/Linfala/senses/L/L.F66.mp3,Linfala/senses/L/L.F66.mp3,L.F66,L.F66.mp3
senses,1223,https://pub-78d23bf07fce46b3adc19df91148ffb8.r2.dev/Linfala/senses/L/L.F70.mp3,Linfala/senses/L/L.F70.mp3,L.F70,L.F70.mp3
examples,1161,https://pub-78d23bf07fce46b3adc19df91148ffb8.r2.dev/Linfala/examples/L/L.G17.mp3,Linfala/examples/L/L.G17.mp3,L.G17,L.G17.mp3
examples,1169,https://pub-78d23bf07fce46b3adc19df91148ffb8.r2.dev/Linfala/examples/L/L.G24.mp3,Linfala/examples/L/L.G24.mp3,L.G24,L.G24.mp3
examples,1178,https://pub-78d23bf07fce46b3adc19df91148ffb8.r2.dev/Linfala/examples/L/L.G32.mp3,Linfala/examples/L/L.G32.mp3,L.G32,L.G32.mp3
examples,1182,https://pub-78d23bf07fce46b3adc19df91148ffb8.r2.dev/Linfala/examples/L/L.G34.mp3,Linfala/examples/L/L.G34.mp3,L.G34,L.G34.mp3
examples,1184,https://pub-78d23bf07fce46b3adc19df91148ffb8.r2.dev/Linfala/examples/L/L.G35.mp3,Linfala/examples/L/L.G35.mp3,L.G35,L.G35.mp3
examples,1147,https://pub-78d23bf07fce46b3adc19df91148ffb8.r2.dev/Linfala/examples/L/L.G4.mp3,Linfala/examples/L/L.G4.mp3,L.G4,L.G4.mp3
examples,1197,https://pub-78d23bf07fce46b3adc19df91148ffb8.r2.dev/Linfala/examples/L/L.G46.mp3,Linfala/examples/L/L.G46.mp3,L.G46,L.G46.mp3
examples,1218,https://pub-78d23bf07fce46b3adc19df91148ffb8.r2.dev/Linfala/examples/L/L.G66.mp3,Linfala/examples/L/L.G66.mp3,L.G66,L.G66.mp3
examples,1223,https://pub-78d23bf07fce46b3adc19df91148ffb8.r2.dev/Linfala/examples/L/L.G70.mp3,Linfala/examples/L/L.G70.mp3,L.G70,L.G70.mp3
senses,1179,https://pub-78d23bf07fce46b3adc19df91148ffb8.r2.dev/Linfala/senses/L/L.I32.mp3,Linfala/senses/L/L.I32.mp3,L.I32,L.I32.mp3
senses,1185,https://pub-78d23bf07fce46b3adc19df91148ffb8.r2.dev/Linfala/senses/L/L.I35.mp3,Linfala/senses/L/L.I35.mp3,L.I35,L.I35.mp3
examples,1179,https://pub-78d23bf07fce46b3adc19df91148ffb8.r2.dev/Linfala/examples/L/L.J32.mp3,Linfala/examples/L/L.J32.mp3,L.J32,L.J32.mp3
examples,1185,https://pub-78d23bf07fce46b3adc19df91148ffb8.r2.dev/Linfala/examples/L/L.J35.mp3,Linfala/examples/L/L.J35.mp3,L.J35,L.J35.mp3
senses,1236,https://pub-78d23bf07fce46b3adc19df91148ffb8.r2.dev/Linfala/senses/M/M.C10.mp3,Linfala/senses/M/M.C10.mp3,M.C10,M.C10.mp3
senses,1346,https://pub-78d23bf07fce46b3adc19df91148ffb8.r2.dev/Linfala/senses/M/M.C100.mp3,Linfala/senses/M/M.C100.mp3,M.C100,M.C100.mp3
senses,1347,https://pub-78d23bf07fce46b3adc19df91148ffb8.r2.dev/Linfala/senses/M/M.C101.mp3,Linfala/senses/M/M.C101.mp3,M.C101,M.C101.mp3
senses,1348,https://pub-78d23bf07fce46b3adc19df91148ffb8.r2.dev/Linfala/senses/M/M.C102.mp3,Linfala/senses/M/M.C102.mp3,M.C102,M.C102.mp3
senses,1349,https://pub-78d23bf07fce46b3adc19df91148ffb8.r2.dev/Linfala/senses/M/M.C103.mp3,Linfala/senses/M/M.C103.mp3,M.C103,M.C103.mp3
senses,1350,https://pub-78d23bf07fce46b3adc19df91148ffb8.r2.dev/Linfala/senses/M/M.C104.mp3,Linfala/senses/M/M.C104.mp3,M.C104,M.C104.mp3
senses,1352,https://pub-78d23bf07fce46b3adc19df91148ffb8.r2.dev/Linfala/senses/M/M.C105.mp3,Linfala/senses/M/M.C105.mp3,M.C105,M.C105.mp3
senses,1353,https://pub-78d23bf07fce46b3adc19df91148ffb8.r2.dev/Linfala/senses/M/M.C106.mp3,Linfala/senses/M/M.C106.mp3,M.C106,M.C106.mp3
senses,1354,https://pub-78d23bf07fce46b3adc19df91148ffb8.r2.dev/Linfala/senses/M/M.C107.mp3,Linfala/senses/M/M.C107.mp3,M.C107,M.C107.mp3
senses,1355,https://pub-78d23bf07fce46b3adc19df91148ffb8.r2.dev/Linfala/senses/M/M.C108.mp3,Linfala/senses/M/M.C108.mp3,M.C108,M.C108.mp3
senses,1356,https://pub-78d23bf07fce46b3adc19df91148ffb8.r2.dev/Linfala/senses/M/M.C109.mp3,Linfala/senses/M/M.C109.mp3,M.C109,M.C109.mp3
senses,1237,https://pub-78d23bf07fce46b3adc19df91148ffb8.r2.dev/Linfala/senses/M/M.C11.mp3,Linfala/senses/M/M.C11.mp3,M.C11,M.C11.mp3
senses,1357,https://pub-78d23bf07fce46b3adc19df91148ffb8.r2.dev/Linfala/senses/M/M.C110.mp3,Linfala/senses/M/M.C110.mp3,M.C110,M.C110.mp3
senses,1358,https://pub-78d23bf07fce46b3adc19df91148ffb8.r2.dev/Linfala/senses/M/M.C111.mp3,Linfala/senses/M/M.C111.mp3,M.C111,M.C111.mp3
senses,1359,https://pub-78d23bf07fce46b3adc19df91148ffb8.r2.dev/Linfala/senses/M/M.C112.mp3,Linfala/senses/M/M.C112.mp3,M.C112,M.C112.mp3
senses,1360,https://pub-78d23bf07fce46b3adc19df91148ffb8.r2.dev/Linfala/senses/M/M.C113.mp3,Linfala/senses/M/M.C113.mp3,M.C113,M.C113.mp3
senses,1361,https://pub-78d23bf07fce46b3adc19df91148ffb8.r2.dev/Linfala/senses/M/M.C114.mp3,Linfala/senses/M/M.C114.mp3,M.C114,M.C114.mp3
senses,1362,https://pub-78d23bf07fce46b3adc19df91148ffb8.r2.dev/Linfala/senses/M/M.C115.mp3,Linfala/senses/M/M.C115.mp3,M.C115,M.C115.mp3
senses,1363,https://pub-78d23bf07fce46b3adc19df91148ffb8.r2.dev/Linfala/senses/M/M.C116.mp3,Linfala/senses/M/M.C116.mp3,M.C116,M.C116.mp3
senses,1364,https://pub-78d23bf07fce46b3adc19df91148ffb8.r2.dev/Linfala/senses/M/M.C117.mp3,Linfala/senses/M/M.C117.mp3,M.C117,M.C117.mp3
senses,1365,https://pub-78d23bf07fce46b3adc19df91148ffb8.r2.dev/Linfala/senses/M/M.C118.mp3,Linfala/senses/M/M.C118.mp3,M.C118,M.C118.mp3
senses,1366,https://pub-78d23bf07fce46b3adc19df91148ffb8.r2.dev/Linfala/senses/M/M.C119.mp3,Linfala/senses/M/M.C119.mp3,M.C119,M.C119.mp3
senses,1238,https://pub-78d23bf07fce46b3adc19df91148ffb8.r2.dev/Linfala/senses/M/M.C12.mp3,Linfala/senses/M/M.C12.mp3,M.C12,M.C12.mp3
senses,1367,https://pub-78d23bf07fce46b3adc19df91148ffb8.r2.dev/Linfala/senses/M/M.C120.mp3,Linfala/senses/M/M.C120.mp3,M.C120,M.C120.mp3
senses,1368,https://pub-78d23bf07fce46b3adc19df91148ffb8.r2.dev/Linfala/senses/M/M.C121.mp3,Linfala/senses/M/M.C121.mp3,M.C121,M.C121.mp3
senses,1369,https://pub-78d23bf07fce46b3adc19df91148ffb8.r2.dev/Linfala/senses/M/M.C122.mp3,Linfala/senses/M/M.C122.mp3,M.C122,M.C122.mp3
senses,1370,https://pub-78d23bf07fce46b3adc19df91148ffb8.r2.dev/Linfala/senses/M/M.C123.mp3,Linfala/senses/M/M.C123.mp3,M.C123,M.C123.mp3
senses,1371,https://pub-78d23bf07fce46b3adc19df91148ffb8.r2.dev/Linfala/senses/M/M.C124.mp3,Linfala/senses/M/M.C124.mp3,M.C124,M.C124.mp3
senses,1372,https://pub-78d23bf07fce46b3adc19df91148ffb8.r2.dev/Linfala/senses/M/M.C125.mp3,Linfala/senses/M/M.C125.mp3,M.C125,M.C125.mp3
senses,1373,https://pub-78d23bf07fce46b3adc19df91148ffb8.r2.dev/Linfala/senses/M/M.C126.mp3,Linfala/senses/M/M.C126.mp3,M.C126,M.C126.mp3
senses,1375,https://pub-78d23bf07fce46b3adc19df91148ffb8.r2.dev/Linfala/senses/M/M.C127.mp3,Linfala/senses/M/M.C127.mp3,M.C127,M.C127.mp3
senses,1376,https://pub-78d23bf07fce46b3adc19df91148ffb8.r2.dev/Linfala/senses/M/M.C128.mp3,Linfala/senses/M/M.C128.mp3,M.C128,M.C128.mp3
senses,1377,https://pub-78d23bf07fce46b3adc19df91148ffb8.r2.dev/Linfala/senses/M/M.C129.mp3,Linfala/senses/M/M.C129.mp3,M.C129,M.C129.mp3
senses,1239,https://pub-78d23bf07fce46b3adc19df91148ffb8.r2.dev/Linfala/senses/M/M.C13.mp3,Linfala/senses/M/M.C13.mp3,M.C13,M.C13.mp3
senses,1379,https://pub-78d23bf07fce46b3adc19df91148ffb8.r2.dev/Linfala/senses/M/M.C130.mp3,Linfala/senses/M/M.C130.mp3,M.C130,M.C130.mp3
senses,1382,https://pub-78d23bf07fce46b3adc19df91148ffb8.r2.dev/Linfala/senses/M/M.C132.mp3,Linfala/senses/M/M.C132.mp3,M.C132,M.C132.mp3
senses,1383,https://pub-78d23bf07fce46b3adc19df91148ffb8.r2.dev/Linfala/senses/M/M.C133.mp3,Linfala/senses/M/M.C133.mp3,M.C133,M.C133.mp3
senses,1386,https://pub-78d23bf07fce46b3adc19df91148ffb8.r2.dev/Linfala/senses/M/M.C134.mp3,Linfala/senses/M/M.C134.mp3,M.C134,M.C134.mp3
senses,1388,https://pub-78d23bf07fce46b3adc19df91148ffb8.r2.dev/Linfala/senses/M/M.C136.mp3,Linfala/senses/M/M.C136.mp3,M.C136,M.C136.mp3
senses,1389,https://pub-78d23bf07fce46b3adc19df91148ffb8.r2.dev/Linfala/senses/M/M.C137.mp3,Linfala/senses/M/M.C137.mp3,M.C137,M.C137.mp3
senses,1390,https://pub-78d23bf07fce46b3adc19df91148ffb8.r2.dev/Linfala/senses/M/M.C138.mp3,Linfala/senses/M/M.C138.mp3,M.C138,M.C138.mp3
senses,1392,https://pub-78d23bf07fce46b3adc19df91148ffb8.r2.dev/Linfala/senses/M/M.C139.mp3,Linfala/senses/M/M.C139.mp3,M.C139,M.C139.mp3
senses,1240,https://pub-78d23bf07fce46b3adc19df91148ffb8.r2.dev/Linfala/senses/M/M.C14.mp3,Linfala/senses/M/M.C14.mp3,M.C14,M.C14.mp3
senses,1393,https://pub-78d23bf07fce46b3adc19df91148ffb8.r2.dev/Linfala/senses/M/M.C140.mp3,Linfala/senses/M/M.C140.mp3,M.C140,M.C140.mp3
senses,1395,https://pub-78d23bf07fce46b3adc19df91148ffb8.r2.dev/Linfala/senses/M/M.C142.mp3,Linfala/senses/M/M.C142.mp3,M.C142,M.C142.mp3
senses,1396,https://pub-78d23bf07fce46b3adc19df91148ffb8.r2.dev/Linfala/senses/M/M.C143.mp3,Linfala/senses/M/M.C143.mp3,M.C143,M.C143.mp3
senses,1397,https://pub-78d23bf07fce46b3adc19df91148ffb8.r2.dev/Linfala/senses/M/M.C144.mp3,Linfala/senses/M/M.C144.mp3,M.C144,M.C144.mp3
senses,1398,https://pub-78d23bf07fce46b3adc19df91148ffb8.r2.dev/Linfala/senses/M/M.C145.mp3,Linfala/senses/M/M.C145.mp3,M.C145,M.C145.mp3
senses,1399,https://pub-78d23bf07fce46b3adc19df91148ffb8.r2.dev/Linfala/senses/M/M.C146.mp3,Linfala/senses/M/M.C146.mp3,M.C146,M.C146.mp3
senses,1400,https://pub-78d23bf07fce46b3adc19df91148ffb8.r2.dev/Linfala/senses/M/M.C147.mp3,Linfala/senses/M/M.C147.mp3,M.C147,M.C147.mp3
senses,1401,https://pub-78d23bf07fce46b3adc19df91148ffb8.r2.dev/Linfala/senses/M/M.C148.mp3,Linfala/senses/M/M.C148.mp3,M.C148,M.C148.mp3
senses,1403,https://pub-78d23bf07fce46b3adc19df91148ffb8.r2.dev/Linfala/senses/M/M.C149.mp3,Linfala/senses/M/M.C149.mp3,M.C149,M.C149.mp3
senses,1241,https://pub-78d23bf07fce46b3adc19df91148ffb8.r2.dev/Linfala/senses/M/M.C15.mp3,Linfala/senses/M/M.C15.mp3,M.C15,M.C15.mp3
senses,1404,https://pub-78d23bf07fce46b3adc19df91148ffb8.r2.dev/Linfala/senses/M/M.C150.mp3,Linfala/senses/M/M.C150.mp3,M.C150,M.C150.mp3
senses,1405,https://pub-78d23bf07fce46b3adc19df91148ffb8.r2.dev/Linfala/senses/M/M.C151.mp3,Linfala/senses/M/M.C151.mp3,M.C151,M.C151.mp3
senses,1406,https://pub-78d23bf07fce46b3adc19df91148ffb8.r2.dev/Linfala/senses/M/M.C152.mp3,Linfala/senses/M/M.C152.mp3,M.C152,M.C152.mp3
senses,1407,https://pub-78d23bf07fce46b3adc19df91148ffb8.r2.dev/Linfala/senses/M/M.C153.mp3,Linfala/senses/M/M.C153.mp3,M.C153,M.C153.mp3
senses,1408,https://pub-78d23bf07fce46b3adc19df91148ffb8.r2.dev/Linfala/senses/M/M.C154.mp3,Linfala/senses/M/M.C154.mp3,M.C154,M.C154.mp3
senses,1409,https://pub-78d23bf07fce46b3adc19df91148ffb8.r2.dev/Linfala/senses/M/M.C155.mp3,Linfala/senses/M/M.C155.mp3,M.C155,M.C155.mp3
senses,1410,https://pub-78d23bf07fce46b3adc19df91148ffb8.r2.dev/Linfala/senses/M/M.C156.mp3,Linfala/senses/M/M.C156.mp3,M.C156,M.C156.mp3
senses,1411,https://pub-78d23bf07fce46b3adc19df91148ffb8.r2.dev/Linfala/senses/M/M.C157.mp3,Linfala/senses/M/M.C157.mp3,M.C157,M.C157.mp3
senses,1412,https://pub-78d23bf07fce46b3adc19df91148ffb8.r2.dev/Linfala/senses/M/M.C158.mp3,Linfala/senses/M/M.C158.mp3,M.C158,M.C158.mp3
senses,1413,https://pub-78d23bf07fce46b3adc19df91148ffb8.r2.dev/Linfala/senses/M/M.C159.mp3,Linfala/senses/M/M.C159.mp3,M.C159,M.C159.mp3
senses,1242,https://pub-78d23bf07fce46b3adc19df91148ffb8.r2.dev/Linfala/senses/M/M.C16.mp3,Linfala/senses/M/M.C16.mp3,M.C16,M.C16.mp3
senses,1414,https://pub-78d23bf07fce46b3adc19df91148ffb8.r2.dev/Linfala/senses/M/M.C160.mp3,Linfala/senses/M/M.C160.mp3,M.C160,M.C160.mp3
senses,1415,https://pub-78d23bf07fce46b3adc19df91148ffb8.r2.dev/Linfala/senses/M/M.C161.mp3,Linfala/senses/M/M.C161.mp3,M.C161,M.C161.mp3
senses,1416,https://pub-78d23bf07fce46b3adc19df91148ffb8.r2.dev/Linfala/senses/M/M.C162.mp3,Linfala/senses/M/M.C162.mp3,M.C162,M.C162.mp3
senses,1417,https://pub-78d23bf07fce46b3adc19df91148ffb8.r2.dev/Linfala/senses/M/M.C163.mp3,Linfala/senses/M/M.C163.mp3,M.C163,M.C163.mp3
senses,1418,https://pub-78d23bf07fce46b3adc19df91148ffb8.r2.dev/Linfala/senses/M/M.C164.mp3,Linfala/senses/M/M.C164.mp3,M.C164,M.C164.mp3
senses,1419,https://pub-78d23bf07fce46b3adc19df91148ffb8.r2.dev/Linfala/senses/M/M.C165.mp3,Linfala/senses/M/M.C165.mp3,M.C165,M.C165.mp3
senses,1420,https://pub-78d23bf07fce46b3adc19df91148ffb8.r2.dev/Linfala/senses/M/M.C166.mp3,Linfala/senses/M/M.C166.mp3,M.C166,M.C166.mp3
senses,1421,https://pub-78d23bf07fce46b3adc19df91148ffb8.r2.dev/Linfala/senses/M/M.C167.mp3,Linfala/senses/M/M.C167.mp3,M.C167,M.C167.mp3
senses,1422,https://pub-78d23bf07fce46b3adc19df91148ffb8.r2.dev/Linfala/senses/M/M.C168.mp3,Linfala/senses/M/M.C168.mp3,M.C168,M.C168.mp3
senses,1243,https://pub-78d23bf07fce46b3adc19df91148ffb8.r2.dev/Linfala/senses/M/M.C17.mp3,Linfala/senses/M/M.C17.mp3,M.C17,M.C17.mp3
senses,1244,https://pub-78d23bf07fce46b3adc19df91148ffb8.r2.dev/Linfala/senses/M/M.C18.mp3,Linfala/senses/M/M.C18.mp3,M.C18,M.C18.mp3
senses,1245,https://pub-78d23bf07fce46b3adc19df91148ffb8.r2.dev/Linfala/senses/M/M.C19.mp3,Linfala/senses/M/M.C19.mp3,M.C19,M.C19.mp3
senses,1246,https://pub-78d23bf07fce46b3adc19df91148ffb8.r2.dev/Linfala/senses/M/M.C20.mp3,Linfala/senses/M/M.C20.mp3,M.C20,M.C20.mp3
senses,1247,https://pub-78d23bf07fce46b3adc19df91148ffb8.r2.dev/Linfala/senses/M/M.C21.mp3,Linfala/senses/M/M.C21.mp3,M.C21,M.C21.mp3
senses,1248,https://pub-78d23bf07fce46b3adc19df91148ffb8.r2.dev/Linfala/senses/M/M.C22.mp3,Linfala/senses/M/M.C22.mp3,M.C22,M.C22.mp3
senses,1249,https://pub-78d23bf07fce46b3adc19df91148ffb8.r2.dev/Linfala/senses/M/M.C23.mp3,Linfala/senses/M/M.C23.mp3,M.C23,M.C23.mp3
senses,1250,https://pub-78d23bf07fce46b3adc19df91148ffb8.r2.dev/Linfala/senses/M/M.C24.mp3,Linfala/senses/M/M.C24.mp3,M.C24,M.C24.mp3
senses,1252,https://pub-78d23bf07fce46b3adc19df91148ffb8.r2.dev/Linfala/senses/M/M.C25.mp3,Linfala/senses/M/M.C25.mp3,M.C25,M.C25.mp3
senses,1253,https://pub-78d23bf07fce46b3adc19df91148ffb8.r2.dev/Linfala/senses/M/M.C26.mp3,Linfala/senses/M/M.C26.mp3,M.C26,M.C26.mp3
senses,1257,https://pub-78d23bf07fce46b3adc19df91148ffb8.r2.dev/Linfala/senses/M/M.C27.mp3,Linfala/senses/M/M.C27.mp3,M.C27,M.C27.mp3
senses,1258,https://pub-78d23bf07fce46b3adc19df91148ffb8.r2.dev/Linfala/senses/M/M.C28.mp3,Linfala/senses/M/M.C28.mp3,M.C28,M.C28.mp3
senses,1259,https://pub-78d23bf07fce46b3adc19df91148ffb8.r2.dev/Linfala/senses/M/M.C29.mp3,Linfala/senses/M/M.C29.mp3,M.C29,M.C29.mp3
senses,1229,https://pub-78d23bf07fce46b3adc19df91148ffb8.r2.dev/Linfala/senses/M/M.C3.mp3,Linfala/senses/M/M.C3.mp3,M.C3,M.C3.mp3
senses,1260,https://pub-78d23bf07fce46b3adc19df91148ffb8.r2.dev/Linfala/senses/M/M.C30.mp3,Linfala/senses/M/M.C30.mp3,M.C30,M.C30.mp3
senses,1261,https://pub-78d23bf07fce46b3adc19df91148ffb8.r2.dev/Linfala/senses/M/M.C31.mp3,Linfala/senses/M/M.C31.mp3,M.C31,M.C31.mp3
senses,1262,https://pub-78d23bf07fce46b3adc19df91148ffb8.r2.dev/Linfala/senses/M/M.C32.mp3,Linfala/senses/M/M.C32.mp3,M.C32,M.C32.mp3
senses,1263,https://pub-78d23bf07fce46b3adc19df91148ffb8.r2.dev/Linfala/senses/M/M.C33.mp3,Linfala/senses/M/M.C33.mp3,M.C33,M.C33.mp3
senses,1264,https://pub-78d23bf07fce46b3adc19df91148ffb8.r2.dev/Linfala/senses/M/M.C34.mp3,Linfala/senses/M/M.C34.mp3,M.C34,M.C34.mp3
senses,1266,https://pub-78d23bf07fce46b3adc19df91148ffb8.r2.dev/Linfala/senses/M/M.C35.mp3,Linfala/senses/M/M.C35.mp3,M.C35,M.C35.mp3
senses,1267,https://pub-78d23bf07fce46b3adc19df91148ffb8.r2.dev/Linfala/senses/M/M.C36.mp3,Linfala/senses/M/M.C36.mp3,M.C36,M.C36.mp3
senses,1268,https://pub-78d23bf07fce46b3adc19df91148ffb8.r2.dev/Linfala/senses/M/M.C37.mp3,Linfala/senses/M/M.C37.mp3,M.C37,M.C37.mp3
senses,1269,https://pub-78d23bf07fce46b3adc19df91148ffb8.r2.dev/Linfala/senses/M/M.C38.mp3,Linfala/senses/M/M.C38.mp3,M.C38,M.C38.mp3
senses,1270,https://pub-78d23bf07fce46b3adc19df91148ffb8.r2.dev/Linfala/senses/M/M.C39.mp3,Linfala/senses/M/M.C39.mp3,M.C39,M.C39.mp3
senses,1230,https://pub-78d23bf07fce46b3adc19df91148ffb8.r2.dev/Linfala/senses/M/M.C4.mp3,Linfala/senses/M/M.C4.mp3,M.C4,M.C4.mp3
senses,1271,https://pub-78d23bf07fce46b3adc19df91148ffb8.r2.dev/Linfala/senses/M/M.C40.mp3,Linfala/senses/M/M.C40.mp3,M.C40,M.C40.mp3
senses,1273,https://pub-78d23bf07fce46b3adc19df91148ffb8.r2.dev/Linfala/senses/M/M.C41.mp3,Linfala/senses/M/M.C41.mp3,M.C41,M.C41.mp3
senses,1274,https://pub-78d23bf07fce46b3adc19df91148ffb8.r2.dev/Linfala/senses/M/M.C42.mp3,Linfala/senses/M/M.C42.mp3,M.C42,M.C42.mp3
senses,1275,https://pub-78d23bf07fce46b3adc19df91148ffb8.r2.dev/Linfala/senses/M/M.C43.mp3,Linfala/senses/M/M.C43.mp3,M.C43,M.C43.mp3
senses,1277,https://pub-78d23bf07fce46b3adc19df91148ffb8.r2.dev/Linfala/senses/M/M.C44.mp3,Linfala/senses/M/M.C44.mp3,M.C44,M.C44.mp3
senses,1278,https://pub-78d23bf07fce46b3adc19df91148ffb8.r2.dev/Linfala/senses/M/M.C45.mp3,Linfala/senses/M/M.C45.mp3,M.C45,M.C45.mp3
senses,1279,https://pub-78d23bf07fce46b3adc19df91148ffb8.r2.dev/Linfala/senses/M/M.C46.mp3,Linfala/senses/M/M.C46.mp3,M.C46,M.C46.mp3
senses,1280,https://pub-78d23bf07fce46b3adc19df91148ffb8.r2.dev/Linfala/senses/M/M.C47.mp3,Linfala/senses/M/M.C47.mp3,M.C47,M.C47.mp3
senses,1283,https://pub-78d23bf07fce46b3adc19df91148ffb8.r2.dev/Linfala/senses/M/M.C48.mp3,Linfala/senses/M/M.C48.mp3,M.C48,M.C48.mp3
senses,1284,https://pub-78d23bf07fce46b3adc19df91148ffb8.r2.dev/Linfala/senses/M/M.C49.mp3,Linfala/senses/M/M.C49.mp3,M.C49,M.C49.mp3
senses,1231,https://pub-78d23bf07fce46b3adc19df91148ffb8.r2.dev/Linfala/senses/M/M.C5.mp3,Linfala/senses/M/M.C5.mp3,M.C5,M.C5.mp3
senses,1285,https://pub-78d23bf07fce46b3adc19df91148ffb8.r2.dev/Linfala/senses/M/M.C50.mp3,Linfala/senses/M/M.C50.mp3,M.C50,M.C50.mp3
senses,1286,https://pub-78d23bf07fce46b3adc19df91148ffb8.r2.dev/Linfala/senses/M/M.C51.mp3,Linfala/senses/M/M.C51.mp3,M.C51,M.C51.mp3
senses,1287,https://pub-78d23bf07fce46b3adc19df91148ffb8.r2.dev/Linfala/senses/M/M.C52.mp3,Linfala/senses/M/M.C52.mp3,M.C52,M.C52.mp3
senses,1288,https://pub-78d23bf07fce46b3adc19df91148ffb8.r2.dev/Linfala/senses/M/M.C53.mp3,Linfala/senses/M/M.C53.mp3,M.C53,M.C53.mp3
senses,1291,https://pub-78d23bf07fce46b3adc19df91148ffb8.r2.dev/Linfala/senses/M/M.C55.mp3,Linfala/senses/M/M.C55.mp3,M.C55,M.C55.mp3
senses,1292,https://pub-78d23bf07fce46b3adc19df91148ffb8.r2.dev/Linfala/senses/M/M.C56.mp3,Linfala/senses/M/M.C56.mp3,M.C56,M.C56.mp3
senses,1293,https://pub-78d23bf07fce46b3adc19df91148ffb8.r2.dev/Linfala/senses/M/M.C57.mp3,Linfala/senses/M/M.C57.mp3,M.C57,M.C57.mp3
senses,1294,https://pub-78d23bf07fce46b3adc19df91148ffb8.r2.dev/Linfala/senses/M/M.C58.mp3,Linfala/senses/M/M.C58.mp3,M.C58,M.C58.mp3
senses,1295,https://pub-78d23bf07fce46b3adc19df91148ffb8.r2.dev/Linfala/senses/M/M.C59.mp3,Linfala/senses/M/M.C59.mp3,M.C59,M.C59.mp3
senses,1232,https://pub-78d23bf07fce46b3adc19df91148ffb8.r2.dev/Linfala/senses/M/M.C6.mp3,Linfala/senses/M/M.C6.mp3,M.C6,M.C6.mp3
senses,1296,https://pub-78d23bf07fce46b3adc19df91148ffb8.r2.dev/Linfala/senses/M/M.C60.mp3,Linfala/senses/M/M.C60.mp3,M.C60,M.C60.mp3
senses,1297,https://pub-78d23bf07fce46b3adc19df91148ffb8.r2.dev/Linfala/senses/M/M.C61.mp3,Linfala/senses/M/M.C61.mp3,M.C61,M.C61.mp3
senses,1298,https://pub-78d23bf07fce46b3adc19df91148ffb8.r2.dev/Linfala/senses/M/M.C62.mp3,Linfala/senses/M/M.C62.mp3,M.C62,M.C62.mp3
senses,1299,https://pub-78d23bf07fce46b3adc19df91148ffb8.r2.dev/Linfala/senses/M/M.C63.mp3,Linfala/senses/M/M.C63.mp3,M.C63,M.C63.mp3
senses,1301,https://pub-78d23bf07fce46b3adc19df91148ffb8.r2.dev/Linfala/senses/M/M.C65.mp3,Linfala/senses/M/M.C65.mp3,M.C65,M.C65.mp3
senses,1302,https://pub-78d23bf07fce46b3adc19df91148ffb8.r2.dev/Linfala/senses/M/M.C66.mp3,Linfala/senses/M/M.C66.mp3,M.C66,M.C66.mp3
senses,1303,https://pub-78d23bf07fce46b3adc19df91148ffb8.r2.dev/Linfala/senses/M/M.C67.mp3,Linfala/senses/M/M.C67.mp3,M.C67,M.C67.mp3
senses,1305,https://pub-78d23bf07fce46b3adc19df91148ffb8.r2.dev/Linfala/senses/M/M.C68.mp3,Linfala/senses/M/M.C68.mp3,M.C68,M.C68.mp3
senses,1308,https://pub-78d23bf07fce46b3adc19df91148ffb8.r2.dev/Linfala/senses/M/M.C69.mp3,Linfala/senses/M/M.C69.mp3,M.C69,M.C69.mp3
senses,1233,https://pub-78d23bf07fce46b3adc19df91148ffb8.r2.dev/Linfala/senses/M/M.C7.mp3,Linfala/senses/M/M.C7.mp3,M.C7,M.C7.mp3
senses,1309,https://pub-78d23bf07fce46b3adc19df91148ffb8.r2.dev/Linfala/senses/M/M.C70.mp3,Linfala/senses/M/M.C70.mp3,M.C70,M.C70.mp3
senses,1310,https://pub-78d23bf07fce46b3adc19df91148ffb8.r2.dev/Linfala/senses/M/M.C71.mp3,Linfala/senses/M/M.C71.mp3,M.C71,M.C71.mp3
senses,1311,https://pub-78d23bf07fce46b3adc19df91148ffb8.r2.dev/Linfala/senses/M/M.C72.mp3,Linfala/senses/M/M.C72.mp3,M.C72,M.C72.mp3
senses,1312,https://pub-78d23bf07fce46b3adc19df91148ffb8.r2.dev/Linfala/senses/M/M.C73.mp3,Linfala/senses/M/M.C73.mp3,M.C73,M.C73.mp3
senses,1313,https://pub-78d23bf07fce46b3adc19df91148ffb8.r2.dev/Linfala/senses/M/M.C74.mp3,Linfala/senses/M/M.C74.mp3,M.C74,M.C74.mp3
senses,1314,https://pub-78d23bf07fce46b3adc19df91148ffb8.r2.dev/Linfala/senses/M/M.C75.mp3,Linfala/senses/M/M.C75.mp3,M.C75,M.C75.mp3
senses,1316,https://pub-78d23bf07fce46b3adc19df91148ffb8.r2.dev/Linfala/senses/M/M.C76.mp3,Linfala/senses/M/M.C76.mp3,M.C76,M.C76.mp3
senses,1317,https://pub-78d23bf07fce46b3adc19df91148ffb8.r2.dev/Linfala/senses/M/M.C77.mp3,Linfala/senses/M/M.C77.mp3,M.C77,M.C77.mp3
senses,1318,https://pub-78d23bf07fce46b3adc19df91148ffb8.r2.dev/Linfala/senses/M/M.C78.mp3,Linfala/senses/M/M.C78.mp3,M.C78,M.C78.mp3
senses,1319,https://pub-78d23bf07fce46b3adc19df91148ffb8.r2.dev/Linfala/senses/M/M.C79.mp3,Linfala/senses/M/M.C79.mp3,M.C79,M.C79.mp3
senses,1234,https://pub-78d23bf07fce46b3adc19df91148ffb8.r2.dev/Linfala/senses/M/M.C8.mp3,Linfala/senses/M/M.C8.mp3,M.C8,M.C8.mp3
senses,1320,https://pub-78d23bf07fce46b3adc19df91148ffb8.r2.dev/Linfala/senses/M/M.C80.mp3,Linfala/senses/M/M.C80.mp3,M.C80,M.C80.mp3
senses,1322,https://pub-78d23bf07fce46b3adc19df91148ffb8.r2.dev/Linfala/senses/M/M.C81.mp3,Linfala/senses/M/M.C81.mp3,M.C81,M.C81.mp3
senses,1323,https://pub-78d23bf07fce46b3adc19df91148ffb8.r2.dev/Linfala/senses/M/M.C82.mp3,Linfala/senses/M/M.C82.mp3,M.C82,M.C82.mp3
senses,1326,https://pub-78d23bf07fce46b3adc19df91148ffb8.r2.dev/Linfala/senses/M/M.C83.mp3,Linfala/senses/M/M.C83.mp3,M.C83,M.C83.mp3
senses,1327,https://pub-78d23bf07fce46b3adc19df91148ffb8.r2.dev/Linfala/senses/M/M.C84.mp3,Linfala/senses/M/M.C84.mp3,M.C84,M.C84.mp3
senses,1328,https://pub-78d23bf07fce46b3adc19df91148ffb8.r2.dev/Linfala/senses/M/M.C85.mp3,Linfala/senses/M/M.C85.mp3,M.C85,M.C85.mp3
senses,1329,https://pub-78d23bf07fce46b3adc19df91148ffb8.r2.dev/Linfala/senses/M/M.C86.mp3,Linfala/senses/M/M.C86.mp3,M.C86,M.C86.mp3
senses,1330,https://pub-78d23bf07fce46b3adc19df91148ffb8.r2.dev/Linfala/senses/M/M.C87.mp3,Linfala/senses/M/M.C87.mp3,M.C87,M.C87.mp3
senses,1332,https://pub-78d23bf07fce46b3adc19df91148ffb8.r2.dev/Linfala/senses/M/M.C88.mp3,Linfala/senses/M/M.C88.mp3,M.C88,M.C88.mp3
senses,1333,https://pub-78d23bf07fce46b3adc19df91148ffb8.r2.dev/Linfala/senses/M/M.C89.mp3,Linfala/senses/M/M.C89.mp3,M.C89,M.C89.mp3
senses,1235,https://pub-78d23bf07fce46b3adc19df91148ffb8.r2.dev/Linfala/senses/M/M.C9.mp3,Linfala/senses/M/M.C9.mp3,M.C9,M.C9.mp3
senses,1334,https://pub-78d23bf07fce46b3adc19df91148ffb8.r2.dev/Linfala/senses/M/M.C90.mp3,Linfala/senses/M/M.C90.mp3,M.C90,M.C90.mp3
senses,1335,https://pub-78d23bf07fce46b3adc19df91148ffb8.r2.dev/Linfala/senses/M/M.C91.mp3,Linfala/senses/M/M.C91.mp3,M.C91,M.C91.mp3
senses,1336,https://pub-78d23bf07fce46b3adc19df91148ffb8.r2.dev/Linfala/senses/M/M.C92.mp3,Linfala/senses/M/M.C92.mp3,M.C92,M.C92.mp3
senses,1337,https://pub-78d23bf07fce46b3adc19df91148ffb8.r2.dev/Linfala/senses/M/M.C93.mp3,Linfala/senses/M/M.C93.mp3,M.C93,M.C93.mp3
senses,1340,https://pub-78d23bf07fce46b3adc19df91148ffb8.r2.dev/Linfala/senses/M/M.C94.mp3,Linfala/senses/M/M.C94.mp3,M.C94,M.C94.mp3
senses,1341,https://pub-78d23bf07fce46b3adc19df91148ffb8.r2.dev/Linfala/senses/M/M.C95.mp3,Linfala/senses/M/M.C95.mp3,M.C95,M.C95.mp3
senses,1342,https://pub-78d23bf07fce46b3adc19df91148ffb8.r2.dev/Linfala/senses/M/M.C96.mp3,Linfala/senses/M/M.C96.mp3,M.C96,M.C96.mp3
senses,1343,https://pub-78d23bf07fce46b3adc19df91148ffb8.r2.dev/Linfala/senses/M/M.C97.mp3,Linfala/senses/M/M.C97.mp3,M.C97,M.C97.mp3
senses,1344,https://pub-78d23bf07fce46b3adc19df91148ffb8.r2.dev/Linfala/senses/M/M.C98.mp3,Linfala/senses/M/M.C98.mp3,M.C98,M.C98.mp3
senses,1345,https://pub-78d23bf07fce46b3adc19df91148ffb8.r2.dev/Linfala/senses/M/M.C99.mp3,Linfala/senses/M/M.C99.mp3,M.C99,M.C99.mp3
examples,1236,https://pub-78d23bf07fce46b3adc19df91148ffb8.r2.dev/Linfala/examples/M/M.D10.mp3,Linfala/examples/M/M.D10.mp3,M.D10,M.D10.mp3
examples,1346,https://pub-78d23bf07fce46b3adc19df91148ffb8.r2.dev/Linfala/examples/M/M.D100.mp3,Linfala/examples/M/M.D100.mp3,M.D100,M.D100.mp3
examples,1347,https://pub-78d23bf07fce46b3adc19df91148ffb8.r2.dev/Linfala/examples/M/M.D101.mp3,Linfala/examples/M/M.D101.mp3,M.D101,M.D101.mp3
examples,1348,https://pub-78d23bf07fce46b3adc19df91148ffb8.r2.dev/Linfala/examples/M/M.D102.mp3,Linfala/examples/M/M.D102.mp3,M.D102,M.D102.mp3
examples,1349,https://pub-78d23bf07fce46b3adc19df91148ffb8.r2.dev/Linfala/examples/M/M.D103.mp3,Linfala/examples/M/M.D103.mp3,M.D103,M.D103.mp3
examples,1350,https://pub-78d23bf07fce46b3adc19df91148ffb8.r2.dev/Linfala/examples/M/M.D104.mp3,Linfala/examples/M/M.D104.mp3,M.D104,M.D104.mp3
examples,1352,https://pub-78d23bf07fce46b3adc19df91148ffb8.r2.dev/Linfala/examples/M/M.D105.mp3,Linfala/examples/M/M.D105.mp3,M.D105,M.D105.mp3
examples,1353,https://pub-78d23bf07fce46b3adc19df91148ffb8.r2.dev/Linfala/examples/M/M.D106.mp3,Linfala/examples/M/M.D106.mp3,M.D106,M.D106.mp3
examples,1354,https://pub-78d23bf07fce46b3adc19df91148ffb8.r2.dev/Linfala/examples/M/M.D107.mp3,Linfala/examples/M/M.D107.mp3,M.D107,M.D107.mp3
examples,1355,https://pub-78d23bf07fce46b3adc19df91148ffb8.r2.dev/Linfala/examples/M/M.D108.mp3,Linfala/examples/M/M.D108.mp3,M.D108,M.D108.mp3
examples,1356,https://pub-78d23bf07fce46b3adc19df91148ffb8.r2.dev/Linfala/examples/M/M.D109.mp3,Linfala/examples/M/M.D109.mp3,M.D109,M.D109.mp3
examples,1237,https://pub-78d23bf07fce46b3adc19df91148ffb8.r2.dev/Linfala/examples/M/M.D11.mp3,Linfala/examples/M/M.D11.mp3,M.D11,M.D11.mp3
examples,1357,https://pub-78d23bf07fce46b3adc19df91148ffb8.r2.dev/Linfala/examples/M/M.D110.mp3,Linfala/examples/M/M.D110.mp3,M.D110,M.D110.mp3
examples,1358,https://pub-78d23bf07fce46b3adc19df91148ffb8.r2.dev/Linfala/examples/M/M.D111.mp3,Linfala/examples/M/M.D111.mp3,M.D111,M.D111.mp3
examples,1359,https://pub-78d23bf07fce46b3adc19df91148ffb8.r2.dev/Linfala/examples/M/M.D112.mp3,Linfala/examples/M/M.D112.mp3,M.D112,M.D112.mp3
examples,1360,https://pub-78d23bf07fce46b3adc19df91148ffb8.r2.dev/Linfala/examples/M/M.D113.mp3,Linfala/examples/M/M.D113.mp3,M.D113,M.D113.mp3
examples,1361,https://pub-78d23bf07fce46b3adc19df91148ffb8.r2.dev/Linfala/examples/M/M.D114.mp3,Linfala/examples/M/M.D114.mp3,M.D114,M.D114.mp3
examples,1362,https://pub-78d23bf07fce46b3adc19df91148ffb8.r2.dev/Linfala/examples/M/M.D115.mp3,Linfala/examples/M/M.D115.mp3,M.D115,M.D115.mp3
examples,1363,https://pub-78d23bf07fce46b3adc19df91148ffb8.r2.dev/Linfala/examples/M/M.D116.mp3,Linfala/examples/M/M.D116.mp3,M.D116,M.D116.mp3
examples,1364,https://pub-78d23bf07fce46b3adc19df91148ffb8.r2.dev/Linfala/examples/M/M.D117.mp3,Linfala/examples/M/M.D117.mp3,M.D117,M.D117.mp3
examples,1365,https://pub-78d23bf07fce46b3adc19df91148ffb8.r2.dev/Linfala/examples/M/M.D118.mp3,Linfala/examples/M/M.D118.mp3,M.D118,M.D118.mp3
examples,1366,https://pub-78d23bf07fce46b3adc19df91148ffb8.r2.dev/Linfala/examples/M/M.D119.mp3,Linfala/examples/M/M.D119.mp3,M.D119,M.D119.mp3
examples,1238,https://pub-78d23bf07fce46b3adc19df91148ffb8.r2.dev/Linfala/examples/M/M.D12.mp3,Linfala/examples/M/M.D12.mp3,M.D12,M.D12.mp3
examples,1367,https://pub-78d23bf07fce46b3adc19df91148ffb8.r2.dev/Linfala/examples/M/M.D120.mp3,Linfala/examples/M/M.D120.mp3,M.D120,M.D120.mp3
examples,1368,https://pub-78d23bf07fce46b3adc19df91148ffb8.r2.dev/Linfala/examples/M/M.D121.mp3,Linfala/examples/M/M.D121.mp3,M.D121,M.D121.mp3
examples,1369,https://pub-78d23bf07fce46b3adc19df91148ffb8.r2.dev/Linfala/examples/M/M.D122.mp3,Linfala/examples/M/M.D122.mp3,M.D122,M.D122.mp3
examples,1370,https://pub-78d23bf07fce46b3adc19df91148ffb8.r2.dev/Linfala/examples/M/M.D123.mp3,Linfala/examples/M/M.D123.mp3,M.D123,M.D123.mp3
examples,1371,https://pub-78d23bf07fce46b3adc19df91148ffb8.r2.dev/Linfala/examples/M/M.D124.mp3,Linfala/examples/M/M.D124.mp3,M.D124,M.D124.mp3
examples,1372,https://pub-78d23bf07fce46b3adc19df91148ffb8.r2.dev/Linfala/examples/M/M.D125.mp3,Linfala/examples/M/M.D125.mp3,M.D125,M.D125.mp3
examples,1373,https://pub-78d23bf07fce46b3adc19df91148ffb8.r2.dev/Linfala/examples/M/M.D126.mp3,Linfala/examples/M/M.D126.mp3,M.D126,M.D126.mp3
examples,1375,https://pub-78d23bf07fce46b3adc19df91148ffb8.r2.dev/Linfala/examples/M/M.D127.mp3,Linfala/examples/M/M.D127.mp3,M.D127,M.D127.mp3
examples,1376,https://pub-78d23bf07fce46b3adc19df91148ffb8.r2.dev/Linfala/examples/M/M.D128.mp3,Linfala/examples/M/M.D128.mp3,M.D128,M.D128.mp3
examples,1377,https://pub-78d23bf07fce46b3adc19df91148ffb8.r2.dev/Linfala/examples/M/M.D129.mp3,Linfala/examples/M/M.D129.mp3,M.D129,M.D129.mp3
examples,1239,https://pub-78d23bf07fce46b3adc19df91148ffb8.r2.dev/Linfala/examples/M/M.D13.mp3,Linfala/examples/M/M.D13.mp3,M.D13,M.D13.mp3
examples,1379,https://pub-78d23bf07fce46b3adc19df91148ffb8.r2.dev/Linfala/examples/M/M.D130.mp3,Linfala/examples/M/M.D130.mp3,M.D130,M.D130.mp3
examples,1382,https://pub-78d23bf07fce46b3adc19df91148ffb8.r2.dev/Linfala/examples/M/M.D132.mp3,Linfala/examples/M/M.D132.mp3,M.D132,M.D132.mp3
examples,1383,https://pub-78d23bf07fce46b3adc19df91148ffb8.r2.dev/Linfala/examples/M/M.D133.mp3,Linfala/examples/M/M.D133.mp3,M.D133,M.D133.mp3
examples,1386,https://pub-78d23bf07fce46b3adc19df91148ffb8.r2.dev/Linfala/examples/M/M.D134.mp3,Linfala/examples/M/M.D134.mp3,M.D134,M.D134.mp3
examples,1388,https://pub-78d23bf07fce46b3adc19df91148ffb8.r2.dev/Linfala/examples/M/M.D136.mp3,Linfala/examples/M/M.D136.mp3,M.D136,M.D136.mp3
examples,1389,https://pub-78d23bf07fce46b3adc19df91148ffb8.r2.dev/Linfala/examples/M/M.D137.mp3,Linfala/examples/M/M.D137.mp3,M.D137,M.D137.mp3
examples,1390,https://pub-78d23bf07fce46b3adc19df91148ffb8.r2.dev/Linfala/examples/M/M.D138.mp3,Linfala/examples/M/M.D138.mp3,M.D138,M.D138.mp3
examples,1392,https://pub-78d23bf07fce46b3adc19df91148ffb8.r2.dev/Linfala/examples/M/M.D139.mp3,Linfala/examples/M/M.D139.mp3,M.D139,M.D139.mp3
examples,1240,https://pub-78d23bf07fce46b3adc19df91148ffb8.r2.dev/Linfala/examples/M/M.D14.mp3,Linfala/examples/M/M.D14.mp3,M.D14,M.D14.mp3
examples,1393,https://pub-78d23bf07fce46b3adc19df91148ffb8.r2.dev/Linfala/examples/M/M.D140.mp3,Linfala/examples/M/M.D140.mp3,M.D140,M.D140.mp3
examples,1395,https://pub-78d23bf07fce46b3adc19df91148ffb8.r2.dev/Linfala/examples/M/M.D142.mp3,Linfala/examples/M/M.D142.mp3,M.D142,M.D142.mp3
examples,1396,https://pub-78d23bf07fce46b3adc19df91148ffb8.r2.dev/Linfala/examples/M/M.D143.mp3,Linfala/examples/M/M.D143.mp3,M.D143,M.D143.mp3
examples,1397,https://pub-78d23bf07fce46b3adc19df91148ffb8.r2.dev/Linfala/examples/M/M.D144.mp3,Linfala/examples/M/M.D144.mp3,M.D144,M.D144.mp3
examples,1398,https://pub-78d23bf07fce46b3adc19df91148ffb8.r2.dev/Linfala/examples/M/M.D145.mp3,Linfala/examples/M/M.D145.mp3,M.D145,M.D145.mp3
examples,1399,https://pub-78d23bf07fce46b3adc19df91148ffb8.r2.dev/Linfala/examples/M/M.D146.mp3,Linfala/examples/M/M.D146.mp3,M.D146,M.D146.mp3
examples,1400,https://pub-78d23bf07fce46b3adc19df91148ffb8.r2.dev/Linfala/examples/M/M.D147.mp3,Linfala/examples/M/M.D147.mp3,M.D147,M.D147.mp3
examples,1401,https://pub-78d23bf07fce46b3adc19df91148ffb8.r2.dev/Linfala/examples/M/M.D148.mp3,Linfala/examples/M/M.D148.mp3,M.D148,M.D148.mp3
examples,1403,https://pub-78d23bf07fce46b3adc19df91148ffb8.r2.dev/Linfala/examples/M/M.D149.mp3,Linfala/examples/M/M.D149.mp3,M.D149,M.D149.mp3
examples,1241,https://pub-78d23bf07fce46b3adc19df91148ffb8.r2.dev/Linfala/examples/M/M.D15.mp3,Linfala/examples/M/M.D15.mp3,M.D15,M.D15.mp3
examples,1404,https://pub-78d23bf07fce46b3adc19df91148ffb8.r2.dev/Linfala/examples/M/M.D150.mp3,Linfala/examples/M/M.D150.mp3,M.D150,M.D150.mp3
examples,1405,https://pub-78d23bf07fce46b3adc19df91148ffb8.r2.dev/Linfala/examples/M/M.D151.mp3,Linfala/examples/M/M.D151.mp3,M.D151,M.D151.mp3
examples,1406,https://pub-78d23bf07fce46b3adc19df91148ffb8.r2.dev/Linfala/examples/M/M.D152.mp3,Linfala/examples/M/M.D152.mp3,M.D152,M.D152.mp3
examples,1407,https://pub-78d23bf07fce46b3adc19df91148ffb8.r2.dev/Linfala/examples/M/M.D153.mp3,Linfala/examples/M/M.D153.mp3,M.D153,M.D153.mp3
examples,1408,https://pub-78d23bf07fce46b3adc19df91148ffb8.r2.dev/Linfala/examples/M/M.D154.mp3,Linfala/examples/M/M.D154.mp3,M.D154,M.D154.mp3
examples,1409,https://pub-78d23bf07fce46b3adc19df91148ffb8.r2.dev/Linfala/examples/M/M.D155.mp3,Linfala/examples/M/M.D155.mp3,M.D155,M.D155.mp3
examples,1410,https://pub-78d23bf07fce46b3adc19df91148ffb8.r2.dev/Linfala/examples/M/M.D156.mp3,Linfala/examples/M/M.D156.mp3,M.D156,M.D156.mp3
examples,1411,https://pub-78d23bf07fce46b3adc19df91148ffb8.r2.dev/Linfala/examples/M/M.D157.mp3,Linfala/examples/M/M.D157.mp3,M.D157,M.D157.mp3
examples,1412,https://pub-78d23bf07fce46b3adc19df91148ffb8.r2.dev/Linfala/examples/M/M.D158.mp3,Linfala/examples/M/M.D158.mp3,M.D158,M.D158.mp3
examples,1413,https://pub-78d23bf07fce46b3adc19df91148ffb8.r2.dev/Linfala/examples/M/M.D159.mp3,Linfala/examples/M/M.D159.mp3,M.D159,M.D159.mp3
examples,1242,https://pub-78d23bf07fce46b3adc19df91148ffb8.r2.dev/Linfala/examples/M/M.D16.mp3,Linfala/examples/M/M.D16.mp3,M.D16,M.D16.mp3
examples,1414,https://pub-78d23bf07fce46b3adc19df91148ffb8.r2.dev/Linfala/examples/M/M.D160.mp3,Linfala/examples/M/M.D160.mp3,M.D160,M.D160.mp3
examples,1415,https://pub-78d23bf07fce46b3adc19df91148ffb8.r2.dev/Linfala/examples/M/M.D161.mp3,Linfala/examples/M/M.D161.mp3,M.D161,M.D161.mp3
examples,1416,https://pub-78d23bf07fce46b3adc19df91148ffb8.r2.dev/Linfala/examples/M/M.D162.mp3,Linfala/examples/M/M.D162.mp3,M.D162,M.D162.mp3
examples,1417,https://pub-78d23bf07fce46b3adc19df91148ffb8.r2.dev/Linfala/examples/M/M.D163.mp3,Linfala/examples/M/M.D163.mp3,M.D163,M.D163.mp3
examples,1418,https://pub-78d23bf07fce46b3adc19df91148ffb8.r2.dev/Linfala/examples/M/M.D164.mp3,Linfala/examples/M/M.D164.mp3,M.D164,M.D164.mp3
examples,1419,https://pub-78d23bf07fce46b3adc19df91148ffb8.r2.dev/Linfala/examples/M/M.D165.mp3,Linfala/examples/M/M.D165.mp3,M.D165,M.D165.mp3
examples,1420,https://pub-78d23bf07fce46b3adc19df91148ffb8.r2.dev/Linfala/examples/M/M.D166.mp3,Linfala/examples/M/M.D166.mp3,M.D166,M.D166.mp3
examples,1421,https://pub-78d23bf07fce46b3adc19df91148ffb8.r2.dev/Linfala/examples/M/M.D167.mp3,Linfala/examples/M/M.D167.mp3,M.D167,M.D167.mp3
examples,1422,https://pub-78d23bf07fce46b3adc19df91148ffb8.r2.dev/Linfala/examples/M/M.D168.mp3,Linfala/examples/M/M.D168.mp3,M.D168,M.D168.mp3
examples,1243,https://pub-78d23bf07fce46b3adc19df91148ffb8.r2.dev/Linfala/examples/M/M.D17.mp3,Linfala/examples/M/M.D17.mp3,M.D17,M.D17.mp3
examples,1244,https://pub-78d23bf07fce46b3adc19df91148ffb8.r2.dev/Linfala/examples/M/M.D18.mp3,Linfala/examples/M/M.D18.mp3,M.D18,M.D18.mp3
examples,1245,https://pub-78d23bf07fce46b3adc19df91148ffb8.r2.dev/Linfala/examples/M/M.D19.mp3,Linfala/examples/M/M.D19.mp3,M.D19,M.D19.mp3
examples,1246,https://pub-78d23bf07fce46b3adc19df91148ffb8.r2.dev/Linfala/examples/M/M.D20.mp3,Linfala/examples/M/M.D20.mp3,M.D20,M.D20.mp3
examples,1247,https://pub-78d23bf07fce46b3adc19df91148ffb8.r2.dev/Linfala/examples/M/M.D21.mp3,Linfala/examples/M/M.D21.mp3,M.D21,M.D21.mp3
examples,1248,https://pub-78d23bf07fce46b3adc19df91148ffb8.r2.dev/Linfala/examples/M/M.D22.mp3,Linfala/examples/M/M.D22.mp3,M.D22,M.D22.mp3
examples,1249,https://pub-78d23bf07fce46b3adc19df91148ffb8.r2.dev/Linfala/examples/M/M.D23.mp3,Linfala/examples/M/M.D23.mp3,M.D23,M.D23.mp3
examples,1250,https://pub-78d23bf07fce46b3adc19df91148ffb8.r2.dev/Linfala/examples/M/M.D24.mp3,Linfala/examples/M/M.D24.mp3,M.D24,M.D24.mp3
examples,1252,https://pub-78d23bf07fce46b3adc19df91148ffb8.r2.dev/Linfala/examples/M/M.D25.mp3,Linfala/examples/M/M.D25.mp3,M.D25,M.D25.mp3
examples,1253,https://pub-78d23bf07fce46b3adc19df91148ffb8.r2.dev/Linfala/examples/M/M.D26.mp3,Linfala/examples/M/M.D26.mp3,M.D26,M.D26.mp3
examples,1257,https://pub-78d23bf07fce46b3adc19df91148ffb8.r2.dev/Linfala/examples/M/M.D27.mp3,Linfala/examples/M/M.D27.mp3,M.D27,M.D27.mp3
examples,1258,https://pub-78d23bf07fce46b3adc19df91148ffb8.r2.dev/Linfala/examples/M/M.D28.mp3,Linfala/examples/M/M.D28.mp3,M.D28,M.D28.mp3
examples,1259,https://pub-78d23bf07fce46b3adc19df91148ffb8.r2.dev/Linfala/examples/M/M.D29.mp3,Linfala/examples/M/M.D29.mp3,M.D29,M.D29.mp3
examples,1229,https://pub-78d23bf07fce46b3adc19df91148ffb8.r2.dev/Linfala/examples/M/M.D3.mp3,Linfala/examples/M/M.D3.mp3,M.D3,M.D3.mp3
examples,1260,https://pub-78d23bf07fce46b3adc19df91148ffb8.r2.dev/Linfala/examples/M/M.D30.mp3,Linfala/examples/M/M.D30.mp3,M.D30,M.D30.mp3
examples,1261,https://pub-78d23bf07fce46b3adc19df91148ffb8.r2.dev/Linfala/examples/M/M.D31.mp3,Linfala/examples/M/M.D31.mp3,M.D31,M.D31.mp3
examples,1262,https://pub-78d23bf07fce46b3adc19df91148ffb8.r2.dev/Linfala/examples/M/M.D32.mp3,Linfala/examples/M/M.D32.mp3,M.D32,M.D32.mp3
examples,1263,https://pub-78d23bf07fce46b3adc19df91148ffb8.r2.dev/Linfala/examples/M/M.D33.mp3,Linfala/examples/M/M.D33.mp3,M.D33,M.D33.mp3
examples,1264,https://pub-78d23bf07fce46b3adc19df91148ffb8.r2.dev/Linfala/examples/M/M.D34.mp3,Linfala/examples/M/M.D34.mp3,M.D34,M.D34.mp3
examples,1266,https://pub-78d23bf07fce46b3adc19df91148ffb8.r2.dev/Linfala/examples/M/M.D35.mp3,Linfala/examples/M/M.D35.mp3,M.D35,M.D35.mp3
examples,1267,https://pub-78d23bf07fce46b3adc19df91148ffb8.r2.dev/Linfala/examples/M/M.D36.mp3,Linfala/examples/M/M.D36.mp3,M.D36,M.D36.mp3
examples,1268,https://pub-78d23bf07fce46b3adc19df91148ffb8.r2.dev/Linfala/examples/M/M.D37.mp3,Linfala/examples/M/M.D37.mp3,M.D37,M.D37.mp3
examples,1269,https://pub-78d23bf07fce46b3adc19df91148ffb8.r2.dev/Linfala/examples/M/M.D38.mp3,Linfala/examples/M/M.D38.mp3,M.D38,M.D38.mp3
examples,1270,https://pub-78d23bf07fce46b3adc19df91148ffb8.r2.dev/Linfala/examples/M/M.D39.mp3,Linfala/examples/M/M.D39.mp3,M.D39,M.D39.mp3
examples,1230,https://pub-78d23bf07fce46b3adc19df91148ffb8.r2.dev/Linfala/examples/M/M.D4.mp3,Linfala/examples/M/M.D4.mp3,M.D4,M.D4.mp3
examples,1271,https://pub-78d23bf07fce46b3adc19df91148ffb8.r2.dev/Linfala/examples/M/M.D40.mp3,Linfala/examples/M/M.D40.mp3,M.D40,M.D40.mp3
examples,1273,https://pub-78d23bf07fce46b3adc19df91148ffb8.r2.dev/Linfala/examples/M/M.D41.mp3,Linfala/examples/M/M.D41.mp3,M.D41,M.D41.mp3
examples,1274,https://pub-78d23bf07fce46b3adc19df91148ffb8.r2.dev/Linfala/examples/M/M.D42.mp3,Linfala/examples/M/M.D42.mp3,M.D42,M.D42.mp3
examples,1275,https://pub-78d23bf07fce46b3adc19df91148ffb8.r2.dev/Linfala/examples/M/M.D43.mp3,Linfala/examples/M/M.D43.mp3,M.D43,M.D43.mp3
examples,1277,https://pub-78d23bf07fce46b3adc19df91148ffb8.r2.dev/Linfala/examples/M/M.D44.mp3,Linfala/examples/M/M.D44.mp3,M.D44,M.D44.mp3
examples,1278,https://pub-78d23bf07fce46b3adc19df91148ffb8.r2.dev/Linfala/examples/M/M.D45.mp3,Linfala/examples/M/M.D45.mp3,M.D45,M.D45.mp3
examples,1279,https://pub-78d23bf07fce46b3adc19df91148ffb8.r2.dev/Linfala/examples/M/M.D46.mp3,Linfala/examples/M/M.D46.mp3,M.D46,M.D46.mp3
examples,1280,https://pub-78d23bf07fce46b3adc19df91148ffb8.r2.dev/Linfala/examples/M/M.D47.mp3,Linfala/examples/M/M.D47.mp3,M.D47,M.D47.mp3
examples,1283,https://pub-78d23bf07fce46b3adc19df91148ffb8.r2.dev/Linfala/examples/M/M.D48.mp3,Linfala/examples/M/M.D48.mp3,M.D48,M.D48.mp3
examples,1284,https://pub-78d23bf07fce46b3adc19df91148ffb8.r2.dev/Linfala/examples/M/M.D49.mp3,Linfala/examples/M/M.D49.mp3,M.D49,M.D49.mp3
examples,1231,https://pub-78d23bf07fce46b3adc19df91148ffb8.r2.dev/Linfala/examples/M/M.D5.mp3,Linfala/examples/M/M.D5.mp3,M.D5,M.D5.mp3
examples,1285,https://pub-78d23bf07fce46b3adc19df91148ffb8.r2.dev/Linfala/examples/M/M.D50.mp3,Linfala/examples/M/M.D50.mp3,M.D50,M.D50.mp3
examples,1286,https://pub-78d23bf07fce46b3adc19df91148ffb8.r2.dev/Linfala/examples/M/M.D51.mp3,Linfala/examples/M/M.D51.mp3,M.D51,M.D51.mp3
examples,1287,https://pub-78d23bf07fce46b3adc19df91148ffb8.r2.dev/Linfala/examples/M/M.D52.mp3,Linfala/examples/M/M.D52.mp3,M.D52,M.D52.mp3
examples,1288,https://pub-78d23bf07fce46b3adc19df91148ffb8.r2.dev/Linfala/examples/M/M.D53.mp3,Linfala/examples/M/M.D53.mp3,M.D53,M.D53.mp3
examples,1291,https://pub-78d23bf07fce46b3adc19df91148ffb8.r2.dev/Linfala/examples/M/M.D55.mp3,Linfala/examples/M/M.D55.mp3,M.D55,M.D55.mp3
examples,1292,https://pub-78d23bf07fce46b3adc19df91148ffb8.r2.dev/Linfala/examples/M/M.D56.mp3,Linfala/examples/M/M.D56.mp3,M.D56,M.D56.mp3
examples,1293,https://pub-78d23bf07fce46b3adc19df91148ffb8.r2.dev/Linfala/examples/M/M.D57.mp3,Linfala/examples/M/M.D57.mp3,M.D57,M.D57.mp3
examples,1294,https://pub-78d23bf07fce46b3adc19df91148ffb8.r2.dev/Linfala/examples/M/M.D58.mp3,Linfala/examples/M/M.D58.mp3,M.D58,M.D58.mp3
examples,1295,https://pub-78d23bf07fce46b3adc19df91148ffb8.r2.dev/Linfala/examples/M/M.D59.mp3,Linfala/examples/M/M.D59.mp3,M.D59,M.D59.mp3
examples,1232,https://pub-78d23bf07fce46b3adc19df91148ffb8.r2.dev/Linfala/examples/M/M.D6.mp3,Linfala/examples/M/M.D6.mp3,M.D6,M.D6.mp3
examples,1296,https://pub-78d23bf07fce46b3adc19df91148ffb8.r2.dev/Linfala/examples/M/M.D60.mp3,Linfala/examples/M/M.D60.mp3,M.D60,M.D60.mp3
examples,1297,https://pub-78d23bf07fce46b3adc19df91148ffb8.r2.dev/Linfala/examples/M/M.D61.mp3,Linfala/examples/M/M.D61.mp3,M.D61,M.D61.mp3
examples,1298,https://pub-78d23bf07fce46b3adc19df91148ffb8.r2.dev/Linfala/examples/M/M.D62.mp3,Linfala/examples/M/M.D62.mp3,M.D62,M.D62.mp3
examples,1299,https://pub-78d23bf07fce46b3adc19df91148ffb8.r2.dev/Linfala/examples/M/M.D63.mp3,Linfala/examples/M/M.D63.mp3,M.D63,M.D63.mp3
examples,1301,https://pub-78d23bf07fce46b3adc19df91148ffb8.r2.dev/Linfala/examples/M/M.D65.mp3,Linfala/examples/M/M.D65.mp3,M.D65,M.D65.mp3
examples,1302,https://pub-78d23bf07fce46b3adc19df91148ffb8.r2.dev/Linfala/examples/M/M.D66.mp3,Linfala/examples/M/M.D66.mp3,M.D66,M.D66.mp3
examples,1303,https://pub-78d23bf07fce46b3adc19df91148ffb8.r2.dev/Linfala/examples/M/M.D67.mp3,Linfala/examples/M/M.D67.mp3,M.D67,M.D67.mp3
examples,1305,https://pub-78d23bf07fce46b3adc19df91148ffb8.r2.dev/Linfala/examples/M/M.D68.mp3,Linfala/examples/M/M.D68.mp3,M.D68,M.D68.mp3
examples,1308,https://pub-78d23bf07fce46b3adc19df91148ffb8.r2.dev/Linfala/examples/M/M.D69.mp3,Linfala/examples/M/M.D69.mp3,M.D69,M.D69.mp3
examples,1233,https://pub-78d23bf07fce46b3adc19df91148ffb8.r2.dev/Linfala/examples/M/M.D7.mp3,Linfala/examples/M/M.D7.mp3,M.D7,M.D7.mp3
examples,1309,https://pub-78d23bf07fce46b3adc19df91148ffb8.r2.dev/Linfala/examples/M/M.D70.mp3,Linfala/examples/M/M.D70.mp3,M.D70,M.D70.mp3
examples,1310,https://pub-78d23bf07fce46b3adc19df91148ffb8.r2.dev/Linfala/examples/M/M.D71.mp3,Linfala/examples/M/M.D71.mp3,M.D71,M.D71.mp3
examples,1311,https://pub-78d23bf07fce46b3adc19df91148ffb8.r2.dev/Linfala/examples/M/M.D72.mp3,Linfala/examples/M/M.D72.mp3,M.D72,M.D72.mp3
examples,1312,https://pub-78d23bf07fce46b3adc19df91148ffb8.r2.dev/Linfala/examples/M/M.D73.mp3,Linfala/examples/M/M.D73.mp3,M.D73,M.D73.mp3
examples,1313,https://pub-78d23bf07fce46b3adc19df91148ffb8.r2.dev/Linfala/examples/M/M.D74.mp3,Linfala/examples/M/M.D74.mp3,M.D74,M.D74.mp3
examples,1314,https://pub-78d23bf07fce46b3adc19df91148ffb8.r2.dev/Linfala/examples/M/M.D75.mp3,Linfala/examples/M/M.D75.mp3,M.D75,M.D75.mp3
examples,1316,https://pub-78d23bf07fce46b3adc19df91148ffb8.r2.dev/Linfala/examples/M/M.D76.mp3,Linfala/examples/M/M.D76.mp3,M.D76,M.D76.mp3
examples,1317,https://pub-78d23bf07fce46b3adc19df91148ffb8.r2.dev/Linfala/examples/M/M.D77.mp3,Linfala/examples/M/M.D77.mp3,M.D77,M.D77.mp3
examples,1318,https://pub-78d23bf07fce46b3adc19df91148ffb8.r2.dev/Linfala/examples/M/M.D78.mp3,Linfala/examples/M/M.D78.mp3,M.D78,M.D78.mp3
examples,1319,https://pub-78d23bf07fce46b3adc19df91148ffb8.r2.dev/Linfala/examples/M/M.D79.mp3,Linfala/examples/M/M.D79.mp3,M.D79,M.D79.mp3
examples,1234,https://pub-78d23bf07fce46b3adc19df91148ffb8.r2.dev/Linfala/examples/M/M.D8.mp3,Linfala/examples/M/M.D8.mp3,M.D8,M.D8.mp3
examples,1320,https://pub-78d23bf07fce46b3adc19df91148ffb8.r2.dev/Linfala/examples/M/M.D80.mp3,Linfala/examples/M/M.D80.mp3,M.D80,M.D80.mp3
examples,1322,https://pub-78d23bf07fce46b3adc19df91148ffb8.r2.dev/Linfala/examples/M/M.D81.mp3,Linfala/examples/M/M.D81.mp3,M.D81,M.D81.mp3
examples,1323,https://pub-78d23bf07fce46b3adc19df91148ffb8.r2.dev/Linfala/examples/M/M.D82.mp3,Linfala/examples/M/M.D82.mp3,M.D82,M.D82.mp3
examples,1326,https://pub-78d23bf07fce46b3adc19df91148ffb8.r2.dev/Linfala/examples/M/M.D83.mp3,Linfala/examples/M/M.D83.mp3,M.D83,M.D83.mp3
examples,1327,https://pub-78d23bf07fce46b3adc19df91148ffb8.r2.dev/Linfala/examples/M/M.D84.mp3,Linfala/examples/M/M.D84.mp3,M.D84,M.D84.mp3
examples,1328,https://pub-78d23bf07fce46b3adc19df91148ffb8.r2.dev/Linfala/examples/M/M.D85.mp3,Linfala/examples/M/M.D85.mp3,M.D85,M.D85.mp3
examples,1329,https://pub-78d23bf07fce46b3adc19df91148ffb8.r2.dev/Linfala/examples/M/M.D86.mp3,Linfala/examples/M/M.D86.mp3,M.D86,M.D86.mp3
examples,1330,https://pub-78d23bf07fce46b3adc19df91148ffb8.r2.dev/Linfala/examples/M/M.D87.mp3,Linfala/examples/M/M.D87.mp3,M.D87,M.D87.mp3
examples,1332,https://pub-78d23bf07fce46b3adc19df91148ffb8.r2.dev/Linfala/examples/M/M.D88.mp3,Linfala/examples/M/M.D88.mp3,M.D88,M.D88.mp3
examples,1333,https://pub-78d23bf07fce46b3adc19df91148ffb8.r2.dev/Linfala/examples/M/M.D89.mp3,Linfala/examples/M/M.D89.mp3,M.D89,M.D89.mp3
examples,1235,https://pub-78d23bf07fce46b3adc19df91148ffb8.r2.dev/Linfala/examples/M/M.D9.mp3,Linfala/examples/M/M.D9.mp3,M.D9,M.D9.mp3
examples,1334,https://pub-78d23bf07fce46b3adc19df91148ffb8.r2.dev/Linfala/examples/M/M.D90.mp3,Linfala/examples/M/M.D90.mp3,M.D90,M.D90.mp3
examples,1335,https://pub-78d23bf07fce46b3adc19df91148ffb8.r2.dev/Linfala/examples/M/M.D91.mp3,Linfala/examples/M/M.D91.mp3,M.D91,M.D91.mp3
examples,1336,https://pub-78d23bf07fce46b3adc19df91148ffb8.r2.dev/Linfala/examples/M/M.D92.mp3,Linfala/examples/M/M.D92.mp3,M.D92,M.D92.mp3
examples,1337,https://pub-78d23bf07fce46b3adc19df91148ffb8.r2.dev/Linfala/examples/M/M.D93.mp3,Linfala/examples/M/M.D93.mp3,M.D93,M.D93.mp3
examples,1340,https://pub-78d23bf07fce46b3adc19df91148ffb8.r2.dev/Linfala/examples/M/M.D94.mp3,Linfala/examples/M/M.D94.mp3,M.D94,M.D94.mp3
examples,1341,https://pub-78d23bf07fce46b3adc19df91148ffb8.r2.dev/Linfala/examples/M/M.D95.mp3,Linfala/examples/M/M.D95.mp3,M.D95,M.D95.mp3
examples,1342,https://pub-78d23bf07fce46b3adc19df91148ffb8.r2.dev/Linfala/examples/M/M.D96.mp3,Linfala/examples/M/M.D96.mp3,M.D96,M.D96.mp3
examples,1343,https://pub-78d23bf07fce46b3adc19df91148ffb8.r2.dev/Linfala/examples/M/M.D97.mp3,Linfala/examples/M/M.D97.mp3,M.D97,M.D97.mp3
examples,1344,https://pub-78d23bf07fce46b3adc19df91148ffb8.r2.dev/Linfala/examples/M/M.D98.mp3,Linfala/examples/M/M.D98.mp3,M.D98,M.D98.mp3
examples,1345,https://pub-78d23bf07fce46b3adc19df91148ffb8.r2.dev/Linfala/examples/M/M.D99.mp3,Linfala/examples/M/M.D99.mp3,M.D99,M.D99.mp3
senses,1351,https://pub-78d23bf07fce46b3adc19df91148ffb8.r2.dev/Linfala/senses/M/M.F104.mp3,Linfala/senses/M/M.F104.mp3,M.F104,M.F104.mp3
senses,1374,https://pub-78d23bf07fce46b3adc19df91148ffb8.r2.dev/Linfala/senses/M/M.F126.mp3,Linfala/senses/M/M.F126.mp3,M.F126,M.F126.mp3
senses,1378,https://pub-78d23bf07fce46b3adc19df91148ffb8.r2.dev/Linfala/senses/M/M.F129.mp3,Linfala/senses/M/M.F129.mp3,M.F129,M.F129.mp3
senses,1381,https://pub-78d23bf07fce46b3adc19df91148ffb8.r2.dev/Linfala/senses/M/M.F131.mp3,Linfala/senses/M/M.F131.mp3,M.F131,M.F131.mp3
senses,1384,https://pub-78d23bf07fce46b3adc19df91148ffb8.r2.dev/Linfala/senses/M/M.F133.mp3,Linfala/senses/M/M.F133.mp3,M.F133,M.F133.mp3
senses,1391,https://pub-78d23bf07fce46b3adc19df91148ffb8.r2.dev/Linfala/senses/M/M.F138.mp3,Linfala/senses/M/M.F138.mp3,M.F138,M.F138.mp3
senses,1402,https://pub-78d23bf07fce46b3adc19df91148ffb8.r2.dev/Linfala/senses/M/M.F148.mp3,Linfala/senses/M/M.F148.mp3,M.F148,M.F148.mp3
senses,1251,https://pub-78d23bf07fce46b3adc19df91148ffb8.r2.dev/Linfala/senses/M/M.F24.mp3,Linfala/senses/M/M.F24.mp3,M.F24,M.F24.mp3
senses,1254,https://pub-78d23bf07fce46b3adc19df91148ffb8.r2.dev/Linfala/senses/M/M.F26.mp3,Linfala/senses/M/M.F26.mp3,M.F26,M.F26.mp3
senses,1265,https://pub-78d23bf07fce46b3adc19df91148ffb8.r2.dev/Linfala/senses/M/M.F34.mp3,Linfala/senses/M/M.F34.mp3,M.F34,M.F34.mp3
senses,1272,https://pub-78d23bf07fce46b3adc19df91148ffb8.r2.dev/Linfala/senses/M/M.F40.mp3,Linfala/senses/M/M.F40.mp3,M.F40,M.F40.mp3
senses,1276,https://pub-78d23bf07fce46b3adc19df91148ffb8.r2.dev/Linfala/senses/M/M.F43.mp3,Linfala/senses/M/M.F43.mp3,M.F43,M.F43.mp3
senses,1281,https://pub-78d23bf07fce46b3adc19df91148ffb8.r2.dev/Linfala/senses/M/M.F47.mp3,Linfala/senses/M/M.F47.mp3,M.F47,M.F47.mp3
senses,1289,https://pub-78d23bf07fce46b3adc19df91148ffb8.r2.dev/Linfala/senses/M/M.F53.mp3,Linfala/senses/M/M.F53.mp3,M.F53,M.F53.mp3
senses,1304,https://pub-78d23bf07fce46b3adc19df91148ffb8.r2.dev/Linfala/senses/M/M.F67.mp3,Linfala/senses/M/M.F67.mp3,M.F67,M.F67.mp3
senses,1306,https://pub-78d23bf07fce46b3adc19df91148ffb8.r2.dev/Linfala/senses/M/M.F68.mp3,Linfala/senses/M/M.F68.mp3,M.F68,M.F68.mp3
senses,1315,https://pub-78d23bf07fce46b3adc19df91148ffb8.r2.dev/Linfala/senses/M/M.F75.mp3,Linfala/senses/M/M.F75.mp3,M.F75,M.F75.mp3
senses,1321,https://pub-78d23bf07fce46b3adc19df91148ffb8.r2.dev/Linfala/senses/M/M.F80.mp3,Linfala/senses/M/M.F80.mp3,M.F80,M.F80.mp3
senses,1324,https://pub-78d23bf07fce46b3adc19df91148ffb8.r2.dev/Linfala/senses/M/M.F82.mp3,Linfala/senses/M/M.F82.mp3,M.F82,M.F82.mp3
senses,1331,https://pub-78d23bf07fce46b3adc19df91148ffb8.r2.dev/Linfala/senses/M/M.F87.mp3,Linfala/senses/M/M.F87.mp3,M.F87,M.F87.mp3
senses,1338,https://pub-78d23bf07fce46b3adc19df91148ffb8.r2.dev/Linfala/senses/M/M.F93.mp3,Linfala/senses/M/M.F93.mp3,M.F93,M.F93.mp3
examples,1351,https://pub-78d23bf07fce46b3adc19df91148ffb8.r2.dev/Linfala/examples/M/M.G104.mp3,Linfala/examples/M/M.G104.mp3,M.G104,M.G104.mp3
examples,1374,https://pub-78d23bf07fce46b3adc19df91148ffb8.r2.dev/Linfala/examples/M/M.G126.mp3,Linfala/examples/M/M.G126.mp3,M.G126,M.G126.mp3
examples,1378,https://pub-78d23bf07fce46b3adc19df91148ffb8.r2.dev/Linfala/examples/M/M.G129.mp3,Linfala/examples/M/M.G129.mp3,M.G129,M.G129.mp3
examples,1381,https://pub-78d23bf07fce46b3adc19df91148ffb8.r2.dev/Linfala/examples/M/M.G131.mp3,Linfala/examples/M/M.G131.mp3,M.G131,M.G131.mp3
examples,1384,https://pub-78d23bf07fce46b3adc19df91148ffb8.r2.dev/Linfala/examples/M/M.G133.mp3,Linfala/examples/M/M.G133.mp3,M.G133,M.G133.mp3
examples,1391,https://pub-78d23bf07fce46b3adc19df91148ffb8.r2.dev/Linfala/examples/M/M.G138.mp3,Linfala/examples/M/M.G138.mp3,M.G138,M.G138.mp3
examples,1402,https://pub-78d23bf07fce46b3adc19df91148ffb8.r2.dev/Linfala/examples/M/M.G148.mp3,Linfala/examples/M/M.G148.mp3,M.G148,M.G148.mp3
examples,1251,https://pub-78d23bf07fce46b3adc19df91148ffb8.r2.dev/Linfala/examples/M/M.G24.mp3,Linfala/examples/M/M.G24.mp3,M.G24,M.G24.mp3
examples,1254,https://pub-78d23bf07fce46b3adc19df91148ffb8.r2.dev/Linfala/examples/M/M.G26.mp3,Linfala/examples/M/M.G26.mp3,M.G26,M.G26.mp3
examples,1265,https://pub-78d23bf07fce46b3adc19df91148ffb8.r2.dev/Linfala/examples/M/M.G34.mp3,Linfala/examples/M/M.G34.mp3,M.G34,M.G34.mp3
examples,1272,https://pub-78d23bf07fce46b3adc19df91148ffb8.r2.dev/Linfala/examples/M/M.G40.mp3,Linfala/examples/M/M.G40.mp3,M.G40,M.G40.mp3
examples,1276,https://pub-78d23bf07fce46b3adc19df91148ffb8.r2.dev/Linfala/examples/M/M.G43.mp3,Linfala/examples/M/M.G43.mp3,M.G43,M.G43.mp3
examples,1281,https://pub-78d23bf07fce46b3adc19df91148ffb8.r2.dev/Linfala/examples/M/M.G47.mp3,Linfala/examples/M/M.G47.mp3,M.G47,M.G47.mp3
examples,1289,https://pub-78d23bf07fce46b3adc19df91148ffb8.r2.dev/Linfala/examples/M/M.G53.mp3,Linfala/examples/M/M.G53.mp3,M.G53,M.G53.mp3
examples,1304,https://pub-78d23bf07fce46b3adc19df91148ffb8.r2.dev/Linfala/examples/M/M.G67.mp3,Linfala/examples/M/M.G67.mp3,M.G67,M.G67.mp3
examples,1306,https://pub-78d23bf07fce46b3adc19df91148ffb8.r2.dev/Linfala/examples/M/M.G68.mp3,Linfala/examples/M/M.G68.mp3,M.G68,M.G68.mp3
examples,1315,https://pub-78d23bf07fce46b3adc19df91148ffb8.r2.dev/Linfala/examples/M/M.G75.mp3,Linfala/examples/M/M.G75.mp3,M.G75,M.G75.mp3
examples,1321,https://pub-78d23bf07fce46b3adc19df91148ffb8.r2.dev/Linfala/examples/M/M.G80.mp3,Linfala/examples/M/M.G80.mp3,M.G80,M.G80.mp3
examples,1324,https://pub-78d23bf07fce46b3adc19df91148ffb8.r2.dev/Linfala/examples/M/M.G82.mp3,Linfala/examples/M/M.G82.mp3,M.G82,M.G82.mp3
examples,1331,https://pub-78d23bf07fce46b3adc19df91148ffb8.r2.dev/Linfala/examples/M/M.G87.mp3,Linfala/examples/M/M.G87.mp3,M.G87,M.G87.mp3
examples,1338,https://pub-78d23bf07fce46b3adc19df91148ffb8.r2.dev/Linfala/examples/M/M.G93.mp3,Linfala/examples/M/M.G93.mp3,M.G93,M.G93.mp3
senses,1385,https://pub-78d23bf07fce46b3adc19df91148ffb8.r2.dev/Linfala/senses/M/M.I133.mp3,Linfala/senses/M/M.I133.mp3,M.I133,M.I133.mp3
senses,1255,https://pub-78d23bf07fce46b3adc19df91148ffb8.r2.dev/Linfala/senses/M/M.I26.mp3,Linfala/senses/M/M.I26.mp3,M.I26,M.I26.mp3
senses,1282,https://pub-78d23bf07fce46b3adc19df91148ffb8.r2.dev/Linfala/senses/M/M.I47.mp3,Linfala/senses/M/M.I47.mp3,M.I47,M.I47.mp3
senses,1307,https://pub-78d23bf07fce46b3adc19df91148ffb8.r2.dev/Linfala/senses/M/M.I68.mp3,Linfala/senses/M/M.I68.mp3,M.I68,M.I68.mp3
senses,1325,https://pub-78d23bf07fce46b3adc19df91148ffb8.r2.dev/Linfala/senses/M/M.I82.mp3,Linfala/senses/M/M.I82.mp3,M.I82,M.I82.mp3
senses,1339,https://pub-78d23bf07fce46b3adc19df91148ffb8.r2.dev/Linfala/senses/M/M.I93.mp3,Linfala/senses/M/M.I93.mp3,M.I93,M.I93.mp3
examples,1385,https://pub-78d23bf07fce46b3adc19df91148ffb8.r2.dev/Linfala/examples/M/M.J133.mp3,Linfala/examples/M/M.J133.mp3,M.J133,M.J133.mp3
examples,1255,https://pub-78d23bf07fce46b3adc19df91148ffb8.r2.dev/Linfala/examples/M/M.J26.mp3,Linfala/examples/M/M.J26.mp3,M.J26,M.J26.mp3
examples,1282,https://pub-78d23bf07fce46b3adc19df91148ffb8.r2.dev/Linfala/examples/M/M.J47.mp3,Linfala/examples/M/M.J47.mp3,M.J47,M.J47.mp3
examples,1307,https://pub-78d23bf07fce46b3adc19df91148ffb8.r2.dev/Linfala/examples/M/M.J68.mp3,Linfala/examples/M/M.J68.mp3,M.J68,M.J68.mp3
examples,1325,https://pub-78d23bf07fce46b3adc19df91148ffb8.r2.dev/Linfala/examples/M/M.J82.mp3,Linfala/examples/M/M.J82.mp3,M.J82,M.J82.mp3
examples,1339,https://pub-78d23bf07fce46b3adc19df91148ffb8.r2.dev/Linfala/examples/M/M.J93.mp3,Linfala/examples/M/M.J93.mp3,M.J93,M.J93.mp3
senses,1256,https://pub-78d23bf07fce46b3adc19df91148ffb8.r2.dev/Linfala/senses/M/M.L26.mp3,Linfala/senses/M/M.L26.mp3,M.L26,M.L26.mp3
examples,1256,https://pub-78d23bf07fce46b3adc19df91148ffb8.r2.dev/Linfala/examples/M/M.M26.mp3,Linfala/examples/M/M.M26.mp3,M.M26,M.M26.mp3
senses,1430,https://pub-78d23bf07fce46b3adc19df91148ffb8.r2.dev/Linfala/senses/N/N.C10.mp3,Linfala/senses/N/N.C10.mp3,N.C10,N.C10.mp3
senses,1431,https://pub-78d23bf07fce46b3adc19df91148ffb8.r2.dev/Linfala/senses/N/N.C11.mp3,Linfala/senses/N/N.C11.mp3,N.C11,N.C11.mp3
senses,1432,https://pub-78d23bf07fce46b3adc19df91148ffb8.r2.dev/Linfala/senses/N/N.C12.mp3,Linfala/senses/N/N.C12.mp3,N.C12,N.C12.mp3
senses,1433,https://pub-78d23bf07fce46b3adc19df91148ffb8.r2.dev/Linfala/senses/N/N.C13.mp3,Linfala/senses/N/N.C13.mp3,N.C13,N.C13.mp3
senses,1434,https://pub-78d23bf07fce46b3adc19df91148ffb8.r2.dev/Linfala/senses/N/N.C14.mp3,Linfala/senses/N/N.C14.mp3,N.C14,N.C14.mp3
senses,1435,https://pub-78d23bf07fce46b3adc19df91148ffb8.r2.dev/Linfala/senses/N/N.C15.mp3,Linfala/senses/N/N.C15.mp3,N.C15,N.C15.mp3
senses,1436,https://pub-78d23bf07fce46b3adc19df91148ffb8.r2.dev/Linfala/senses/N/N.C16.mp3,Linfala/senses/N/N.C16.mp3,N.C16,N.C16.mp3
senses,1437,https://pub-78d23bf07fce46b3adc19df91148ffb8.r2.dev/Linfala/senses/N/N.C17.mp3,Linfala/senses/N/N.C17.mp3,N.C17,N.C17.mp3
senses,1438,https://pub-78d23bf07fce46b3adc19df91148ffb8.r2.dev/Linfala/senses/N/N.C18.mp3,Linfala/senses/N/N.C18.mp3,N.C18,N.C18.mp3
senses,1439,https://pub-78d23bf07fce46b3adc19df91148ffb8.r2.dev/Linfala/senses/N/N.C19.mp3,Linfala/senses/N/N.C19.mp3,N.C19,N.C19.mp3
senses,1440,https://pub-78d23bf07fce46b3adc19df91148ffb8.r2.dev/Linfala/senses/N/N.C20.mp3,Linfala/senses/N/N.C20.mp3,N.C20,N.C20.mp3
senses,1441,https://pub-78d23bf07fce46b3adc19df91148ffb8.r2.dev/Linfala/senses/N/N.C21.mp3,Linfala/senses/N/N.C21.mp3,N.C21,N.C21.mp3
senses,1443,https://pub-78d23bf07fce46b3adc19df91148ffb8.r2.dev/Linfala/senses/N/N.C22.mp3,Linfala/senses/N/N.C22.mp3,N.C22,N.C22.mp3
senses,1444,https://pub-78d23bf07fce46b3adc19df91148ffb8.r2.dev/Linfala/senses/N/N.C23.mp3,Linfala/senses/N/N.C23.mp3,N.C23,N.C23.mp3
senses,1445,https://pub-78d23bf07fce46b3adc19df91148ffb8.r2.dev/Linfala/senses/N/N.C24.mp3,Linfala/senses/N/N.C24.mp3,N.C24,N.C24.mp3
senses,1446,https://pub-78d23bf07fce46b3adc19df91148ffb8.r2.dev/Linfala/senses/N/N.C25.mp3,Linfala/senses/N/N.C25.mp3,N.C25,N.C25.mp3
senses,1447,https://pub-78d23bf07fce46b3adc19df91148ffb8.r2.dev/Linfala/senses/N/N.C26.mp3,Linfala/senses/N/N.C26.mp3,N.C26,N.C26.mp3
senses,1448,https://pub-78d23bf07fce46b3adc19df91148ffb8.r2.dev/Linfala/senses/N/N.C27.mp3,Linfala/senses/N/N.C27.mp3,N.C27,N.C27.mp3
senses,1449,https://pub-78d23bf07fce46b3adc19df91148ffb8.r2.dev/Linfala/senses/N/N.C28.mp3,Linfala/senses/N/N.C28.mp3,N.C28,N.C28.mp3
senses,1450,https://pub-78d23bf07fce46b3adc19df91148ffb8.r2.dev/Linfala/senses/N/N.C29.mp3,Linfala/senses/N/N.C29.mp3,N.C29,N.C29.mp3
senses,1423,https://pub-78d23bf07fce46b3adc19df91148ffb8.r2.dev/Linfala/senses/N/N.C3.mp3,Linfala/senses/N/N.C3.mp3,N.C3,N.C3.mp3
senses,1451,https://pub-78d23bf07fce46b3adc19df91148ffb8.r2.dev/Linfala/senses/N/N.C30.mp3,Linfala/senses/N/N.C30.mp3,N.C30,N.C30.mp3
senses,1452,https://pub-78d23bf07fce46b3adc19df91148ffb8.r2.dev/Linfala/senses/N/N.C31.mp3,Linfala/senses/N/N.C31.mp3,N.C31,N.C31.mp3
senses,1453,https://pub-78d23bf07fce46b3adc19df91148ffb8.r2.dev/Linfala/senses/N/N.C32.mp3,Linfala/senses/N/N.C32.mp3,N.C32,N.C32.mp3
senses,1455,https://pub-78d23bf07fce46b3adc19df91148ffb8.r2.dev/Linfala/senses/N/N.C33.mp3,Linfala/senses/N/N.C33.mp3,N.C33,N.C33.mp3
senses,1456,https://pub-78d23bf07fce46b3adc19df91148ffb8.r2.dev/Linfala/senses/N/N.C34.mp3,Linfala/senses/N/N.C34.mp3,N.C34,N.C34.mp3
senses,1457,https://pub-78d23bf07fce46b3adc19df91148ffb8.r2.dev/Linfala/senses/N/N.C35.mp3,Linfala/senses/N/N.C35.mp3,N.C35,N.C35.mp3
senses,1458,https://pub-78d23bf07fce46b3adc19df91148ffb8.r2.dev/Linfala/senses/N/N.C36.mp3,Linfala/senses/N/N.C36.mp3,N.C36,N.C36.mp3
senses,1459,https://pub-78d23bf07fce46b3adc19df91148ffb8.r2.dev/Linfala/senses/N/N.C37.mp3,Linfala/senses/N/N.C37.mp3,N.C37,N.C37.mp3
senses,1461,https://pub-78d23bf07fce46b3adc19df91148ffb8.r2.dev/Linfala/senses/N/N.C38.mp3,Linfala/senses/N/N.C38.mp3,N.C38,N.C38.mp3
senses,1462,https://pub-78d23bf07fce46b3adc19df91148ffb8.r2.dev/Linfala/senses/N/N.C39.mp3,Linfala/senses/N/N.C39.mp3,N.C39,N.C39.mp3
senses,1424,https://pub-78d23bf07fce46b3adc19df91148ffb8.r2.dev/Linfala/senses/N/N.C4.mp3,Linfala/senses/N/N.C4.mp3,N.C4,N.C4.mp3
senses,1463,https://pub-78d23bf07fce46b3adc19df91148ffb8.r2.dev/Linfala/senses/N/N.C40.mp3,Linfala/senses/N/N.C40.mp3,N.C40,N.C40.mp3
senses,1464,https://pub-78d23bf07fce46b3adc19df91148ffb8.r2.dev/Linfala/senses/N/N.C41.mp3,Linfala/senses/N/N.C41.mp3,N.C41,N.C41.mp3
senses,1465,https://pub-78d23bf07fce46b3adc19df91148ffb8.r2.dev/Linfala/senses/N/N.C42.mp3,Linfala/senses/N/N.C42.mp3,N.C42,N.C42.mp3
senses,1466,https://pub-78d23bf07fce46b3adc19df91148ffb8.r2.dev/Linfala/senses/N/N.C43.mp3,Linfala/senses/N/N.C43.mp3,N.C43,N.C43.mp3
senses,1467,https://pub-78d23bf07fce46b3adc19df91148ffb8.r2.dev/Linfala/senses/N/N.C44.mp3,Linfala/senses/N/N.C44.mp3,N.C44,N.C44.mp3
senses,1468,https://pub-78d23bf07fce46b3adc19df91148ffb8.r2.dev/Linfala/senses/N/N.C45.mp3,Linfala/senses/N/N.C45.mp3,N.C45,N.C45.mp3
senses,1469,https://pub-78d23bf07fce46b3adc19df91148ffb8.r2.dev/Linfala/senses/N/N.C46.mp3,Linfala/senses/N/N.C46.mp3,N.C46,N.C46.mp3
senses,1472,https://pub-78d23bf07fce46b3adc19df91148ffb8.r2.dev/Linfala/senses/N/N.C47.mp3,Linfala/senses/N/N.C47.mp3,N.C47,N.C47.mp3
senses,1473,https://pub-78d23bf07fce46b3adc19df91148ffb8.r2.dev/Linfala/senses/N/N.C48.mp3,Linfala/senses/N/N.C48.mp3,N.C48,N.C48.mp3
senses,1474,https://pub-78d23bf07fce46b3adc19df91148ffb8.r2.dev/Linfala/senses/N/N.C49.mp3,Linfala/senses/N/N.C49.mp3,N.C49,N.C49.mp3
senses,1425,https://pub-78d23bf07fce46b3adc19df91148ffb8.r2.dev/Linfala/senses/N/N.C5.mp3,Linfala/senses/N/N.C5.mp3,N.C5,N.C5.mp3
senses,1475,https://pub-78d23bf07fce46b3adc19df91148ffb8.r2.dev/Linfala/senses/N/N.C50.mp3,Linfala/senses/N/N.C50.mp3,N.C50,N.C50.mp3
senses,1476,https://pub-78d23bf07fce46b3adc19df91148ffb8.r2.dev/Linfala/senses/N/N.C51.mp3,Linfala/senses/N/N.C51.mp3,N.C51,N.C51.mp3
senses,1477,https://pub-78d23bf07fce46b3adc19df91148ffb8.r2.dev/Linfala/senses/N/N.C52.mp3,Linfala/senses/N/N.C52.mp3,N.C52,N.C52.mp3
senses,1478,https://pub-78d23bf07fce46b3adc19df91148ffb8.r2.dev/Linfala/senses/N/N.C53.mp3,Linfala/senses/N/N.C53.mp3,N.C53,N.C53.mp3
senses,1481,https://pub-78d23bf07fce46b3adc19df91148ffb8.r2.dev/Linfala/senses/N/N.C54.mp3,Linfala/senses/N/N.C54.mp3,N.C54,N.C54.mp3
senses,1482,https://pub-78d23bf07fce46b3adc19df91148ffb8.r2.dev/Linfala/senses/N/N.C55.mp3,Linfala/senses/N/N.C55.mp3,N.C55,N.C55.mp3
senses,1483,https://pub-78d23bf07fce46b3adc19df91148ffb8.r2.dev/Linfala/senses/N/N.C56.mp3,Linfala/senses/N/N.C56.mp3,N.C56,N.C56.mp3
senses,1426,https://pub-78d23bf07fce46b3adc19df91148ffb8.r2.dev/Linfala/senses/N/N.C6.mp3,Linfala/senses/N/N.C6.mp3,N.C6,N.C6.mp3
senses,1427,https://pub-78d23bf07fce46b3adc19df91148ffb8.r2.dev/Linfala/senses/N/N.C7.mp3,Linfala/senses/N/N.C7.mp3,N.C7,N.C7.mp3
senses,1428,https://pub-78d23bf07fce46b3adc19df91148ffb8.r2.dev/Linfala/senses/N/N.C8.mp3,Linfala/senses/N/N.C8.mp3,N.C8,N.C8.mp3
senses,1429,https://pub-78d23bf07fce46b3adc19df91148ffb8.r2.dev/Linfala/senses/N/N.C9.mp3,Linfala/senses/N/N.C9.mp3,N.C9,N.C9.mp3
examples,1430,https://pub-78d23bf07fce46b3adc19df91148ffb8.r2.dev/Linfala/examples/N/N.D10.mp3,Linfala/examples/N/N.D10.mp3,N.D10,N.D10.mp3
examples,1431,https://pub-78d23bf07fce46b3adc19df91148ffb8.r2.dev/Linfala/examples/N/N.D11.mp3,Linfala/examples/N/N.D11.mp3,N.D11,N.D11.mp3
examples,1432,https://pub-78d23bf07fce46b3adc19df91148ffb8.r2.dev/Linfala/examples/N/N.D12.mp3,Linfala/examples/N/N.D12.mp3,N.D12,N.D12.mp3
examples,1433,https://pub-78d23bf07fce46b3adc19df91148ffb8.r2.dev/Linfala/examples/N/N.D13.mp3,Linfala/examples/N/N.D13.mp3,N.D13,N.D13.mp3
examples,1434,https://pub-78d23bf07fce46b3adc19df91148ffb8.r2.dev/Linfala/examples/N/N.D14.mp3,Linfala/examples/N/N.D14.mp3,N.D14,N.D14.mp3
examples,1435,https://pub-78d23bf07fce46b3adc19df91148ffb8.r2.dev/Linfala/examples/N/N.D15.mp3,Linfala/examples/N/N.D15.mp3,N.D15,N.D15.mp3
examples,1436,https://pub-78d23bf07fce46b3adc19df91148ffb8.r2.dev/Linfala/examples/N/N.D16.mp3,Linfala/examples/N/N.D16.mp3,N.D16,N.D16.mp3
examples,1437,https://pub-78d23bf07fce46b3adc19df91148ffb8.r2.dev/Linfala/examples/N/N.D17.mp3,Linfala/examples/N/N.D17.mp3,N.D17,N.D17.mp3
examples,1438,https://pub-78d23bf07fce46b3adc19df91148ffb8.r2.dev/Linfala/examples/N/N.D18.mp3,Linfala/examples/N/N.D18.mp3,N.D18,N.D18.mp3
examples,1439,https://pub-78d23bf07fce46b3adc19df91148ffb8.r2.dev/Linfala/examples/N/N.D19.mp3,Linfala/examples/N/N.D19.mp3,N.D19,N.D19.mp3
examples,1440,https://pub-78d23bf07fce46b3adc19df91148ffb8.r2.dev/Linfala/examples/N/N.D20.mp3,Linfala/examples/N/N.D20.mp3,N.D20,N.D20.mp3
examples,1441,https://pub-78d23bf07fce46b3adc19df91148ffb8.r2.dev/Linfala/examples/N/N.D21.mp3,Linfala/examples/N/N.D21.mp3,N.D21,N.D21.mp3
examples,1443,https://pub-78d23bf07fce46b3adc19df91148ffb8.r2.dev/Linfala/examples/N/N.D22.mp3,Linfala/examples/N/N.D22.mp3,N.D22,N.D22.mp3
examples,1444,https://pub-78d23bf07fce46b3adc19df91148ffb8.r2.dev/Linfala/examples/N/N.D23.mp3,Linfala/examples/N/N.D23.mp3,N.D23,N.D23.mp3
examples,1445,https://pub-78d23bf07fce46b3adc19df91148ffb8.r2.dev/Linfala/examples/N/N.D24.mp3,Linfala/examples/N/N.D24.mp3,N.D24,N.D24.mp3
examples,1446,https://pub-78d23bf07fce46b3adc19df91148ffb8.r2.dev/Linfala/examples/N/N.D25.mp3,Linfala/examples/N/N.D25.mp3,N.D25,N.D25.mp3
examples,1447,https://pub-78d23bf07fce46b3adc19df91148ffb8.r2.dev/Linfala/examples/N/N.D26.mp3,Linfala/examples/N/N.D26.mp3,N.D26,N.D26.mp3
examples,1448,https://pub-78d23bf07fce46b3adc19df91148ffb8.r2.dev/Linfala/examples/N/N.D27.mp3,Linfala/examples/N/N.D27.mp3,N.D27,N.D27.mp3
examples,1449,https://pub-78d23bf07fce46b3adc19df91148ffb8.r2.dev/Linfala/examples/N/N.D28.mp3,Linfala/examples/N/N.D28.mp3,N.D28,N.D28.mp3
examples,1450,https://pub-78d23bf07fce46b3adc19df91148ffb8.r2.dev/Linfala/examples/N/N.D29.mp3,Linfala/examples/N/N.D29.mp3,N.D29,N.D29.mp3
examples,1423,https://pub-78d23bf07fce46b3adc19df91148ffb8.r2.dev/Linfala/examples/N/N.D3.mp3,Linfala/examples/N/N.D3.mp3,N.D3,N.D3.mp3
examples,1451,https://pub-78d23bf07fce46b3adc19df91148ffb8.r2.dev/Linfala/examples/N/N.D30.mp3,Linfala/examples/N/N.D30.mp3,N.D30,N.D30.mp3
examples,1452,https://pub-78d23bf07fce46b3adc19df91148ffb8.r2.dev/Linfala/examples/N/N.D31.mp3,Linfala/examples/N/N.D31.mp3,N.D31,N.D31.mp3
examples,1453,https://pub-78d23bf07fce46b3adc19df91148ffb8.r2.dev/Linfala/examples/N/N.D32.mp3,Linfala/examples/N/N.D32.mp3,N.D32,N.D32.mp3
examples,1455,https://pub-78d23bf07fce46b3adc19df91148ffb8.r2.dev/Linfala/examples/N/N.D33.mp3,Linfala/examples/N/N.D33.mp3,N.D33,N.D33.mp3
examples,1456,https://pub-78d23bf07fce46b3adc19df91148ffb8.r2.dev/Linfala/examples/N/N.D34.mp3,Linfala/examples/N/N.D34.mp3,N.D34,N.D34.mp3
examples,1457,https://pub-78d23bf07fce46b3adc19df91148ffb8.r2.dev/Linfala/examples/N/N.D35.mp3,Linfala/examples/N/N.D35.mp3,N.D35,N.D35.mp3
examples,1458,https://pub-78d23bf07fce46b3adc19df91148ffb8.r2.dev/Linfala/examples/N/N.D36.mp3,Linfala/examples/N/N.D36.mp3,N.D36,N.D36.mp3
examples,1459,https://pub-78d23bf07fce46b3adc19df91148ffb8.r2.dev/Linfala/examples/N/N.D37.mp3,Linfala/examples/N/N.D37.mp3,N.D37,N.D37.mp3
examples,1461,https://pub-78d23bf07fce46b3adc19df91148ffb8.r2.dev/Linfala/examples/N/N.D38.mp3,Linfala/examples/N/N.D38.mp3,N.D38,N.D38.mp3
examples,1462,https://pub-78d23bf07fce46b3adc19df91148ffb8.r2.dev/Linfala/examples/N/N.D39.mp3,Linfala/examples/N/N.D39.mp3,N.D39,N.D39.mp3
examples,1424,https://pub-78d23bf07fce46b3adc19df91148ffb8.r2.dev/Linfala/examples/N/N.D4.mp3,Linfala/examples/N/N.D4.mp3,N.D4,N.D4.mp3
examples,1463,https://pub-78d23bf07fce46b3adc19df91148ffb8.r2.dev/Linfala/examples/N/N.D40.mp3,Linfala/examples/N/N.D40.mp3,N.D40,N.D40.mp3
examples,1464,https://pub-78d23bf07fce46b3adc19df91148ffb8.r2.dev/Linfala/examples/N/N.D41.mp3,Linfala/examples/N/N.D41.mp3,N.D41,N.D41.mp3
examples,1465,https://pub-78d23bf07fce46b3adc19df91148ffb8.r2.dev/Linfala/examples/N/N.D42.mp3,Linfala/examples/N/N.D42.mp3,N.D42,N.D42.mp3
examples,1466,https://pub-78d23bf07fce46b3adc19df91148ffb8.r2.dev/Linfala/examples/N/N.D43.mp3,Linfala/examples/N/N.D43.mp3,N.D43,N.D43.mp3
examples,1467,https://pub-78d23bf07fce46b3adc19df91148ffb8.r2.dev/Linfala/examples/N/N.D44.mp3,Linfala/examples/N/N.D44.mp3,N.D44,N.D44.mp3
examples,1468,https://pub-78d23bf07fce46b3adc19df91148ffb8.r2.dev/Linfala/examples/N/N.D45.mp3,Linfala/examples/N/N.D45.mp3,N.D45,N.D45.mp3
examples,1469,https://pub-78d23bf07fce46b3adc19df91148ffb8.r2.dev/Linfala/examples/N/N.D46.mp3,Linfala/examples/N/N.D46.mp3,N.D46,N.D46.mp3
examples,1472,https://pub-78d23bf07fce46b3adc19df91148ffb8.r2.dev/Linfala/examples/N/N.D47.mp3,Linfala/examples/N/N.D47.mp3,N.D47,N.D47.mp3
examples,1473,https://pub-78d23bf07fce46b3adc19df91148ffb8.r2.dev/Linfala/examples/N/N.D48.mp3,Linfala/examples/N/N.D48.mp3,N.D48,N.D48.mp3
examples,1474,https://pub-78d23bf07fce46b3adc19df91148ffb8.r2.dev/Linfala/examples/N/N.D49.mp3,Linfala/examples/N/N.D49.mp3,N.D49,N.D49.mp3
examples,1425,https://pub-78d23bf07fce46b3adc19df91148ffb8.r2.dev/Linfala/examples/N/N.D5.mp3,Linfala/examples/N/N.D5.mp3,N.D5,N.D5.mp3
examples,1475,https://pub-78d23bf07fce46b3adc19df91148ffb8.r2.dev/Linfala/examples/N/N.D50.mp3,Linfala/examples/N/N.D50.mp3,N.D50,N.D50.mp3
examples,1476,https://pub-78d23bf07fce46b3adc19df91148ffb8.r2.dev/Linfala/examples/N/N.D51.mp3,Linfala/examples/N/N.D51.mp3,N.D51,N.D51.mp3
examples,1477,https://pub-78d23bf07fce46b3adc19df91148ffb8.r2.dev/Linfala/examples/N/N.D52.mp3,Linfala/examples/N/N.D52.mp3,N.D52,N.D52.mp3
examples,1478,https://pub-78d23bf07fce46b3adc19df91148ffb8.r2.dev/Linfala/examples/N/N.D53.mp3,Linfala/examples/N/N.D53.mp3,N.D53,N.D53.mp3
examples,1481,https://pub-78d23bf07fce46b3adc19df91148ffb8.r2.dev/Linfala/examples/N/N.D54.mp3,Linfala/examples/N/N.D54.mp3,N.D54,N.D54.mp3
examples,1482,https://pub-78d23bf07fce46b3adc19df91148ffb8.r2.dev/Linfala/examples/N/N.D55.mp3,Linfala/examples/N/N.D55.mp3,N.D55,N.D55.mp3
examples,1483,https://pub-78d23bf07fce46b3adc19df91148ffb8.r2.dev/Linfala/examples/N/N.D56.mp3,Linfala/examples/N/N.D56.mp3,N.D56,N.D56.mp3
examples,1426,https://pub-78d23bf07fce46b3adc19df91148ffb8.r2.dev/Linfala/examples/N/N.D6.mp3,Linfala/examples/N/N.D6.mp3,N.D6,N.D6.mp3
examples,1427,https://pub-78d23bf07fce46b3adc19df91148ffb8.r2.dev/Linfala/examples/N/N.D7.mp3,Linfala/examples/N/N.D7.mp3,N.D7,N.D7.mp3
examples,1428,https://pub-78d23bf07fce46b3adc19df91148ffb8.r2.dev/Linfala/examples/N/N.D8.mp3,Linfala/examples/N/N.D8.mp3,N.D8,N.D8.mp3
examples,1429,https://pub-78d23bf07fce46b3adc19df91148ffb8.r2.dev/Linfala/examples/N/N.D9.mp3,Linfala/examples/N/N.D9.mp3,N.D9,N.D9.mp3
senses,1442,https://pub-78d23bf07fce46b3adc19df91148ffb8.r2.dev/Linfala/senses/N/N.F21.mp3,Linfala/senses/N/N.F21.mp3,N.F21,N.F21.mp3
senses,1454,https://pub-78d23bf07fce46b3adc19df91148ffb8.r2.dev/Linfala/senses/N/N.F32.mp3,Linfala/senses/N/N.F32.mp3,N.F32,N.F32.mp3
senses,1460,https://pub-78d23bf07fce46b3adc19df91148ffb8.r2.dev/Linfala/senses/N/N.F37.mp3,Linfala/senses/N/N.F37.mp3,N.F37,N.F37.mp3
senses,1470,https://pub-78d23bf07fce46b3adc19df91148ffb8.r2.dev/Linfala/senses/N/N.F46.mp3,Linfala/senses/N/N.F46.mp3,N.F46,N.F46.mp3
senses,1479,https://pub-78d23bf07fce46b3adc19df91148ffb8.r2.dev/Linfala/senses/N/N.F53.mp3,Linfala/senses/N/N.F53.mp3,N.F53,N.F53.mp3
examples,1442,https://pub-78d23bf07fce46b3adc19df91148ffb8.r2.dev/Linfala/examples/N/N.G21.mp3,Linfala/examples/N/N.G21.mp3,N.G21,N.G21.mp3
examples,1454,https://pub-78d23bf07fce46b3adc19df91148ffb8.r2.dev/Linfala/examples/N/N.G32.mp3,Linfala/examples/N/N.G32.mp3,N.G32,N.G32.mp3
examples,1470,https://pub-78d23bf07fce46b3adc19df91148ffb8.r2.dev/Linfala/examples/N/N.G46.mp3,Linfala/examples/N/N.G46.mp3,N.G46,N.G46.mp3
examples,1479,https://pub-78d23bf07fce46b3adc19df91148ffb8.r2.dev/Linfala/examples/N/N.G53.mp3,Linfala/examples/N/N.G53.mp3,N.G53,N.G53.mp3
senses,1471,https://pub-78d23bf07fce46b3adc19df91148ffb8.r2.dev/Linfala/senses/N/N.I46.mp3,Linfala/senses/N/N.I46.mp3,N.I46,N.I46.mp3
senses,1480,https://pub-78d23bf07fce46b3adc19df91148ffb8.r2.dev/Linfala/senses/N/N.I53.mp3,Linfala/senses/N/N.I53.mp3,N.I53,N.I53.mp3
examples,1471,https://pub-78d23bf07fce46b3adc19df91148ffb8.r2.dev/Linfala/examples/N/N.J46.mp3,Linfala/examples/N/N.J46.mp3,N.J46,N.J46.mp3
examples,1480,https://pub-78d23bf07fce46b3adc19df91148ffb8.r2.dev/Linfala/examples/N/N.J53.mp3,Linfala/examples/N/N.J53.mp3,N.J53,N.J53.mp3
senses,1491,https://pub-78d23bf07fce46b3adc19df91148ffb8.r2.dev/Linfala/senses/O/O.C10.mp3,Linfala/senses/O/O.C10.mp3,O.C10,O.C10.mp3
senses,1492,https://pub-78d23bf07fce46b3adc19df91148ffb8.r2.dev/Linfala/senses/O/O.C11.mp3,Linfala/senses/O/O.C11.mp3,O.C11,O.C11.mp3
senses,1493,https://pub-78d23bf07fce46b3adc19df91148ffb8.r2.dev/Linfala/senses/O/O.C12.mp3,Linfala/senses/O/O.C12.mp3,O.C12,O.C12.mp3
senses,1494,https://pub-78d23bf07fce46b3adc19df91148ffb8.r2.dev/Linfala/senses/O/O.C13.mp3,Linfala/senses/O/O.C13.mp3,O.C13,O.C13.mp3
senses,1497,https://pub-78d23bf07fce46b3adc19df91148ffb8.r2.dev/Linfala/senses/O/O.C14.mp3,Linfala/senses/O/O.C14.mp3,O.C14,O.C14.mp3
senses,1498,https://pub-78d23bf07fce46b3adc19df91148ffb8.r2.dev/Linfala/senses/O/O.C15.mp3,Linfala/senses/O/O.C15.mp3,O.C15,O.C15.mp3
senses,1499,https://pub-78d23bf07fce46b3adc19df91148ffb8.r2.dev/Linfala/senses/O/O.C16.mp3,Linfala/senses/O/O.C16.mp3,O.C16,O.C16.mp3
senses,1500,https://pub-78d23bf07fce46b3adc19df91148ffb8.r2.dev/Linfala/senses/O/O.C17.mp3,Linfala/senses/O/O.C17.mp3,O.C17,O.C17.mp3
senses,1501,https://pub-78d23bf07fce46b3adc19df91148ffb8.r2.dev/Linfala/senses/O/O.C18.mp3,Linfala/senses/O/O.C18.mp3,O.C18,O.C18.mp3
senses,1502,https://pub-78d23bf07fce46b3adc19df91148ffb8.r2.dev/Linfala/senses/O/O.C19.mp3,Linfala/senses/O/O.C19.mp3,O.C19,O.C19.mp3
senses,1503,https://pub-78d23bf07fce46b3adc19df91148ffb8.r2.dev/Linfala/senses/O/O.C20.mp3,Linfala/senses/O/O.C20.mp3,O.C20,O.C20.mp3
senses,1504,https://pub-78d23bf07fce46b3adc19df91148ffb8.r2.dev/Linfala/senses/O/O.C21.mp3,Linfala/senses/O/O.C21.mp3,O.C21,O.C21.mp3
senses,1505,https://pub-78d23bf07fce46b3adc19df91148ffb8.r2.dev/Linfala/senses/O/O.C22.mp3,Linfala/senses/O/O.C22.mp3,O.C22,O.C22.mp3
senses,1506,https://pub-78d23bf07fce46b3adc19df91148ffb8.r2.dev/Linfala/senses/O/O.C23.mp3,Linfala/senses/O/O.C23.mp3,O.C23,O.C23.mp3
senses,1507,https://pub-78d23bf07fce46b3adc19df91148ffb8.r2.dev/Linfala/senses/O/O.C24.mp3,Linfala/senses/O/O.C24.mp3,O.C24,O.C24.mp3
senses,1508,https://pub-78d23bf07fce46b3adc19df91148ffb8.r2.dev/Linfala/senses/O/O.C25.mp3,Linfala/senses/O/O.C25.mp3,O.C25,O.C25.mp3
senses,1509,https://pub-78d23bf07fce46b3adc19df91148ffb8.r2.dev/Linfala/senses/O/O.C26.mp3,Linfala/senses/O/O.C26.mp3,O.C26,O.C26.mp3
senses,1512,https://pub-78d23bf07fce46b3adc19df91148ffb8.r2.dev/Linfala/senses/O/O.C29.mp3,Linfala/senses/O/O.C29.mp3,O.C29,O.C29.mp3
senses,1484,https://pub-78d23bf07fce46b3adc19df91148ffb8.r2.dev/Linfala/senses/O/O.C3.mp3,Linfala/senses/O/O.C3.mp3,O.C3,O.C3.mp3
senses,1514,https://pub-78d23bf07fce46b3adc19df91148ffb8.r2.dev/Linfala/senses/O/O.C30.mp3,Linfala/senses/O/O.C30.mp3,O.C30,O.C30.mp3
senses,1515,https://pub-78d23bf07fce46b3adc19df91148ffb8.r2.dev/Linfala/senses/O/O.C31.mp3,Linfala/senses/O/O.C31.mp3,O.C31,O.C31.mp3
senses,1516,https://pub-78d23bf07fce46b3adc19df91148ffb8.r2.dev/Linfala/senses/O/O.C32.mp3,Linfala/senses/O/O.C32.mp3,O.C32,O.C32.mp3
senses,1518,https://pub-78d23bf07fce46b3adc19df91148ffb8.r2.dev/Linfala/senses/O/O.C33.mp3,Linfala/senses/O/O.C33.mp3,O.C33,O.C33.mp3
senses,1519,https://pub-78d23bf07fce46b3adc19df91148ffb8.r2.dev/Linfala/senses/O/O.C34.mp3,Linfala/senses/O/O.C34.mp3,O.C34,O.C34.mp3
senses,1521,https://pub-78d23bf07fce46b3adc19df91148ffb8.r2.dev/Linfala/senses/O/O.C35.mp3,Linfala/senses/O/O.C35.mp3,O.C35,O.C35.mp3
senses,1522,https://pub-78d23bf07fce46b3adc19df91148ffb8.r2.dev/Linfala/senses/O/O.C36.mp3,Linfala/senses/O/O.C36.mp3,O.C36,O.C36.mp3
senses,1525,https://pub-78d23bf07fce46b3adc19df91148ffb8.r2.dev/Linfala/senses/O/O.C37.mp3,Linfala/senses/O/O.C37.mp3,O.C37,O.C37.mp3
senses,1526,https://pub-78d23bf07fce46b3adc19df91148ffb8.r2.dev/Linfala/senses/O/O.C38.mp3,Linfala/senses/O/O.C38.mp3,O.C38,O.C38.mp3
senses,1527,https://pub-78d23bf07fce46b3adc19df91148ffb8.r2.dev/Linfala/senses/O/O.C39.mp3,Linfala/senses/O/O.C39.mp3,O.C39,O.C39.mp3
senses,1485,https://pub-78d23bf07fce46b3adc19df91148ffb8.r2.dev/Linfala/senses/O/O.C4.mp3,Linfala/senses/O/O.C4.mp3,O.C4,O.C4.mp3
senses,1528,https://pub-78d23bf07fce46b3adc19df91148ffb8.r2.dev/Linfala/senses/O/O.C40.mp3,Linfala/senses/O/O.C40.mp3,O.C40,O.C40.mp3
senses,1529,https://pub-78d23bf07fce46b3adc19df91148ffb8.r2.dev/Linfala/senses/O/O.C41.mp3,Linfala/senses/O/O.C41.mp3,O.C41,O.C41.mp3
senses,1530,https://pub-78d23bf07fce46b3adc19df91148ffb8.r2.dev/Linfala/senses/O/O.C42.mp3,Linfala/senses/O/O.C42.mp3,O.C42,O.C42.mp3
senses,1531,https://pub-78d23bf07fce46b3adc19df91148ffb8.r2.dev/Linfala/senses/O/O.C43.mp3,Linfala/senses/O/O.C43.mp3,O.C43,O.C43.mp3
senses,1532,https://pub-78d23bf07fce46b3adc19df91148ffb8.r2.dev/Linfala/senses/O/O.C44.mp3,Linfala/senses/O/O.C44.mp3,O.C44,O.C44.mp3
senses,1533,https://pub-78d23bf07fce46b3adc19df91148ffb8.r2.dev/Linfala/senses/O/O.C45.mp3,Linfala/senses/O/O.C45.mp3,O.C45,O.C45.mp3
senses,1535,https://pub-78d23bf07fce46b3adc19df91148ffb8.r2.dev/Linfala/senses/O/O.C47.mp3,Linfala/senses/O/O.C47.mp3,O.C47,O.C47.mp3
senses,1536,https://pub-78d23bf07fce46b3adc19df91148ffb8.r2.dev/Linfala/senses/O/O.C48.mp3,Linfala/senses/O/O.C48.mp3,O.C48,O.C48.mp3
senses,1537,https://pub-78d23bf07fce46b3adc19df91148ffb8.r2.dev/Linfala/senses/O/O.C49.mp3,Linfala/senses/O/O.C49.mp3,O.C49,O.C49.mp3
senses,1486,https://pub-78d23bf07fce46b3adc19df91148ffb8.r2.dev/Linfala/senses/O/O.C5.mp3,Linfala/senses/O/O.C5.mp3,O.C5,O.C5.mp3
senses,1538,https://pub-78d23bf07fce46b3adc19df91148ffb8.r2.dev/Linfala/senses/O/O.C50.mp3,Linfala/senses/O/O.C50.mp3,O.C50,O.C50.mp3
senses,1539,https://pub-78d23bf07fce46b3adc19df91148ffb8.r2.dev/Linfala/senses/O/O.C51.mp3,Linfala/senses/O/O.C51.mp3,O.C51,O.C51.mp3
senses,1543,https://pub-78d23bf07fce46b3adc19df91148ffb8.r2.dev/Linfala/senses/O/O.C52.mp3,Linfala/senses/O/O.C52.mp3,O.C52,O.C52.mp3
senses,1544,https://pub-78d23bf07fce46b3adc19df91148ffb8.r2.dev/Linfala/senses/O/O.C53.mp3,Linfala/senses/O/O.C53.mp3,O.C53,O.C53.mp3
senses,1545,https://pub-78d23bf07fce46b3adc19df91148ffb8.r2.dev/Linfala/senses/O/O.C54.mp3,Linfala/senses/O/O.C54.mp3,O.C54,O.C54.mp3
senses,1546,https://pub-78d23bf07fce46b3adc19df91148ffb8.r2.dev/Linfala/senses/O/O.C55.mp3,Linfala/senses/O/O.C55.mp3,O.C55,O.C55.mp3
senses,1487,https://pub-78d23bf07fce46b3adc19df91148ffb8.r2.dev/Linfala/senses/O/O.C6.mp3,Linfala/senses/O/O.C6.mp3,O.C6,O.C6.mp3
senses,1488,https://pub-78d23bf07fce46b3adc19df91148ffb8.r2.dev/Linfala/senses/O/O.C7.mp3,Linfala/senses/O/O.C7.mp3,O.C7,O.C7.mp3
senses,1489,https://pub-78d23bf07fce46b3adc19df91148ffb8.r2.dev/Linfala/senses/O/O.C8.mp3,Linfala/senses/O/O.C8.mp3,O.C8,O.C8.mp3
senses,1490,https://pub-78d23bf07fce46b3adc19df91148ffb8.r2.dev/Linfala/senses/O/O.C9.mp3,Linfala/senses/O/O.C9.mp3,O.C9,O.C9.mp3
examples,1491,https://pub-78d23bf07fce46b3adc19df91148ffb8.r2.dev/Linfala/examples/O/O.D10.mp3,Linfala/examples/O/O.D10.mp3,O.D10,O.D10.mp3
examples,1492,https://pub-78d23bf07fce46b3adc19df91148ffb8.r2.dev/Linfala/examples/O/O.D11.mp3,Linfala/examples/O/O.D11.mp3,O.D11,O.D11.mp3
examples,1493,https://pub-78d23bf07fce46b3adc19df91148ffb8.r2.dev/Linfala/examples/O/O.D12.mp3,Linfala/examples/O/O.D12.mp3,O.D12,O.D12.mp3
examples,1494,https://pub-78d23bf07fce46b3adc19df91148ffb8.r2.dev/Linfala/examples/O/O.D13.mp3,Linfala/examples/O/O.D13.mp3,O.D13,O.D13.mp3
examples,1497,https://pub-78d23bf07fce46b3adc19df91148ffb8.r2.dev/Linfala/examples/O/O.D14.mp3,Linfala/examples/O/O.D14.mp3,O.D14,O.D14.mp3
examples,1498,https://pub-78d23bf07fce46b3adc19df91148ffb8.r2.dev/Linfala/examples/O/O.D15.mp3,Linfala/examples/O/O.D15.mp3,O.D15,O.D15.mp3
examples,1499,https://pub-78d23bf07fce46b3adc19df91148ffb8.r2.dev/Linfala/examples/O/O.D16.mp3,Linfala/examples/O/O.D16.mp3,O.D16,O.D16.mp3
examples,1500,https://pub-78d23bf07fce46b3adc19df91148ffb8.r2.dev/Linfala/examples/O/O.D17.mp3,Linfala/examples/O/O.D17.mp3,O.D17,O.D17.mp3
examples,1501,https://pub-78d23bf07fce46b3adc19df91148ffb8.r2.dev/Linfala/examples/O/O.D18.mp3,Linfala/examples/O/O.D18.mp3,O.D18,O.D18.mp3
examples,1502,https://pub-78d23bf07fce46b3adc19df91148ffb8.r2.dev/Linfala/examples/O/O.D19.mp3,Linfala/examples/O/O.D19.mp3,O.D19,O.D19.mp3
examples,1503,https://pub-78d23bf07fce46b3adc19df91148ffb8.r2.dev/Linfala/examples/O/O.D20.mp3,Linfala/examples/O/O.D20.mp3,O.D20,O.D20.mp3
examples,1504,https://pub-78d23bf07fce46b3adc19df91148ffb8.r2.dev/Linfala/examples/O/O.D21.mp3,Linfala/examples/O/O.D21.mp3,O.D21,O.D21.mp3
examples,1505,https://pub-78d23bf07fce46b3adc19df91148ffb8.r2.dev/Linfala/examples/O/O.D22.mp3,Linfala/examples/O/O.D22.mp3,O.D22,O.D22.mp3
examples,1506,https://pub-78d23bf07fce46b3adc19df91148ffb8.r2.dev/Linfala/examples/O/O.D23.mp3,Linfala/examples/O/O.D23.mp3,O.D23,O.D23.mp3
examples,1507,https://pub-78d23bf07fce46b3adc19df91148ffb8.r2.dev/Linfala/examples/O/O.D24.mp3,Linfala/examples/O/O.D24.mp3,O.D24,O.D24.mp3
examples,1508,https://pub-78d23bf07fce46b3adc19df91148ffb8.r2.dev/Linfala/examples/O/O.D25.mp3,Linfala/examples/O/O.D25.mp3,O.D25,O.D25.mp3
examples,1509,https://pub-78d23bf07fce46b3adc19df91148ffb8.r2.dev/Linfala/examples/O/O.D26.mp3,Linfala/examples/O/O.D26.mp3,O.D26,O.D26.mp3
examples,1484,https://pub-78d23bf07fce46b3adc19df91148ffb8.r2.dev/Linfala/examples/O/O.D3.mp3,Linfala/examples/O/O.D3.mp3,O.D3,O.D3.mp3
examples,1514,https://pub-78d23bf07fce46b3adc19df91148ffb8.r2.dev/Linfala/examples/O/O.D30.mp3,Linfala/examples/O/O.D30.mp3,O.D30,O.D30.mp3
examples,1515,https://pub-78d23bf07fce46b3adc19df91148ffb8.r2.dev/Linfala/examples/O/O.D31.mp3,Linfala/examples/O/O.D31.mp3,O.D31,O.D31.mp3
examples,1516,https://pub-78d23bf07fce46b3adc19df91148ffb8.r2.dev/Linfala/examples/O/O.D32.mp3,Linfala/examples/O/O.D32.mp3,O.D32,O.D32.mp3
examples,1518,https://pub-78d23bf07fce46b3adc19df91148ffb8.r2.dev/Linfala/examples/O/O.D33.mp3,Linfala/examples/O/O.D33.mp3,O.D33,O.D33.mp3
examples,1519,https://pub-78d23bf07fce46b3adc19df91148ffb8.r2.dev/Linfala/examples/O/O.D34.mp3,Linfala/examples/O/O.D34.mp3,O.D34,O.D34.mp3
examples,1521,https://pub-78d23bf07fce46b3adc19df91148ffb8.r2.dev/Linfala/examples/O/O.D35.mp3,Linfala/examples/O/O.D35.mp3,O.D35,O.D35.mp3
examples,1522,https://pub-78d23bf07fce46b3adc19df91148ffb8.r2.dev/Linfala/examples/O/O.D36.mp3,Linfala/examples/O/O.D36.mp3,O.D36,O.D36.mp3
examples,1525,https://pub-78d23bf07fce46b3adc19df91148ffb8.r2.dev/Linfala/examples/O/O.D37.mp3,Linfala/examples/O/O.D37.mp3,O.D37,O.D37.mp3
examples,1526,https://pub-78d23bf07fce46b3adc19df91148ffb8.r2.dev/Linfala/examples/O/O.D38.mp3,Linfala/examples/O/O.D38.mp3,O.D38,O.D38.mp3
examples,1527,https://pub-78d23bf07fce46b3adc19df91148ffb8.r2.dev/Linfala/examples/O/O.D39.mp3,Linfala/examples/O/O.D39.mp3,O.D39,O.D39.mp3
examples,1485,https://pub-78d23bf07fce46b3adc19df91148ffb8.r2.dev/Linfala/examples/O/O.D4.mp3,Linfala/examples/O/O.D4.mp3,O.D4,O.D4.mp3
examples,1528,https://pub-78d23bf07fce46b3adc19df91148ffb8.r2.dev/Linfala/examples/O/O.D40.mp3,Linfala/examples/O/O.D40.mp3,O.D40,O.D40.mp3
examples,1529,https://pub-78d23bf07fce46b3adc19df91148ffb8.r2.dev/Linfala/examples/O/O.D41.mp3,Linfala/examples/O/O.D41.mp3,O.D41,O.D41.mp3
examples,1530,https://pub-78d23bf07fce46b3adc19df91148ffb8.r2.dev/Linfala/examples/O/O.D42.mp3,Linfala/examples/O/O.D42.mp3,O.D42,O.D42.mp3
examples,1531,https://pub-78d23bf07fce46b3adc19df91148ffb8.r2.dev/Linfala/examples/O/O.D43.mp3,Linfala/examples/O/O.D43.mp3,O.D43,O.D43.mp3
examples,1532,https://pub-78d23bf07fce46b3adc19df91148ffb8.r2.dev/Linfala/examples/O/O.D44.mp3,Linfala/examples/O/O.D44.mp3,O.D44,O.D44.mp3
examples,1533,https://pub-78d23bf07fce46b3adc19df91148ffb8.r2.dev/Linfala/examples/O/O.D45.mp3,Linfala/examples/O/O.D45.mp3,O.D45,O.D45.mp3
examples,1535,https://pub-78d23bf07fce46b3adc19df91148ffb8.r2.dev/Linfala/examples/O/O.D47.mp3,Linfala/examples/O/O.D47.mp3,O.D47,O.D47.mp3
examples,1536,https://pub-78d23bf07fce46b3adc19df91148ffb8.r2.dev/Linfala/examples/O/O.D48.mp3,Linfala/examples/O/O.D48.mp3,O.D48,O.D48.mp3
examples,1537,https://pub-78d23bf07fce46b3adc19df91148ffb8.r2.dev/Linfala/examples/O/O.D49.mp3,Linfala/examples/O/O.D49.mp3,O.D49,O.D49.mp3
examples,1486,https://pub-78d23bf07fce46b3adc19df91148ffb8.r2.dev/Linfala/examples/O/O.D5.mp3,Linfala/examples/O/O.D5.mp3,O.D5,O.D5.mp3
examples,1538,https://pub-78d23bf07fce46b3adc19df91148ffb8.r2.dev/Linfala/examples/O/O.D50.mp3,Linfala/examples/O/O.D50.mp3,O.D50,O.D50.mp3
examples,1539,https://pub-78d23bf07fce46b3adc19df91148ffb8.r2.dev/Linfala/examples/O/O.D51.mp3,Linfala/examples/O/O.D51.mp3,O.D51,O.D51.mp3
examples,1543,https://pub-78d23bf07fce46b3adc19df91148ffb8.r2.dev/Linfala/examples/O/O.D52.mp3,Linfala/examples/O/O.D52.mp3,O.D52,O.D52.mp3
examples,1544,https://pub-78d23bf07fce46b3adc19df91148ffb8.r2.dev/Linfala/examples/O/O.D53.mp3,Linfala/examples/O/O.D53.mp3,O.D53,O.D53.mp3
examples,1545,https://pub-78d23bf07fce46b3adc19df91148ffb8.r2.dev/Linfala/examples/O/O.D54.mp3,Linfala/examples/O/O.D54.mp3,O.D54,O.D54.mp3
examples,1546,https://pub-78d23bf07fce46b3adc19df91148ffb8.r2.dev/Linfala/examples/O/O.D55.mp3,Linfala/examples/O/O.D55.mp3,O.D55,O.D55.mp3
examples,1487,https://pub-78d23bf07fce46b3adc19df91148ffb8.r2.dev/Linfala/examples/O/O.D6.mp3,Linfala/examples/O/O.D6.mp3,O.D6,O.D6.mp3
examples,1488,https://pub-78d23bf07fce46b3adc19df91148ffb8.r2.dev/Linfala/examples/O/O.D7.mp3,Linfala/examples/O/O.D7.mp3,O.D7,O.D7.mp3
examples,1489,https://pub-78d23bf07fce46b3adc19df91148ffb8.r2.dev/Linfala/examples/O/O.D8.mp3,Linfala/examples/O/O.D8.mp3,O.D8,O.D8.mp3
examples,1490,https://pub-78d23bf07fce46b3adc19df91148ffb8.r2.dev/Linfala/examples/O/O.D9.mp3,Linfala/examples/O/O.D9.mp3,O.D9,O.D9.mp3
senses,1495,https://pub-78d23bf07fce46b3adc19df91148ffb8.r2.dev/Linfala/senses/O/O.F13.mp3,Linfala/senses/O/O.F13.mp3,O.F13,O.F13.mp3
senses,1513,https://pub-78d23bf07fce46b3adc19df91148ffb8.r2.dev/Linfala/senses/O/O.F29.mp3,Linfala/senses/O/O.F29.mp3,O.F29,O.F29.mp3
senses,1517,https://pub-78d23bf07fce46b3adc19df91148ffb8.r2.dev/Linfala/senses/O/O.F32.mp3,Linfala/senses/O/O.F32.mp3,O.F32,O.F32.mp3
senses,1520,https://pub-78d23bf07fce46b3adc19df91148ffb8.r2.dev/Linfala/senses/O/O.F34.mp3,Linfala/senses/O/O.F34.mp3,O.F34,O.F34.mp3
senses,1523,https://pub-78d23bf07fce46b3adc19df91148ffb8.r2.dev/Linfala/senses/O/O.F36.mp3,Linfala/senses/O/O.F36.mp3,O.F36,O.F36.mp3
senses,1540,https://pub-78d23bf07fce46b3adc19df91148ffb8.r2.dev/Linfala/senses/O/O.F51.mp3,Linfala/senses/O/O.F51.mp3,O.F51,O.F51.mp3
examples,1495,https://pub-78d23bf07fce46b3adc19df91148ffb8.r2.dev/Linfala/examples/O/O.G13.mp3,Linfala/examples/O/O.G13.mp3,O.G13,O.G13.mp3
examples,1513,https://pub-78d23bf07fce46b3adc19df91148ffb8.r2.dev/Linfala/examples/O/O.G29.mp3,Linfala/examples/O/O.G29.mp3,O.G29,O.G29.mp3
examples,1517,https://pub-78d23bf07fce46b3adc19df91148ffb8.r2.dev/Linfala/examples/O/O.G32.mp3,Linfala/examples/O/O.G32.mp3,O.G32,O.G32.mp3
examples,1520,https://pub-78d23bf07fce46b3adc19df91148ffb8.r2.dev/Linfala/examples/O/O.G34.mp3,Linfala/examples/O/O.G34.mp3,O.G34,O.G34.mp3
examples,1523,https://pub-78d23bf07fce46b3adc19df91148ffb8.r2.dev/Linfala/examples/O/O.G36.mp3,Linfala/examples/O/O.G36.mp3,O.G36,O.G36.mp3
examples,1540,https://pub-78d23bf07fce46b3adc19df91148ffb8.r2.dev/Linfala/examples/O/O.G51.mp3,Linfala/examples/O/O.G51.mp3,O.G51,O.G51.mp3
senses,1496,https://pub-78d23bf07fce46b3adc19df91148ffb8.r2.dev/Linfala/senses/O/O.I13.mp3,Linfala/senses/O/O.I13.mp3,O.I13,O.I13.mp3
senses,1524,https://pub-78d23bf07fce46b3adc19df91148ffb8.r2.dev/Linfala/senses/O/O.I36.mp3,Linfala/senses/O/O.I36.mp3,O.I36,O.I36.mp3
senses,1541,https://pub-78d23bf07fce46b3adc19df91148ffb8.r2.dev/Linfala/senses/O/O.I51.mp3,Linfala/senses/O/O.I51.mp3,O.I51,O.I51.mp3
examples,1496,https://pub-78d23bf07fce46b3adc19df91148ffb8.r2.dev/Linfala/examples/O/O.J13.mp3,Linfala/examples/O/O.J13.mp3,O.J13,O.J13.mp3
examples,1524,https://pub-78d23bf07fce46b3adc19df91148ffb8.r2.dev/Linfala/examples/O/O.J36.mp3,Linfala/examples/O/O.J36.mp3,O.J36,O.J36.mp3
examples,1541,https://pub-78d23bf07fce46b3adc19df91148ffb8.r2.dev/Linfala/examples/O/O.J51.mp3,Linfala/examples/O/O.J51.mp3,O.J51,O.J51.mp3
senses,1542,https://pub-78d23bf07fce46b3adc19df91148ffb8.r2.dev/Linfala/senses/O/O.L51.mp3,Linfala/senses/O/O.L51.mp3,O.L51,O.L51.mp3
examples,1542,https://pub-78d23bf07fce46b3adc19df91148ffb8.r2.dev/Linfala/examples/O/O.M51.mp3,Linfala/examples/O/O.M51.mp3,O.M51,O.M51.mp3
senses,1554,https://pub-78d23bf07fce46b3adc19df91148ffb8.r2.dev/Linfala/senses/P/P.C10.mp3,Linfala/senses/P/P.C10.mp3,P.C10,P.C10.mp3
senses,1662,https://pub-78d23bf07fce46b3adc19df91148ffb8.r2.dev/Linfala/senses/P/P.C100.mp3,Linfala/senses/P/P.C100.mp3,P.C100,P.C100.mp3
senses,1663,https://pub-78d23bf07fce46b3adc19df91148ffb8.r2.dev/Linfala/senses/P/P.C101.mp3,Linfala/senses/P/P.C101.mp3,P.C101,P.C101.mp3
senses,1664,https://pub-78d23bf07fce46b3adc19df91148ffb8.r2.dev/Linfala/senses/P/P.C102.mp3,Linfala/senses/P/P.C102.mp3,P.C102,P.C102.mp3
senses,1665,https://pub-78d23bf07fce46b3adc19df91148ffb8.r2.dev/Linfala/senses/P/P.C103.mp3,Linfala/senses/P/P.C103.mp3,P.C103,P.C103.mp3
senses,1666,https://pub-78d23bf07fce46b3adc19df91148ffb8.r2.dev/Linfala/senses/P/P.C104.mp3,Linfala/senses/P/P.C104.mp3,P.C104,P.C104.mp3
senses,1667,https://pub-78d23bf07fce46b3adc19df91148ffb8.r2.dev/Linfala/senses/P/P.C105.mp3,Linfala/senses/P/P.C105.mp3,P.C105,P.C105.mp3
senses,1668,https://pub-78d23bf07fce46b3adc19df91148ffb8.r2.dev/Linfala/senses/P/P.C106.mp3,Linfala/senses/P/P.C106.mp3,P.C106,P.C106.mp3
senses,1669,https://pub-78d23bf07fce46b3adc19df91148ffb8.r2.dev/Linfala/senses/P/P.C107.mp3,Linfala/senses/P/P.C107.mp3,P.C107,P.C107.mp3
senses,1670,https://pub-78d23bf07fce46b3adc19df91148ffb8.r2.dev/Linfala/senses/P/P.C108.mp3,Linfala/senses/P/P.C108.mp3,P.C108,P.C108.mp3
senses,1671,https://pub-78d23bf07fce46b3adc19df91148ffb8.r2.dev/Linfala/senses/P/P.C109.mp3,Linfala/senses/P/P.C109.mp3,P.C109,P.C109.mp3
senses,1555,https://pub-78d23bf07fce46b3adc19df91148ffb8.r2.dev/Linfala/senses/P/P.C11.mp3,Linfala/senses/P/P.C11.mp3,P.C11,P.C11.mp3
senses,1672,https://pub-78d23bf07fce46b3adc19df91148ffb8.r2.dev/Linfala/senses/P/P.C110.mp3,Linfala/senses/P/P.C110.mp3,P.C110,P.C110.mp3
senses,1674,https://pub-78d23bf07fce46b3adc19df91148ffb8.r2.dev/Linfala/senses/P/P.C112.mp3,Linfala/senses/P/P.C112.mp3,P.C112,P.C112.mp3
senses,1675,https://pub-78d23bf07fce46b3adc19df91148ffb8.r2.dev/Linfala/senses/P/P.C113.mp3,Linfala/senses/P/P.C113.mp3,P.C113,P.C113.mp3
senses,1676,https://pub-78d23bf07fce46b3adc19df91148ffb8.r2.dev/Linfala/senses/P/P.C114.mp3,Linfala/senses/P/P.C114.mp3,P.C114,P.C114.mp3
senses,1677,https://pub-78d23bf07fce46b3adc19df91148ffb8.r2.dev/Linfala/senses/P/P.C115.mp3,Linfala/senses/P/P.C115.mp3,P.C115,P.C115.mp3
senses,1678,https://pub-78d23bf07fce46b3adc19df91148ffb8.r2.dev/Linfala/senses/P/P.C116.mp3,Linfala/senses/P/P.C116.mp3,P.C116,P.C116.mp3
senses,1679,https://pub-78d23bf07fce46b3adc19df91148ffb8.r2.dev/Linfala/senses/P/P.C117.mp3,Linfala/senses/P/P.C117.mp3,P.C117,P.C117.mp3
senses,1680,https://pub-78d23bf07fce46b3adc19df91148ffb8.r2.dev/Linfala/senses/P/P.C118.mp3,Linfala/senses/P/P.C118.mp3,P.C118,P.C118.mp3
senses,1681,https://pub-78d23bf07fce46b3adc19df91148ffb8.r2.dev/Linfala/senses/P/P.C119.mp3,Linfala/senses/P/P.C119.mp3,P.C119,P.C119.mp3
senses,1556,https://pub-78d23bf07fce46b3adc19df91148ffb8.r2.dev/Linfala/senses/P/P.C12.mp3,Linfala/senses/P/P.C12.mp3,P.C12,P.C12.mp3
senses,1682,https://pub-78d23bf07fce46b3adc19df91148ffb8.r2.dev/Linfala/senses/P/P.C120.mp3,Linfala/senses/P/P.C120.mp3,P.C120,P.C120.mp3
senses,1683,https://pub-78d23bf07fce46b3adc19df91148ffb8.r2.dev/Linfala/senses/P/P.C121.mp3,Linfala/senses/P/P.C121.mp3,P.C121,P.C121.mp3
senses,1685,https://pub-78d23bf07fce46b3adc19df91148ffb8.r2.dev/Linfala/senses/P/P.C122.mp3,Linfala/senses/P/P.C122.mp3,P.C122,P.C122.mp3
senses,1686,https://pub-78d23bf07fce46b3adc19df91148ffb8.r2.dev/Linfala/senses/P/P.C123.mp3,Linfala/senses/P/P.C123.mp3,P.C123,P.C123.mp3
senses,1687,https://pub-78d23bf07fce46b3adc19df91148ffb8.r2.dev/Linfala/senses/P/P.C124.mp3,Linfala/senses/P/P.C124.mp3,P.C124,P.C124.mp3
senses,1688,https://pub-78d23bf07fce46b3adc19df91148ffb8.r2.dev/Linfala/senses/P/P.C125.mp3,Linfala/senses/P/P.C125.mp3,P.C125,P.C125.mp3
senses,1689,https://pub-78d23bf07fce46b3adc19df91148ffb8.r2.dev/Linfala/senses/P/P.C126.mp3,Linfala/senses/P/P.C126.mp3,P.C126,P.C126.mp3
senses,1690,https://pub-78d23bf07fce46b3adc19df91148ffb8.r2.dev/Linfala/senses/P/P.C127.mp3,Linfala/senses/P/P.C127.mp3,P.C127,P.C127.mp3
senses,1691,https://pub-78d23bf07fce46b3adc19df91148ffb8.r2.dev/Linfala/senses/P/P.C128.mp3,Linfala/senses/P/P.C128.mp3,P.C128,P.C128.mp3
senses,1692,https://pub-78d23bf07fce46b3adc19df91148ffb8.r2.dev/Linfala/senses/P/P.C129.mp3,Linfala/senses/P/P.C129.mp3,P.C129,P.C129.mp3
senses,1557,https://pub-78d23bf07fce46b3adc19df91148ffb8.r2.dev/Linfala/senses/P/P.C13.mp3,Linfala/senses/P/P.C13.mp3,P.C13,P.C13.mp3
senses,1693,https://pub-78d23bf07fce46b3adc19df91148ffb8.r2.dev/Linfala/senses/P/P.C130.mp3,Linfala/senses/P/P.C130.mp3,P.C130,P.C130.mp3
senses,1694,https://pub-78d23bf07fce46b3adc19df91148ffb8.r2.dev/Linfala/senses/P/P.C131.mp3,Linfala/senses/P/P.C131.mp3,P.C131,P.C131.mp3
senses,1695,https://pub-78d23bf07fce46b3adc19df91148ffb8.r2.dev/Linfala/senses/P/P.C132.mp3,Linfala/senses/P/P.C132.mp3,P.C132,P.C132.mp3
senses,1696,https://pub-78d23bf07fce46b3adc19df91148ffb8.r2.dev/Linfala/senses/P/P.C133.mp3,Linfala/senses/P/P.C133.mp3,P.C133,P.C133.mp3
senses,1697,https://pub-78d23bf07fce46b3adc19df91148ffb8.r2.dev/Linfala/senses/P/P.C134.mp3,Linfala/senses/P/P.C134.mp3,P.C134,P.C134.mp3
senses,1698,https://pub-78d23bf07fce46b3adc19df91148ffb8.r2.dev/Linfala/senses/P/P.C135.mp3,Linfala/senses/P/P.C135.mp3,P.C135,P.C135.mp3
senses,1700,https://pub-78d23bf07fce46b3adc19df91148ffb8.r2.dev/Linfala/senses/P/P.C136.mp3,Linfala/senses/P/P.C136.mp3,P.C136,P.C136.mp3
senses,1701,https://pub-78d23bf07fce46b3adc19df91148ffb8.r2.dev/Linfala/senses/P/P.C137.mp3,Linfala/senses/P/P.C137.mp3,P.C137,P.C137.mp3
senses,1702,https://pub-78d23bf07fce46b3adc19df91148ffb8.r2.dev/Linfala/senses/P/P.C138.mp3,Linfala/senses/P/P.C138.mp3,P.C138,P.C138.mp3
senses,1703,https://pub-78d23bf07fce46b3adc19df91148ffb8.r2.dev/Linfala/senses/P/P.C139.mp3,Linfala/senses/P/P.C139.mp3,P.C139,P.C139.mp3
senses,1558,https://pub-78d23bf07fce46b3adc19df91148ffb8.r2.dev/Linfala/senses/P/P.C14.mp3,Linfala/senses/P/P.C14.mp3,P.C14,P.C14.mp3
senses,1704,https://pub-78d23bf07fce46b3adc19df91148ffb8.r2.dev/Linfala/senses/P/P.C140.mp3,Linfala/senses/P/P.C140.mp3,P.C140,P.C140.mp3
senses,1705,https://pub-78d23bf07fce46b3adc19df91148ffb8.r2.dev/Linfala/senses/P/P.C141.mp3,Linfala/senses/P/P.C141.mp3,P.C141,P.C141.mp3
senses,1706,https://pub-78d23bf07fce46b3adc19df91148ffb8.r2.dev/Linfala/senses/P/P.C142.mp3,Linfala/senses/P/P.C142.mp3,P.C142,P.C142.mp3
senses,1707,https://pub-78d23bf07fce46b3adc19df91148ffb8.r2.dev/Linfala/senses/P/P.C143.mp3,Linfala/senses/P/P.C143.mp3,P.C143,P.C143.mp3
senses,1711,https://pub-78d23bf07fce46b3adc19df91148ffb8.r2.dev/Linfala/senses/P/P.C144.mp3,Linfala/senses/P/P.C144.mp3,P.C144,P.C144.mp3
senses,1712,https://pub-78d23bf07fce46b3adc19df91148ffb8.r2.dev/Linfala/senses/P/P.C145.mp3,Linfala/senses/P/P.C145.mp3,P.C145,P.C145.mp3
senses,1713,https://pub-78d23bf07fce46b3adc19df91148ffb8.r2.dev/Linfala/senses/P/P.C146.mp3,Linfala/senses/P/P.C146.mp3,P.C146,P.C146.mp3
senses,1714,https://pub-78d23bf07fce46b3adc19df91148ffb8.r2.dev/Linfala/senses/P/P.C147.mp3,Linfala/senses/P/P.C147.mp3,P.C147,P.C147.mp3
senses,1715,https://pub-78d23bf07fce46b3adc19df91148ffb8.r2.dev/Linfala/senses/P/P.C148.mp3,Linfala/senses/P/P.C148.mp3,P.C148,P.C148.mp3
senses,1716,https://pub-78d23bf07fce46b3adc19df91148ffb8.r2.dev/Linfala/senses/P/P.C149.mp3,Linfala/senses/P/P.C149.mp3,P.C149,P.C149.mp3
senses,1559,https://pub-78d23bf07fce46b3adc19df91148ffb8.r2.dev/Linfala/senses/P/P.C15.mp3,Linfala/senses/P/P.C15.mp3,P.C15,P.C15.mp3
senses,1717,https://pub-78d23bf07fce46b3adc19df91148ffb8.r2.dev/Linfala/senses/P/P.C150.mp3,Linfala/senses/P/P.C150.mp3,P.C150,P.C150.mp3
senses,1718,https://pub-78d23bf07fce46b3adc19df91148ffb8.r2.dev/Linfala/senses/P/P.C151.mp3,Linfala/senses/P/P.C151.mp3,P.C151,P.C151.mp3
senses,1719,https://pub-78d23bf07fce46b3adc19df91148ffb8.r2.dev/Linfala/senses/P/P.C152.mp3,Linfala/senses/P/P.C152.mp3,P.C152,P.C152.mp3
senses,1720,https://pub-78d23bf07fce46b3adc19df91148ffb8.r2.dev/Linfala/senses/P/P.C153.mp3,Linfala/senses/P/P.C153.mp3,P.C153,P.C153.mp3
senses,1721,https://pub-78d23bf07fce46b3adc19df91148ffb8.r2.dev/Linfala/senses/P/P.C154.mp3,Linfala/senses/P/P.C154.mp3,P.C154,P.C154.mp3
senses,1722,https://pub-78d23bf07fce46b3adc19df91148ffb8.r2.dev/Linfala/senses/P/P.C155.mp3,Linfala/senses/P/P.C155.mp3,P.C155,P.C155.mp3
senses,1723,https://pub-78d23bf07fce46b3adc19df91148ffb8.r2.dev/Linfala/senses/P/P.C156.mp3,Linfala/senses/P/P.C156.mp3,P.C156,P.C156.mp3
senses,1724,https://pub-78d23bf07fce46b3adc19df91148ffb8.r2.dev/Linfala/senses/P/P.C157.mp3,Linfala/senses/P/P.C157.mp3,P.C157,P.C157.mp3
senses,1725,https://pub-78d23bf07fce46b3adc19df91148ffb8.r2.dev/Linfala/senses/P/P.C158.mp3,Linfala/senses/P/P.C158.mp3,P.C158,P.C158.mp3
senses,1726,https://pub-78d23bf07fce46b3adc19df91148ffb8.r2.dev/Linfala/senses/P/P.C159.mp3,Linfala/senses/P/P.C159.mp3,P.C159,P.C159.mp3
senses,1560,https://pub-78d23bf07fce46b3adc19df91148ffb8.r2.dev/Linfala/senses/P/P.C16.mp3,Linfala/senses/P/P.C16.mp3,P.C16,P.C16.mp3
senses,1727,https://pub-78d23bf07fce46b3adc19df91148ffb8.r2.dev/Linfala/senses/P/P.C160.mp3,Linfala/senses/P/P.C160.mp3,P.C160,P.C160.mp3
senses,1728,https://pub-78d23bf07fce46b3adc19df91148ffb8.r2.dev/Linfala/senses/P/P.C161.mp3,Linfala/senses/P/P.C161.mp3,P.C161,P.C161.mp3
senses,1729,https://pub-78d23bf07fce46b3adc19df91148ffb8.r2.dev/Linfala/senses/P/P.C162.mp3,Linfala/senses/P/P.C162.mp3,P.C162,P.C162.mp3
senses,1730,https://pub-78d23bf07fce46b3adc19df91148ffb8.r2.dev/Linfala/senses/P/P.C163.mp3,Linfala/senses/P/P.C163.mp3,P.C163,P.C163.mp3
senses,1732,https://pub-78d23bf07fce46b3adc19df91148ffb8.r2.dev/Linfala/senses/P/P.C164.mp3,Linfala/senses/P/P.C164.mp3,P.C164,P.C164.mp3
senses,1733,https://pub-78d23bf07fce46b3adc19df91148ffb8.r2.dev/Linfala/senses/P/P.C165.mp3,Linfala/senses/P/P.C165.mp3,P.C165,P.C165.mp3
senses,1734,https://pub-78d23bf07fce46b3adc19df91148ffb8.r2.dev/Linfala/senses/P/P.C166.mp3,Linfala/senses/P/P.C166.mp3,P.C166,P.C166.mp3
senses,1735,https://pub-78d23bf07fce46b3adc19df91148ffb8.r2.dev/Linfala/senses/P/P.C167.mp3,Linfala/senses/P/P.C167.mp3,P.C167,P.C167.mp3
senses,1736,https://pub-78d23bf07fce46b3adc19df91148ffb8.r2.dev/Linfala/senses/P/P.C168.mp3,Linfala/senses/P/P.C168.mp3,P.C168,P.C168.mp3
senses,1737,https://pub-78d23bf07fce46b3adc19df91148ffb8.r2.dev/Linfala/senses/P/P.C169.mp3,Linfala/senses/P/P.C169.mp3,P.C169,P.C169.mp3
senses,1561,https://pub-78d23bf07fce46b3adc19df91148ffb8.r2.dev/Linfala/senses/P/P.C17.mp3,Linfala/senses/P/P.C17.mp3,P.C17,P.C17.mp3
senses,1738,https://pub-78d23bf07fce46b3adc19df91148ffb8.r2.dev/Linfala/senses/P/P.C170.mp3,Linfala/senses/P/P.C170.mp3,P.C170,P.C170.mp3
senses,1740,https://pub-78d23bf07fce46b3adc19df91148ffb8.r2.dev/Linfala/senses/P/P.C171.mp3,Linfala/senses/P/P.C171.mp3,P.C171,P.C171.mp3
senses,1741,https://pub-78d23bf07fce46b3adc19df91148ffb8.r2.dev/Linfala/senses/P/P.C172.mp3,Linfala/senses/P/P.C172.mp3,P.C172,P.C172.mp3
senses,1742,https://pub-78d23bf07fce46b3adc19df91148ffb8.r2.dev/Linfala/senses/P/P.C173.mp3,Linfala/senses/P/P.C173.mp3,P.C173,P.C173.mp3
senses,1743,https://pub-78d23bf07fce46b3adc19df91148ffb8.r2.dev/Linfala/senses/P/P.C174.mp3,Linfala/senses/P/P.C174.mp3,P.C174,P.C174.mp3
senses,1745,https://pub-78d23bf07fce46b3adc19df91148ffb8.r2.dev/Linfala/senses/P/P.C175.mp3,Linfala/senses/P/P.C175.mp3,P.C175,P.C175.mp3
senses,1747,https://pub-78d23bf07fce46b3adc19df91148ffb8.r2.dev/Linfala/senses/P/P.C176.mp3,Linfala/senses/P/P.C176.mp3,P.C176,P.C176.mp3
senses,1748,https://pub-78d23bf07fce46b3adc19df91148ffb8.r2.dev/Linfala/senses/P/P.C177.mp3,Linfala/senses/P/P.C177.mp3,P.C177,P.C177.mp3
senses,1749,https://pub-78d23bf07fce46b3adc19df91148ffb8.r2.dev/Linfala/senses/P/P.C178.mp3,Linfala/senses/P/P.C178.mp3,P.C178,P.C178.mp3
senses,1750,https://pub-78d23bf07fce46b3adc19df91148ffb8.r2.dev/Linfala/senses/P/P.C179.mp3,Linfala/senses/P/P.C179.mp3,P.C179,P.C179.mp3
senses,1562,https://pub-78d23bf07fce46b3adc19df91148ffb8.r2.dev/Linfala/senses/P/P.C18.mp3,Linfala/senses/P/P.C18.mp3,P.C18,P.C18.mp3
senses,1751,https://pub-78d23bf07fce46b3adc19df91148ffb8.r2.dev/Linfala/senses/P/P.C180.mp3,Linfala/senses/P/P.C180.mp3,P.C180,P.C180.mp3
senses,1752,https://pub-78d23bf07fce46b3adc19df91148ffb8.r2.dev/Linfala/senses/P/P.C181.mp3,Linfala/senses/P/P.C181.mp3,P.C181,P.C181.mp3
senses,1753,https://pub-78d23bf07fce46b3adc19df91148ffb8.r2.dev/Linfala/senses/P/P.C182.mp3,Linfala/senses/P/P.C182.mp3,P.C182,P.C182.mp3
senses,1754,https://pub-78d23bf07fce46b3adc19df91148ffb8.r2.dev/Linfala/senses/P/P.C183.mp3,Linfala/senses/P/P.C183.mp3,P.C183,P.C183.mp3
senses,1755,https://pub-78d23bf07fce46b3adc19df91148ffb8.r2.dev/Linfala/senses/P/P.C184.mp3,Linfala/senses/P/P.C184.mp3,P.C184,P.C184.mp3
senses,1756,https://pub-78d23bf07fce46b3adc19df91148ffb8.r2.dev/Linfala/senses/P/P.C185.mp3,Linfala/senses/P/P.C185.mp3,P.C185,P.C185.mp3
senses,1757,https://pub-78d23bf07fce46b3adc19df91148ffb8.r2.dev/Linfala/senses/P/P.C186.mp3,Linfala/senses/P/P.C186.mp3,P.C186,P.C186.mp3
senses,1758,https://pub-78d23bf07fce46b3adc19df91148ffb8.r2.dev/Linfala/senses/P/P.C187.mp3,Linfala/senses/P/P.C187.mp3,P.C187,P.C187.mp3
senses,1760,https://pub-78d23bf07fce46b3adc19df91148ffb8.r2.dev/Linfala/senses/P/P.C188.mp3,Linfala/senses/P/P.C188.mp3,P.C188,P.C188.mp3
senses,1761,https://pub-78d23bf07fce46b3adc19df91148ffb8.r2.dev/Linfala/senses/P/P.C189.mp3,Linfala/senses/P/P.C189.mp3,P.C189,P.C189.mp3
senses,1563,https://pub-78d23bf07fce46b3adc19df91148ffb8.r2.dev/Linfala/senses/P/P.C19.mp3,Linfala/senses/P/P.C19.mp3,P.C19,P.C19.mp3
senses,1762,https://pub-78d23bf07fce46b3adc19df91148ffb8.r2.dev/Linfala/senses/P/P.C190.mp3,Linfala/senses/P/P.C190.mp3,P.C190,P.C190.mp3
senses,1763,https://pub-78d23bf07fce46b3adc19df91148ffb8.r2.dev/Linfala/senses/P/P.C191.mp3,Linfala/senses/P/P.C191.mp3,P.C191,P.C191.mp3
senses,1764,https://pub-78d23bf07fce46b3adc19df91148ffb8.r2.dev/Linfala/senses/P/P.C192.mp3,Linfala/senses/P/P.C192.mp3,P.C192,P.C192.mp3
senses,1765,https://pub-78d23bf07fce46b3adc19df91148ffb8.r2.dev/Linfala/senses/P/P.C193.mp3,Linfala/senses/P/P.C193.mp3,P.C193,P.C193.mp3
senses,1766,https://pub-78d23bf07fce46b3adc19df91148ffb8.r2.dev/Linfala/senses/P/P.C194.mp3,Linfala/senses/P/P.C194.mp3,P.C194,P.C194.mp3
senses,1768,https://pub-78d23bf07fce46b3adc19df91148ffb8.r2.dev/Linfala/senses/P/P.C195.mp3,Linfala/senses/P/P.C195.mp3,P.C195,P.C195.mp3
senses,1769,https://pub-78d23bf07fce46b3adc19df91148ffb8.r2.dev/Linfala/senses/P/P.C196.mp3,Linfala/senses/P/P.C196.mp3,P.C196,P.C196.mp3
senses,1770,https://pub-78d23bf07fce46b3adc19df91148ffb8.r2.dev/Linfala/senses/P/P.C197.mp3,Linfala/senses/P/P.C197.mp3,P.C197,P.C197.mp3
senses,1771,https://pub-78d23bf07fce46b3adc19df91148ffb8.r2.dev/Linfala/senses/P/P.C198.mp3,Linfala/senses/P/P.C198.mp3,P.C198,P.C198.mp3
senses,1772,https://pub-78d23bf07fce46b3adc19df91148ffb8.r2.dev/Linfala/senses/P/P.C199.mp3,Linfala/senses/P/P.C199.mp3,P.C199,P.C199.mp3
senses,1564,https://pub-78d23bf07fce46b3adc19df91148ffb8.r2.dev/Linfala/senses/P/P.C20.mp3,Linfala/senses/P/P.C20.mp3,P.C20,P.C20.mp3
senses,1773,https://pub-78d23bf07fce46b3adc19df91148ffb8.r2.dev/Linfala/senses/P/P.C200.mp3,Linfala/senses/P/P.C200.mp3,P.C200,P.C200.mp3
senses,1774,https://pub-78d23bf07fce46b3adc19df91148ffb8.r2.dev/Linfala/senses/P/P.C201.mp3,Linfala/senses/P/P.C201.mp3,P.C201,P.C201.mp3
senses,1775,https://pub-78d23bf07fce46b3adc19df91148ffb8.r2.dev/Linfala/senses/P/P.C202.mp3,Linfala/senses/P/P.C202.mp3,P.C202,P.C202.mp3
senses,1776,https://pub-78d23bf07fce46b3adc19df91148ffb8.r2.dev/Linfala/senses/P/P.C203.mp3,Linfala/senses/P/P.C203.mp3,P.C203,P.C203.mp3
senses,1777,https://pub-78d23bf07fce46b3adc19df91148ffb8.r2.dev/Linfala/senses/P/P.C204.mp3,Linfala/senses/P/P.C204.mp3,P.C204,P.C204.mp3
senses,1778,https://pub-78d23bf07fce46b3adc19df91148ffb8.r2.dev/Linfala/senses/P/P.C205.mp3,Linfala/senses/P/P.C205.mp3,P.C205,P.C205.mp3
senses,1779,https://pub-78d23bf07fce46b3adc19df91148ffb8.r2.dev/Linfala/senses/P/P.C206.mp3,Linfala/senses/P/P.C206.mp3,P.C206,P.C206.mp3
senses,1781,https://pub-78d23bf07fce46b3adc19df91148ffb8.r2.dev/Linfala/senses/P/P.C207.mp3,Linfala/senses/P/P.C207.mp3,P.C207,P.C207.mp3
senses,1782,https://pub-78d23bf07fce46b3adc19df91148ffb8.r2.dev/Linfala/senses/P/P.C208.mp3,Linfala/senses/P/P.C208.mp3,P.C208,P.C208.mp3
senses,1784,https://pub-78d23bf07fce46b3adc19df91148ffb8.r2.dev/Linfala/senses/P/P.C209.mp3,Linfala/senses/P/P.C209.mp3,P.C209,P.C209.mp3
senses,1565,https://pub-78d23bf07fce46b3adc19df91148ffb8.r2.dev/Linfala/senses/P/P.C21.mp3,Linfala/senses/P/P.C21.mp3,P.C21,P.C21.mp3
senses,1785,https://pub-78d23bf07fce46b3adc19df91148ffb8.r2.dev/Linfala/senses/P/P.C210.mp3,Linfala/senses/P/P.C210.mp3,P.C210,P.C210.mp3
senses,1786,https://pub-78d23bf07fce46b3adc19df91148ffb8.r2.dev/Linfala/senses/P/P.C211.mp3,Linfala/senses/P/P.C211.mp3,P.C211,P.C211.mp3
senses,1787,https://pub-78d23bf07fce46b3adc19df91148ffb8.r2.dev/Linfala/senses/P/P.C212.mp3,Linfala/senses/P/P.C212.mp3,P.C212,P.C212.mp3
senses,1788,https://pub-78d23bf07fce46b3adc19df91148ffb8.r2.dev/Linfala/senses/P/P.C213.mp3,Linfala/senses/P/P.C213.mp3,P.C213,P.C213.mp3
senses,1789,https://pub-78d23bf07fce46b3adc19df91148ffb8.r2.dev/Linfala/senses/P/P.C214.mp3,Linfala/senses/P/P.C214.mp3,P.C214,P.C214.mp3
senses,1790,https://pub-78d23bf07fce46b3adc19df91148ffb8.r2.dev/Linfala/senses/P/P.C215.mp3,Linfala/senses/P/P.C215.mp3,P.C215,P.C215.mp3
senses,1791,https://pub-78d23bf07fce46b3adc19df91148ffb8.r2.dev/Linfala/senses/P/P.C216.mp3,Linfala/senses/P/P.C216.mp3,P.C216,P.C216.mp3
senses,1792,https://pub-78d23bf07fce46b3adc19df91148ffb8.r2.dev/Linfala/senses/P/P.C217.mp3,Linfala/senses/P/P.C217.mp3,P.C217,P.C217.mp3
senses,1793,https://pub-78d23bf07fce46b3adc19df91148ffb8.r2.dev/Linfala/senses/P/P.C218.mp3,Linfala/senses/P/P.C218.mp3,P.C218,P.C218.mp3
senses,1794,https://pub-78d23bf07fce46b3adc19df91148ffb8.r2.dev/Linfala/senses/P/P.C219.mp3,Linfala/senses/P/P.C219.mp3,P.C219,P.C219.mp3
senses,1567,https://pub-78d23bf07fce46b3adc19df91148ffb8.r2.dev/Linfala/senses/P/P.C22.mp3,Linfala/senses/P/P.C22.mp3,P.C22,P.C22.mp3
senses,1795,https://pub-78d23bf07fce46b3adc19df91148ffb8.r2.dev/Linfala/senses/P/P.C220.mp3,Linfala/senses/P/P.C220.mp3,P.C220,P.C220.mp3
senses,1796,https://pub-78d23bf07fce46b3adc19df91148ffb8.r2.dev/Linfala/senses/P/P.C221.mp3,Linfala/senses/P/P.C221.mp3,P.C221,P.C221.mp3
senses,1797,https://pub-78d23bf07fce46b3adc19df91148ffb8.r2.dev/Linfala/senses/P/P.C222.mp3,Linfala/senses/P/P.C222.mp3,P.C222,P.C222.mp3
senses,1798,https://pub-78d23bf07fce46b3adc19df91148ffb8.r2.dev/Linfala/senses/P/P.C223.mp3,Linfala/senses/P/P.C223.mp3,P.C223,P.C223.mp3
senses,1799,https://pub-78d23bf07fce46b3adc19df91148ffb8.r2.dev/Linfala/senses/P/P.C224.mp3,Linfala/senses/P/P.C224.mp3,P.C224,P.C224.mp3
senses,1800,https://pub-78d23bf07fce46b3adc19df91148ffb8.r2.dev/Linfala/senses/P/P.C225.mp3,Linfala/senses/P/P.C225.mp3,P.C225,P.C225.mp3
senses,1801,https://pub-78d23bf07fce46b3adc19df91148ffb8.r2.dev/Linfala/senses/P/P.C226.mp3,Linfala/senses/P/P.C226.mp3,P.C226,P.C226.mp3
senses,1802,https://pub-78d23bf07fce46b3adc19df91148ffb8.r2.dev/Linfala/senses/P/P.C227.mp3,Linfala/senses/P/P.C227.mp3,P.C227,P.C227.mp3
senses,1804,https://pub-78d23bf07fce46b3adc19df91148ffb8.r2.dev/Linfala/senses/P/P.C228.mp3,Linfala/senses/P/P.C228.mp3,P.C228,P.C228.mp3
senses,1805,https://pub-78d23bf07fce46b3adc19df91148ffb8.r2.dev/Linfala/senses/P/P.C229.mp3,Linfala/senses/P/P.C229.mp3,P.C229,P.C229.mp3
senses,1568,https://pub-78d23bf07fce46b3adc19df91148ffb8.r2.dev/Linfala/senses/P/P.C23.mp3,Linfala/senses/P/P.C23.mp3,P.C23,P.C23.mp3
senses,1806,https://pub-78d23bf07fce46b3adc19df91148ffb8.r2.dev/Linfala/senses/P/P.C230.mp3,Linfala/senses/P/P.C230.mp3,P.C230,P.C230.mp3
senses,1807,https://pub-78d23bf07fce46b3adc19df91148ffb8.r2.dev/Linfala/senses/P/P.C231.mp3,Linfala/senses/P/P.C231.mp3,P.C231,P.C231.mp3
senses,1808,https://pub-78d23bf07fce46b3adc19df91148ffb8.r2.dev/Linfala/senses/P/P.C232.mp3,Linfala/senses/P/P.C232.mp3,P.C232,P.C232.mp3
senses,1809,https://pub-78d23bf07fce46b3adc19df91148ffb8.r2.dev/Linfala/senses/P/P.C233.mp3,Linfala/senses/P/P.C233.mp3,P.C233,P.C233.mp3
senses,1810,https://pub-78d23bf07fce46b3adc19df91148ffb8.r2.dev/Linfala/senses/P/P.C234.mp3,Linfala/senses/P/P.C234.mp3,P.C234,P.C234.mp3
senses,1811,https://pub-78d23bf07fce46b3adc19df91148ffb8.r2.dev/Linfala/senses/P/P.C235.mp3,Linfala/senses/P/P.C235.mp3,P.C235,P.C235.mp3
senses,1812,https://pub-78d23bf07fce46b3adc19df91148ffb8.r2.dev/Linfala/senses/P/P.C236.mp3,Linfala/senses/P/P.C236.mp3,P.C236,P.C236.mp3
senses,1813,https://pub-78d23bf07fce46b3adc19df91148ffb8.r2.dev/Linfala/senses/P/P.C237.mp3,Linfala/senses/P/P.C237.mp3,P.C237,P.C237.mp3
senses,1814,https://pub-78d23bf07fce46b3adc19df91148ffb8.r2.dev/Linfala/senses/P/P.C238.mp3,Linfala/senses/P/P.C238.mp3,P.C238,P.C238.mp3
senses,1815,https://pub-78d23bf07fce46b3adc19df91148ffb8.r2.dev/Linfala/senses/P/P.C239.mp3,Linfala/senses/P/P.C239.mp3,P.C239,P.C239.mp3
senses,1569,https://pub-78d23bf07fce46b3adc19df91148ffb8.r2.dev/Linfala/senses/P/P.C24.mp3,Linfala/senses/P/P.C24.mp3,P.C24,P.C24.mp3
senses,1816,https://pub-78d23bf07fce46b3adc19df91148ffb8.r2.dev/Linfala/senses/P/P.C240.mp3,Linfala/senses/P/P.C240.mp3,P.C240,P.C240.mp3
senses,1817,https://pub-78d23bf07fce46b3adc19df91148ffb8.r2.dev/Linfala/senses/P/P.C241.mp3,Linfala/senses/P/P.C241.mp3,P.C241,P.C241.mp3
senses,1818,https://pub-78d23bf07fce46b3adc19df91148ffb8.r2.dev/Linfala/senses/P/P.C242.mp3,Linfala/senses/P/P.C242.mp3,P.C242,P.C242.mp3
senses,1819,https://pub-78d23bf07fce46b3adc19df91148ffb8.r2.dev/Linfala/senses/P/P.C243.mp3,Linfala/senses/P/P.C243.mp3,P.C243,P.C243.mp3
senses,1821,https://pub-78d23bf07fce46b3adc19df91148ffb8.r2.dev/Linfala/senses/P/P.C244.mp3,Linfala/senses/P/P.C244.mp3,P.C244,P.C244.mp3
senses,1822,https://pub-78d23bf07fce46b3adc19df91148ffb8.r2.dev/Linfala/senses/P/P.C245.mp3,Linfala/senses/P/P.C245.mp3,P.C245,P.C245.mp3
senses,1823,https://pub-78d23bf07fce46b3adc19df91148ffb8.r2.dev/Linfala/senses/P/P.C246.mp3,Linfala/senses/P/P.C246.mp3,P.C246,P.C246.mp3
senses,1824,https://pub-78d23bf07fce46b3adc19df91148ffb8.r2.dev/Linfala/senses/P/P.C247.mp3,Linfala/senses/P/P.C247.mp3,P.C247,P.C247.mp3
senses,1825,https://pub-78d23bf07fce46b3adc19df91148ffb8.r2.dev/Linfala/senses/P/P.C248.mp3,Linfala/senses/P/P.C248.mp3,P.C248,P.C248.mp3
senses,1826,https://pub-78d23bf07fce46b3adc19df91148ffb8.r2.dev/Linfala/senses/P/P.C249.mp3,Linfala/senses/P/P.C249.mp3,P.C249,P.C249.mp3
senses,1571,https://pub-78d23bf07fce46b3adc19df91148ffb8.r2.dev/Linfala/senses/P/P.C25.mp3,Linfala/senses/P/P.C25.mp3,P.C25,P.C25.mp3
senses,1828,https://pub-78d23bf07fce46b3adc19df91148ffb8.r2.dev/Linfala/senses/P/P.C250.mp3,Linfala/senses/P/P.C250.mp3,P.C250,P.C250.mp3
senses,1829,https://pub-78d23bf07fce46b3adc19df91148ffb8.r2.dev/Linfala/senses/P/P.C251.mp3,Linfala/senses/P/P.C251.mp3,P.C251,P.C251.mp3
senses,1830,https://pub-78d23bf07fce46b3adc19df91148ffb8.r2.dev/Linfala/senses/P/P.C252.mp3,Linfala/senses/P/P.C252.mp3,P.C252,P.C252.mp3
senses,1831,https://pub-78d23bf07fce46b3adc19df91148ffb8.r2.dev/Linfala/senses/P/P.C253.mp3,Linfala/senses/P/P.C253.mp3,P.C253,P.C253.mp3
senses,1832,https://pub-78d23bf07fce46b3adc19df91148ffb8.r2.dev/Linfala/senses/P/P.C254.mp3,Linfala/senses/P/P.C254.mp3,P.C254,P.C254.mp3
senses,1833,https://pub-78d23bf07fce46b3adc19df91148ffb8.r2.dev/Linfala/senses/P/P.C255.mp3,Linfala/senses/P/P.C255.mp3,P.C255,P.C255.mp3
senses,1834,https://pub-78d23bf07fce46b3adc19df91148ffb8.r2.dev/Linfala/senses/P/P.C256.mp3,Linfala/senses/P/P.C256.mp3,P.C256,P.C256.mp3
senses,1835,https://pub-78d23bf07fce46b3adc19df91148ffb8.r2.dev/Linfala/senses/P/P.C257.mp3,Linfala/senses/P/P.C257.mp3,P.C257,P.C257.mp3
senses,1836,https://pub-78d23bf07fce46b3adc19df91148ffb8.r2.dev/Linfala/senses/P/P.C258.mp3,Linfala/senses/P/P.C258.mp3,P.C258,P.C258.mp3
senses,1837,https://pub-78d23bf07fce46b3adc19df91148ffb8.r2.dev/Linfala/senses/P/P.C259.mp3,Linfala/senses/P/P.C259.mp3,P.C259,P.C259.mp3
senses,1572,https://pub-78d23bf07fce46b3adc19df91148ffb8.r2.dev/Linfala/senses/P/P.C26.mp3,Linfala/senses/P/P.C26.mp3,P.C26,P.C26.mp3
senses,1838,https://pub-78d23bf07fce46b3adc19df91148ffb8.r2.dev/Linfala/senses/P/P.C260.mp3,Linfala/senses/P/P.C260.mp3,P.C260,P.C260.mp3
senses,1839,https://pub-78d23bf07fce46b3adc19df91148ffb8.r2.dev/Linfala/senses/P/P.C261.mp3,Linfala/senses/P/P.C261.mp3,P.C261,P.C261.mp3
senses,1840,https://pub-78d23bf07fce46b3adc19df91148ffb8.r2.dev/Linfala/senses/P/P.C262.mp3,Linfala/senses/P/P.C262.mp3,P.C262,P.C262.mp3
senses,1841,https://pub-78d23bf07fce46b3adc19df91148ffb8.r2.dev/Linfala/senses/P/P.C263.mp3,Linfala/senses/P/P.C263.mp3,P.C263,P.C263.mp3
senses,1843,https://pub-78d23bf07fce46b3adc19df91148ffb8.r2.dev/Linfala/senses/P/P.C265.mp3,Linfala/senses/P/P.C265.mp3,P.C265,P.C265.mp3
senses,1573,https://pub-78d23bf07fce46b3adc19df91148ffb8.r2.dev/Linfala/senses/P/P.C27.mp3,Linfala/senses/P/P.C27.mp3,P.C27,P.C27.mp3
senses,1574,https://pub-78d23bf07fce46b3adc19df91148ffb8.r2.dev/Linfala/senses/P/P.C28.mp3,Linfala/senses/P/P.C28.mp3,P.C28,P.C28.mp3
senses,1575,https://pub-78d23bf07fce46b3adc19df91148ffb8.r2.dev/Linfala/senses/P/P.C29.mp3,Linfala/senses/P/P.C29.mp3,P.C29,P.C29.mp3
senses,1547,https://pub-78d23bf07fce46b3adc19df91148ffb8.r2.dev/Linfala/senses/P/P.C3.mp3,Linfala/senses/P/P.C3.mp3,P.C3,P.C3.mp3
senses,1576,https://pub-78d23bf07fce46b3adc19df91148ffb8.r2.dev/Linfala/senses/P/P.C30.mp3,Linfala/senses/P/P.C30.mp3,P.C30,P.C30.mp3
senses,1577,https://pub-78d23bf07fce46b3adc19df91148ffb8.r2.dev/Linfala/senses/P/P.C31.mp3,Linfala/senses/P/P.C31.mp3,P.C31,P.C31.mp3
senses,1578,https://pub-78d23bf07fce46b3adc19df91148ffb8.r2.dev/Linfala/senses/P/P.C32.mp3,Linfala/senses/P/P.C32.mp3,P.C32,P.C32.mp3
senses,1579,https://pub-78d23bf07fce46b3adc19df91148ffb8.r2.dev/Linfala/senses/P/P.C33.mp3,Linfala/senses/P/P.C33.mp3,P.C33,P.C33.mp3
senses,1580,https://pub-78d23bf07fce46b3adc19df91148ffb8.r2.dev/Linfala/senses/P/P.C34.mp3,Linfala/senses/P/P.C34.mp3,P.C34,P.C34.mp3
senses,1581,https://pub-78d23bf07fce46b3adc19df91148ffb8.r2.dev/Linfala/senses/P/P.C35.mp3,Linfala/senses/P/P.C35.mp3,P.C35,P.C35.mp3
senses,1582,https://pub-78d23bf07fce46b3adc19df91148ffb8.r2.dev/Linfala/senses/P/P.C36.mp3,Linfala/senses/P/P.C36.mp3,P.C36,P.C36.mp3
senses,1583,https://pub-78d23bf07fce46b3adc19df91148ffb8.r2.dev/Linfala/senses/P/P.C37.mp3,Linfala/senses/P/P.C37.mp3,P.C37,P.C37.mp3
senses,1585,https://pub-78d23bf07fce46b3adc19df91148ffb8.r2.dev/Linfala/senses/P/P.C38.mp3,Linfala/senses/P/P.C38.mp3,P.C38,P.C38.mp3
senses,1586,https://pub-78d23bf07fce46b3adc19df91148ffb8.r2.dev/Linfala/senses/P/P.C39.mp3,Linfala/senses/P/P.C39.mp3,P.C39,P.C39.mp3
senses,1548,https://pub-78d23bf07fce46b3adc19df91148ffb8.r2.dev/Linfala/senses/P/P.C4.mp3,Linfala/senses/P/P.C4.mp3,P.C4,P.C4.mp3
senses,1588,https://pub-78d23bf07fce46b3adc19df91148ffb8.r2.dev/Linfala/senses/P/P.C40.mp3,Linfala/senses/P/P.C40.mp3,P.C40,P.C40.mp3
senses,1590,https://pub-78d23bf07fce46b3adc19df91148ffb8.r2.dev/Linfala/senses/P/P.C41.mp3,Linfala/senses/P/P.C41.mp3,P.C41,P.C41.mp3
senses,1591,https://pub-78d23bf07fce46b3adc19df91148ffb8.r2.dev/Linfala/senses/P/P.C42.mp3,Linfala/senses/P/P.C42.mp3,P.C42,P.C42.mp3
senses,1592,https://pub-78d23bf07fce46b3adc19df91148ffb8.r2.dev/Linfala/senses/P/P.C43.mp3,Linfala/senses/P/P.C43.mp3,P.C43,P.C43.mp3
senses,1593,https://pub-78d23bf07fce46b3adc19df91148ffb8.r2.dev/Linfala/senses/P/P.C44.mp3,Linfala/senses/P/P.C44.mp3,P.C44,P.C44.mp3
senses,1595,https://pub-78d23bf07fce46b3adc19df91148ffb8.r2.dev/Linfala/senses/P/P.C45.mp3,Linfala/senses/P/P.C45.mp3,P.C45,P.C45.mp3
senses,1596,https://pub-78d23bf07fce46b3adc19df91148ffb8.r2.dev/Linfala/senses/P/P.C46.mp3,Linfala/senses/P/P.C46.mp3,P.C46,P.C46.mp3
senses,1598,https://pub-78d23bf07fce46b3adc19df91148ffb8.r2.dev/Linfala/senses/P/P.C47.mp3,Linfala/senses/P/P.C47.mp3,P.C47,P.C47.mp3
senses,1599,https://pub-78d23bf07fce46b3adc19df91148ffb8.r2.dev/Linfala/senses/P/P.C48.mp3,Linfala/senses/P/P.C48.mp3,P.C48,P.C48.mp3
senses,1603,https://pub-78d23bf07fce46b3adc19df91148ffb8.r2.dev/Linfala/senses/P/P.C49.mp3,Linfala/senses/P/P.C49.mp3,P.C49,P.C49.mp3
senses,1549,https://pub-78d23bf07fce46b3adc19df91148ffb8.r2.dev/Linfala/senses/P/P.C5.mp3,Linfala/senses/P/P.C5.mp3,P.C5,P.C5.mp3
senses,1604,https://pub-78d23bf07fce46b3adc19df91148ffb8.r2.dev/Linfala/senses/P/P.C50.mp3,Linfala/senses/P/P.C50.mp3,P.C50,P.C50.mp3
senses,1605,https://pub-78d23bf07fce46b3adc19df91148ffb8.r2.dev/Linfala/senses/P/P.C51.mp3,Linfala/senses/P/P.C51.mp3,P.C51,P.C51.mp3
senses,1606,https://pub-78d23bf07fce46b3adc19df91148ffb8.r2.dev/Linfala/senses/P/P.C52.mp3,Linfala/senses/P/P.C52.mp3,P.C52,P.C52.mp3
senses,1608,https://pub-78d23bf07fce46b3adc19df91148ffb8.r2.dev/Linfala/senses/P/P.C53.mp3,Linfala/senses/P/P.C53.mp3,P.C53,P.C53.mp3
senses,1609,https://pub-78d23bf07fce46b3adc19df91148ffb8.r2.dev/Linfala/senses/P/P.C54.mp3,Linfala/senses/P/P.C54.mp3,P.C54,P.C54.mp3
senses,1610,https://pub-78d23bf07fce46b3adc19df91148ffb8.r2.dev/Linfala/senses/P/P.C55.mp3,Linfala/senses/P/P.C55.mp3,P.C55,P.C55.mp3
senses,1611,https://pub-78d23bf07fce46b3adc19df91148ffb8.r2.dev/Linfala/senses/P/P.C56.mp3,Linfala/senses/P/P.C56.mp3,P.C56,P.C56.mp3
senses,1612,https://pub-78d23bf07fce46b3adc19df91148ffb8.r2.dev/Linfala/senses/P/P.C57.mp3,Linfala/senses/P/P.C57.mp3,P.C57,P.C57.mp3
senses,1613,https://pub-78d23bf07fce46b3adc19df91148ffb8.r2.dev/Linfala/senses/P/P.C58.mp3,Linfala/senses/P/P.C58.mp3,P.C58,P.C58.mp3
senses,1614,https://pub-78d23bf07fce46b3adc19df91148ffb8.r2.dev/Linfala/senses/P/P.C59.mp3,Linfala/senses/P/P.C59.mp3,P.C59,P.C59.mp3
senses,1550,https://pub-78d23bf07fce46b3adc19df91148ffb8.r2.dev/Linfala/senses/P/P.C6.mp3,Linfala/senses/P/P.C6.mp3,P.C6,P.C6.mp3
senses,1615,https://pub-78d23bf07fce46b3adc19df91148ffb8.r2.dev/Linfala/senses/P/P.C60.mp3,Linfala/senses/P/P.C60.mp3,P.C60,P.C60.mp3
senses,1616,https://pub-78d23bf07fce46b3adc19df91148ffb8.r2.dev/Linfala/senses/P/P.C61.mp3,Linfala/senses/P/P.C61.mp3,P.C61,P.C61.mp3
senses,1617,https://pub-78d23bf07fce46b3adc19df91148ffb8.r2.dev/Linfala/senses/P/P.C62.mp3,Linfala/senses/P/P.C62.mp3,P.C62,P.C62.mp3
senses,1618,https://pub-78d23bf07fce46b3adc19df91148ffb8.r2.dev/Linfala/senses/P/P.C63.mp3,Linfala/senses/P/P.C63.mp3,P.C63,P.C63.mp3
senses,1620,https://pub-78d23bf07fce46b3adc19df91148ffb8.r2.dev/Linfala/senses/P/P.C64.mp3,Linfala/senses/P/P.C64.mp3,P.C64,P.C64.mp3
senses,1621,https://pub-78d23bf07fce46b3adc19df91148ffb8.r2.dev/Linfala/senses/P/P.C65.mp3,Linfala/senses/P/P.C65.mp3,P.C65,P.C65.mp3
senses,1623,https://pub-78d23bf07fce46b3adc19df91148ffb8.r2.dev/Linfala/senses/P/P.C66.mp3,Linfala/senses/P/P.C66.mp3,P.C66,P.C66.mp3
senses,1624,https://pub-78d23bf07fce46b3adc19df91148ffb8.r2.dev/Linfala/senses/P/P.C67.mp3,Linfala/senses/P/P.C67.mp3,P.C67,P.C67.mp3
senses,1625,https://pub-78d23bf07fce46b3adc19df91148ffb8.r2.dev/Linfala/senses/P/P.C68.mp3,Linfala/senses/P/P.C68.mp3,P.C68,P.C68.mp3
senses,1627,https://pub-78d23bf07fce46b3adc19df91148ffb8.r2.dev/Linfala/senses/P/P.C69.mp3,Linfala/senses/P/P.C69.mp3,P.C69,P.C69.mp3
senses,1551,https://pub-78d23bf07fce46b3adc19df91148ffb8.r2.dev/Linfala/senses/P/P.C7.mp3,Linfala/senses/P/P.C7.mp3,P.C7,P.C7.mp3
senses,1628,https://pub-78d23bf07fce46b3adc19df91148ffb8.r2.dev/Linfala/senses/P/P.C70.mp3,Linfala/senses/P/P.C70.mp3,P.C70,P.C70.mp3
senses,1629,https://pub-78d23bf07fce46b3adc19df91148ffb8.r2.dev/Linfala/senses/P/P.C71.mp3,Linfala/senses/P/P.C71.mp3,P.C71,P.C71.mp3
senses,1630,https://pub-78d23bf07fce46b3adc19df91148ffb8.r2.dev/Linfala/senses/P/P.C72.mp3,Linfala/senses/P/P.C72.mp3,P.C72,P.C72.mp3
senses,1631,https://pub-78d23bf07fce46b3adc19df91148ffb8.r2.dev/Linfala/senses/P/P.C73.mp3,Linfala/senses/P/P.C73.mp3,P.C73,P.C73.mp3
senses,1632,https://pub-78d23bf07fce46b3adc19df91148ffb8.r2.dev/Linfala/senses/P/P.C74.mp3,Linfala/senses/P/P.C74.mp3,P.C74,P.C74.mp3
senses,1633,https://pub-78d23bf07fce46b3adc19df91148ffb8.r2.dev/Linfala/senses/P/P.C75.mp3,Linfala/senses/P/P.C75.mp3,P.C75,P.C75.mp3
senses,1635,https://pub-78d23bf07fce46b3adc19df91148ffb8.r2.dev/Linfala/senses/P/P.C76.mp3,Linfala/senses/P/P.C76.mp3,P.C76,P.C76.mp3
senses,1636,https://pub-78d23bf07fce46b3adc19df91148ffb8.r2.dev/Linfala/senses/P/P.C77.mp3,Linfala/senses/P/P.C77.mp3,P.C77,P.C77.mp3
senses,1637,https://pub-78d23bf07fce46b3adc19df91148ffb8.r2.dev/Linfala/senses/P/P.C78.mp3,Linfala/senses/P/P.C78.mp3,P.C78,P.C78.mp3
senses,1638,https://pub-78d23bf07fce46b3adc19df91148ffb8.r2.dev/Linfala/senses/P/P.C79.mp3,Linfala/senses/P/P.C79.mp3,P.C79,P.C79.mp3
senses,1552,https://pub-78d23bf07fce46b3adc19df91148ffb8.r2.dev/Linfala/senses/P/P.C8.mp3,Linfala/senses/P/P.C8.mp3,P.C8,P.C8.mp3
senses,1639,https://pub-78d23bf07fce46b3adc19df91148ffb8.r2.dev/Linfala/senses/P/P.C80.mp3,Linfala/senses/P/P.C80.mp3,P.C80,P.C80.mp3
senses,1640,https://pub-78d23bf07fce46b3adc19df91148ffb8.r2.dev/Linfala/senses/P/P.C81.mp3,Linfala/senses/P/P.C81.mp3,P.C81,P.C81.mp3
senses,1641,https://pub-78d23bf07fce46b3adc19df91148ffb8.r2.dev/Linfala/senses/P/P.C82.mp3,Linfala/senses/P/P.C82.mp3,P.C82,P.C82.mp3
senses,1642,https://pub-78d23bf07fce46b3adc19df91148ffb8.r2.dev/Linfala/senses/P/P.C83.mp3,Linfala/senses/P/P.C83.mp3,P.C83,P.C83.mp3
senses,1643,https://pub-78d23bf07fce46b3adc19df91148ffb8.r2.dev/Linfala/senses/P/P.C84.mp3,Linfala/senses/P/P.C84.mp3,P.C84,P.C84.mp3
senses,1644,https://pub-78d23bf07fce46b3adc19df91148ffb8.r2.dev/Linfala/senses/P/P.C85.mp3,Linfala/senses/P/P.C85.mp3,P.C85,P.C85.mp3
senses,1645,https://pub-78d23bf07fce46b3adc19df91148ffb8.r2.dev/Linfala/senses/P/P.C86.mp3,Linfala/senses/P/P.C86.mp3,P.C86,P.C86.mp3
senses,1647,https://pub-78d23bf07fce46b3adc19df91148ffb8.r2.dev/Linfala/senses/P/P.C87.mp3,Linfala/senses/P/P.C87.mp3,P.C87,P.C87.mp3
senses,1648,https://pub-78d23bf07fce46b3adc19df91148ffb8.r2.dev/Linfala/senses/P/P.C88.mp3,Linfala/senses/P/P.C88.mp3,P.C88,P.C88.mp3
senses,1649,https://pub-78d23bf07fce46b3adc19df91148ffb8.r2.dev/Linfala/senses/P/P.C89.mp3,Linfala/senses/P/P.C89.mp3,P.C89,P.C89.mp3
senses,1553,https://pub-78d23bf07fce46b3adc19df91148ffb8.r2.dev/Linfala/senses/P/P.C9.mp3,Linfala/senses/P/P.C9.mp3,P.C9,P.C9.mp3
senses,1651,https://pub-78d23bf07fce46b3adc19df91148ffb8.r2.dev/Linfala/senses/P/P.C90.mp3,Linfala/senses/P/P.C90.mp3,P.C90,P.C90.mp3
senses,1653,https://pub-78d23bf07fce46b3adc19df91148ffb8.r2.dev/Linfala/senses/P/P.C91.mp3,Linfala/senses/P/P.C91.mp3,P.C91,P.C91.mp3
senses,1654,https://pub-78d23bf07fce46b3adc19df91148ffb8.r2.dev/Linfala/senses/P/P.C92.mp3,Linfala/senses/P/P.C92.mp3,P.C92,P.C92.mp3
senses,1655,https://pub-78d23bf07fce46b3adc19df91148ffb8.r2.dev/Linfala/senses/P/P.C93.mp3,Linfala/senses/P/P.C93.mp3,P.C93,P.C93.mp3
senses,1656,https://pub-78d23bf07fce46b3adc19df91148ffb8.r2.dev/Linfala/senses/P/P.C94.mp3,Linfala/senses/P/P.C94.mp3,P.C94,P.C94.mp3
senses,1657,https://pub-78d23bf07fce46b3adc19df91148ffb8.r2.dev/Linfala/senses/P/P.C95.mp3,Linfala/senses/P/P.C95.mp3,P.C95,P.C95.mp3
senses,1658,https://pub-78d23bf07fce46b3adc19df91148ffb8.r2.dev/Linfala/senses/P/P.C96.mp3,Linfala/senses/P/P.C96.mp3,P.C96,P.C96.mp3
senses,1659,https://pub-78d23bf07fce46b3adc19df91148ffb8.r2.dev/Linfala/senses/P/P.C97.mp3,Linfala/senses/P/P.C97.mp3,P.C97,P.C97.mp3
senses,1660,https://pub-78d23bf07fce46b3adc19df91148ffb8.r2.dev/Linfala/senses/P/P.C98.mp3,Linfala/senses/P/P.C98.mp3,P.C98,P.C98.mp3
senses,1661,https://pub-78d23bf07fce46b3adc19df91148ffb8.r2.dev/Linfala/senses/P/P.C99.mp3,Linfala/senses/P/P.C99.mp3,P.C99,P.C99.mp3
examples,1554,https://pub-78d23bf07fce46b3adc19df91148ffb8.r2.dev/Linfala/examples/P/P.D10.mp3,Linfala/examples/P/P.D10.mp3,P.D10,P.D10.mp3
examples,1662,https://pub-78d23bf07fce46b3adc19df91148ffb8.r2.dev/Linfala/examples/P/P.D100.mp3,Linfala/examples/P/P.D100.mp3,P.D100,P.D100.mp3
examples,1663,https://pub-78d23bf07fce46b3adc19df91148ffb8.r2.dev/Linfala/examples/P/P.D101.mp3,Linfala/examples/P/P.D101.mp3,P.D101,P.D101.mp3
examples,1664,https://pub-78d23bf07fce46b3adc19df91148ffb8.r2.dev/Linfala/examples/P/P.D102.mp3,Linfala/examples/P/P.D102.mp3,P.D102,P.D102.mp3
examples,1665,https://pub-78d23bf07fce46b3adc19df91148ffb8.r2.dev/Linfala/examples/P/P.D103.mp3,Linfala/examples/P/P.D103.mp3,P.D103,P.D103.mp3
examples,1666,https://pub-78d23bf07fce46b3adc19df91148ffb8.r2.dev/Linfala/examples/P/P.D104.mp3,Linfala/examples/P/P.D104.mp3,P.D104,P.D104.mp3
examples,1667,https://pub-78d23bf07fce46b3adc19df91148ffb8.r2.dev/Linfala/examples/P/P.D105.mp3,Linfala/examples/P/P.D105.mp3,P.D105,P.D105.mp3
examples,1668,https://pub-78d23bf07fce46b3adc19df91148ffb8.r2.dev/Linfala/examples/P/P.D106.mp3,Linfala/examples/P/P.D106.mp3,P.D106,P.D106.mp3
examples,1669,https://pub-78d23bf07fce46b3adc19df91148ffb8.r2.dev/Linfala/examples/P/P.D107.mp3,Linfala/examples/P/P.D107.mp3,P.D107,P.D107.mp3
examples,1670,https://pub-78d23bf07fce46b3adc19df91148ffb8.r2.dev/Linfala/examples/P/P.D108.mp3,Linfala/examples/P/P.D108.mp3,P.D108,P.D108.mp3
examples,1671,https://pub-78d23bf07fce46b3adc19df91148ffb8.r2.dev/Linfala/examples/P/P.D109.mp3,Linfala/examples/P/P.D109.mp3,P.D109,P.D109.mp3
examples,1555,https://pub-78d23bf07fce46b3adc19df91148ffb8.r2.dev/Linfala/examples/P/P.D11.mp3,Linfala/examples/P/P.D11.mp3,P.D11,P.D11.mp3
examples,1672,https://pub-78d23bf07fce46b3adc19df91148ffb8.r2.dev/Linfala/examples/P/P.D110.mp3,Linfala/examples/P/P.D110.mp3,P.D110,P.D110.mp3
examples,1673,https://pub-78d23bf07fce46b3adc19df91148ffb8.r2.dev/Linfala/examples/P/P.D111.mp3,Linfala/examples/P/P.D111.mp3,P.D111,P.D111.mp3
examples,1674,https://pub-78d23bf07fce46b3adc19df91148ffb8.r2.dev/Linfala/examples/P/P.D112.mp3,Linfala/examples/P/P.D112.mp3,P.D112,P.D112.mp3
examples,1675,https://pub-78d23bf07fce46b3adc19df91148ffb8.r2.dev/Linfala/examples/P/P.D113.mp3,Linfala/examples/P/P.D113.mp3,P.D113,P.D113.mp3
examples,1676,https://pub-78d23bf07fce46b3adc19df91148ffb8.r2.dev/Linfala/examples/P/P.D114.mp3,Linfala/examples/P/P.D114.mp3,P.D114,P.D114.mp3
examples,1677,https://pub-78d23bf07fce46b3adc19df91148ffb8.r2.dev/Linfala/examples/P/P.D115.mp3,Linfala/examples/P/P.D115.mp3,P.D115,P.D115.mp3
examples,1678,https://pub-78d23bf07fce46b3adc19df91148ffb8.r2.dev/Linfala/examples/P/P.D116.mp3,Linfala/examples/P/P.D116.mp3,P.D116,P.D116.mp3
examples,1679,https://pub-78d23bf07fce46b3adc19df91148ffb8.r2.dev/Linfala/examples/P/P.D117.mp3,Linfala/examples/P/P.D117.mp3,P.D117,P.D117.mp3
examples,1680,https://pub-78d23bf07fce46b3adc19df91148ffb8.r2.dev/Linfala/examples/P/P.D118.mp3,Linfala/examples/P/P.D118.mp3,P.D118,P.D118.mp3
examples,1681,https://pub-78d23bf07fce46b3adc19df91148ffb8.r2.dev/Linfala/examples/P/P.D119.mp3,Linfala/examples/P/P.D119.mp3,P.D119,P.D119.mp3
examples,1556,https://pub-78d23bf07fce46b3adc19df91148ffb8.r2.dev/Linfala/examples/P/P.D12.mp3,Linfala/examples/P/P.D12.mp3,P.D12,P.D12.mp3
examples,1682,https://pub-78d23bf07fce46b3adc19df91148ffb8.r2.dev/Linfala/examples/P/P.D120.mp3,Linfala/examples/P/P.D120.mp3,P.D120,P.D120.mp3
examples,1683,https://pub-78d23bf07fce46b3adc19df91148ffb8.r2.dev/Linfala/examples/P/P.D121.mp3,Linfala/examples/P/P.D121.mp3,P.D121,P.D121.mp3
examples,1685,https://pub-78d23bf07fce46b3adc19df91148ffb8.r2.dev/Linfala/examples/P/P.D122.mp3,Linfala/examples/P/P.D122.mp3,P.D122,P.D122.mp3
examples,1686,https://pub-78d23bf07fce46b3adc19df91148ffb8.r2.dev/Linfala/examples/P/P.D123.mp3,Linfala/examples/P/P.D123.mp3,P.D123,P.D123.mp3
examples,1687,https://pub-78d23bf07fce46b3adc19df91148ffb8.r2.dev/Linfala/examples/P/P.D124.mp3,Linfala/examples/P/P.D124.mp3,P.D124,P.D124.mp3
examples,1688,https://pub-78d23bf07fce46b3adc19df91148ffb8.r2.dev/Linfala/examples/P/P.D125.mp3,Linfala/examples/P/P.D125.mp3,P.D125,P.D125.mp3
examples,1689,https://pub-78d23bf07fce46b3adc19df91148ffb8.r2.dev/Linfala/examples/P/P.D126.mp3,Linfala/examples/P/P.D126.mp3,P.D126,P.D126.mp3
examples,1690,https://pub-78d23bf07fce46b3adc19df91148ffb8.r2.dev/Linfala/examples/P/P.D127.mp3,Linfala/examples/P/P.D127.mp3,P.D127,P.D127.mp3
examples,1692,https://pub-78d23bf07fce46b3adc19df91148ffb8.r2.dev/Linfala/examples/P/P.D129.mp3,Linfala/examples/P/P.D129.mp3,P.D129,P.D129.mp3
examples,1557,https://pub-78d23bf07fce46b3adc19df91148ffb8.r2.dev/Linfala/examples/P/P.D13.mp3,Linfala/examples/P/P.D13.mp3,P.D13,P.D13.mp3
examples,1693,https://pub-78d23bf07fce46b3adc19df91148ffb8.r2.dev/Linfala/examples/P/P.D130.mp3,Linfala/examples/P/P.D130.mp3,P.D130,P.D130.mp3
examples,1694,https://pub-78d23bf07fce46b3adc19df91148ffb8.r2.dev/Linfala/examples/P/P.D131.mp3,Linfala/examples/P/P.D131.mp3,P.D131,P.D131.mp3
examples,1695,https://pub-78d23bf07fce46b3adc19df91148ffb8.r2.dev/Linfala/examples/P/P.D132.mp3,Linfala/examples/P/P.D132.mp3,P.D132,P.D132.mp3
examples,1696,https://pub-78d23bf07fce46b3adc19df91148ffb8.r2.dev/Linfala/examples/P/P.D133.mp3,Linfala/examples/P/P.D133.mp3,P.D133,P.D133.mp3
examples,1697,https://pub-78d23bf07fce46b3adc19df91148ffb8.r2.dev/Linfala/examples/P/P.D134.mp3,Linfala/examples/P/P.D134.mp3,P.D134,P.D134.mp3
examples,1698,https://pub-78d23bf07fce46b3adc19df91148ffb8.r2.dev/Linfala/examples/P/P.D135.mp3,Linfala/examples/P/P.D135.mp3,P.D135,P.D135.mp3
examples,1700,https://pub-78d23bf07fce46b3adc19df91148ffb8.r2.dev/Linfala/examples/P/P.D136.mp3,Linfala/examples/P/P.D136.mp3,P.D136,P.D136.mp3
examples,1701,https://pub-78d23bf07fce46b3adc19df91148ffb8.r2.dev/Linfala/examples/P/P.D137.mp3,Linfala/examples/P/P.D137.mp3,P.D137,P.D137.mp3
examples,1702,https://pub-78d23bf07fce46b3adc19df91148ffb8.r2.dev/Linfala/examples/P/P.D138.mp3,Linfala/examples/P/P.D138.mp3,P.D138,P.D138.mp3
examples,1703,https://pub-78d23bf07fce46b3adc19df91148ffb8.r2.dev/Linfala/examples/P/P.D139.mp3,Linfala/examples/P/P.D139.mp3,P.D139,P.D139.mp3
examples,1558,https://pub-78d23bf07fce46b3adc19df91148ffb8.r2.dev/Linfala/examples/P/P.D14.mp3,Linfala/examples/P/P.D14.mp3,P.D14,P.D14.mp3
examples,1704,https://pub-78d23bf07fce46b3adc19df91148ffb8.r2.dev/Linfala/examples/P/P.D140.mp3,Linfala/examples/P/P.D140.mp3,P.D140,P.D140.mp3
examples,1705,https://pub-78d23bf07fce46b3adc19df91148ffb8.r2.dev/Linfala/examples/P/P.D141.mp3,Linfala/examples/P/P.D141.mp3,P.D141,P.D141.mp3
examples,1706,https://pub-78d23bf07fce46b3adc19df91148ffb8.r2.dev/Linfala/examples/P/P.D142.mp3,Linfala/examples/P/P.D142.mp3,P.D142,P.D142.mp3
examples,1707,https://pub-78d23bf07fce46b3adc19df91148ffb8.r2.dev/Linfala/examples/P/P.D143.mp3,Linfala/examples/P/P.D143.mp3,P.D143,P.D143.mp3
examples,1711,https://pub-78d23bf07fce46b3adc19df91148ffb8.r2.dev/Linfala/examples/P/P.D144.mp3,Linfala/examples/P/P.D144.mp3,P.D144,P.D144.mp3
examples,1712,https://pub-78d23bf07fce46b3adc19df91148ffb8.r2.dev/Linfala/examples/P/P.D145.mp3,Linfala/examples/P/P.D145.mp3,P.D145,P.D145.mp3
examples,1713,https://pub-78d23bf07fce46b3adc19df91148ffb8.r2.dev/Linfala/examples/P/P.D146.mp3,Linfala/examples/P/P.D146.mp3,P.D146,P.D146.mp3
examples,1714,https://pub-78d23bf07fce46b3adc19df91148ffb8.r2.dev/Linfala/examples/P/P.D147.mp3,Linfala/examples/P/P.D147.mp3,P.D147,P.D147.mp3
examples,1715,https://pub-78d23bf07fce46b3adc19df91148ffb8.r2.dev/Linfala/examples/P/P.D148.mp3,Linfala/examples/P/P.D148.mp3,P.D148,P.D148.mp3
examples,1716,https://pub-78d23bf07fce46b3adc19df91148ffb8.r2.dev/Linfala/examples/P/P.D149.mp3,Linfala/examples/P/P.D149.mp3,P.D149,P.D149.mp3
examples,1559,https://pub-78d23bf07fce46b3adc19df91148ffb8.r2.dev/Linfala/examples/P/P.D15.mp3,Linfala/examples/P/P.D15.mp3,P.D15,P.D15.mp3
examples,1717,https://pub-78d23bf07fce46b3adc19df91148ffb8.r2.dev/Linfala/examples/P/P.D150.mp3,Linfala/examples/P/P.D150.mp3,P.D150,P.D150.mp3
examples,1718,https://pub-78d23bf07fce46b3adc19df91148ffb8.r2.dev/Linfala/examples/P/P.D151.mp3,Linfala/examples/P/P.D151.mp3,P.D151,P.D151.mp3
examples,1719,https://pub-78d23bf07fce46b3adc19df91148ffb8.r2.dev/Linfala/examples/P/P.D152.mp3,Linfala/examples/P/P.D152.mp3,P.D152,P.D152.mp3
examples,1720,https://pub-78d23bf07fce46b3adc19df91148ffb8.r2.dev/Linfala/examples/P/P.D153.mp3,Linfala/examples/P/P.D153.mp3,P.D153,P.D153.mp3
examples,1721,https://pub-78d23bf07fce46b3adc19df91148ffb8.r2.dev/Linfala/examples/P/P.D154.mp3,Linfala/examples/P/P.D154.mp3,P.D154,P.D154.mp3
examples,1722,https://pub-78d23bf07fce46b3adc19df91148ffb8.r2.dev/Linfala/examples/P/P.D155.mp3,Linfala/examples/P/P.D155.mp3,P.D155,P.D155.mp3
examples,1723,https://pub-78d23bf07fce46b3adc19df91148ffb8.r2.dev/Linfala/examples/P/P.D156.mp3,Linfala/examples/P/P.D156.mp3,P.D156,P.D156.mp3
examples,1724,https://pub-78d23bf07fce46b3adc19df91148ffb8.r2.dev/Linfala/examples/P/P.D157.mp3,Linfala/examples/P/P.D157.mp3,P.D157,P.D157.mp3
examples,1725,https://pub-78d23bf07fce46b3adc19df91148ffb8.r2.dev/Linfala/examples/P/P.D158.mp3,Linfala/examples/P/P.D158.mp3,P.D158,P.D158.mp3
examples,1726,https://pub-78d23bf07fce46b3adc19df91148ffb8.r2.dev/Linfala/examples/P/P.D159.mp3,Linfala/examples/P/P.D159.mp3,P.D159,P.D159.mp3
examples,1560,https://pub-78d23bf07fce46b3adc19df91148ffb8.r2.dev/Linfala/examples/P/P.D16.mp3,Linfala/examples/P/P.D16.mp3,P.D16,P.D16.mp3
examples,1727,https://pub-78d23bf07fce46b3adc19df91148ffb8.r2.dev/Linfala/examples/P/P.D160.mp3,Linfala/examples/P/P.D160.mp3,P.D160,P.D160.mp3
examples,1728,https://pub-78d23bf07fce46b3adc19df91148ffb8.r2.dev/Linfala/examples/P/P.D161.mp3,Linfala/examples/P/P.D161.mp3,P.D161,P.D161.mp3
examples,1729,https://pub-78d23bf07fce46b3adc19df91148ffb8.r2.dev/Linfala/examples/P/P.D162.mp3,Linfala/examples/P/P.D162.mp3,P.D162,P.D162.mp3
examples,1730,https://pub-78d23bf07fce46b3adc19df91148ffb8.r2.dev/Linfala/examples/P/P.D163.mp3,Linfala/examples/P/P.D163.mp3,P.D163,P.D163.mp3
examples,1732,https://pub-78d23bf07fce46b3adc19df91148ffb8.r2.dev/Linfala/examples/P/P.D164.mp3,Linfala/examples/P/P.D164.mp3,P.D164,P.D164.mp3
examples,1733,https://pub-78d23bf07fce46b3adc19df91148ffb8.r2.dev/Linfala/examples/P/P.D165.mp3,Linfala/examples/P/P.D165.mp3,P.D165,P.D165.mp3
examples,1734,https://pub-78d23bf07fce46b3adc19df91148ffb8.r2.dev/Linfala/examples/P/P.D166.mp3,Linfala/examples/P/P.D166.mp3,P.D166,P.D166.mp3
examples,1735,https://pub-78d23bf07fce46b3adc19df91148ffb8.r2.dev/Linfala/examples/P/P.D167.mp3,Linfala/examples/P/P.D167.mp3,P.D167,P.D167.mp3
examples,1736,https://pub-78d23bf07fce46b3adc19df91148ffb8.r2.dev/Linfala/examples/P/P.D168.mp3,Linfala/examples/P/P.D168.mp3,P.D168,P.D168.mp3
examples,1737,https://pub-78d23bf07fce46b3adc19df91148ffb8.r2.dev/Linfala/examples/P/P.D169.mp3,Linfala/examples/P/P.D169.mp3,P.D169,P.D169.mp3
examples,1561,https://pub-78d23bf07fce46b3adc19df91148ffb8.r2.dev/Linfala/examples/P/P.D17.mp3,Linfala/examples/P/P.D17.mp3,P.D17,P.D17.mp3
examples,1738,https://pub-78d23bf07fce46b3adc19df91148ffb8.r2.dev/Linfala/examples/P/P.D170.mp3,Linfala/examples/P/P.D170.mp3,P.D170,P.D170.mp3
examples,1740,https://pub-78d23bf07fce46b3adc19df91148ffb8.r2.dev/Linfala/examples/P/P.D171.mp3,Linfala/examples/P/P.D171.mp3,P.D171,P.D171.mp3
examples,1741,https://pub-78d23bf07fce46b3adc19df91148ffb8.r2.dev/Linfala/examples/P/P.D172.mp3,Linfala/examples/P/P.D172.mp3,P.D172,P.D172.mp3
examples,1742,https://pub-78d23bf07fce46b3adc19df91148ffb8.r2.dev/Linfala/examples/P/P.D173.mp3,Linfala/examples/P/P.D173.mp3,P.D173,P.D173.mp3
examples,1743,https://pub-78d23bf07fce46b3adc19df91148ffb8.r2.dev/Linfala/examples/P/P.D174.mp3,Linfala/examples/P/P.D174.mp3,P.D174,P.D174.mp3
examples,1745,https://pub-78d23bf07fce46b3adc19df91148ffb8.r2.dev/Linfala/examples/P/P.D175.mp3,Linfala/examples/P/P.D175.mp3,P.D175,P.D175.mp3
examples,1747,https://pub-78d23bf07fce46b3adc19df91148ffb8.r2.dev/Linfala/examples/P/P.D176.mp3,Linfala/examples/P/P.D176.mp3,P.D176,P.D176.mp3
examples,1748,https://pub-78d23bf07fce46b3adc19df91148ffb8.r2.dev/Linfala/examples/P/P.D177.mp3,Linfala/examples/P/P.D177.mp3,P.D177,P.D177.mp3
examples,1749,https://pub-78d23bf07fce46b3adc19df91148ffb8.r2.dev/Linfala/examples/P/P.D178.mp3,Linfala/examples/P/P.D178.mp3,P.D178,P.D178.mp3
examples,1750,https://pub-78d23bf07fce46b3adc19df91148ffb8.r2.dev/Linfala/examples/P/P.D179.mp3,Linfala/examples/P/P.D179.mp3,P.D179,P.D179.mp3
examples,1562,https://pub-78d23bf07fce46b3adc19df91148ffb8.r2.dev/Linfala/examples/P/P.D18.mp3,Linfala/examples/P/P.D18.mp3,P.D18,P.D18.mp3
examples,1751,https://pub-78d23bf07fce46b3adc19df91148ffb8.r2.dev/Linfala/examples/P/P.D180.mp3,Linfala/examples/P/P.D180.mp3,P.D180,P.D180.mp3
examples,1752,https://pub-78d23bf07fce46b3adc19df91148ffb8.r2.dev/Linfala/examples/P/P.D181.mp3,Linfala/examples/P/P.D181.mp3,P.D181,P.D181.mp3
examples,1753,https://pub-78d23bf07fce46b3adc19df91148ffb8.r2.dev/Linfala/examples/P/P.D182.mp3,Linfala/examples/P/P.D182.mp3,P.D182,P.D182.mp3
examples,1754,https://pub-78d23bf07fce46b3adc19df91148ffb8.r2.dev/Linfala/examples/P/P.D183.mp3,Linfala/examples/P/P.D183.mp3,P.D183,P.D183.mp3
examples,1755,https://pub-78d23bf07fce46b3adc19df91148ffb8.r2.dev/Linfala/examples/P/P.D184.mp3,Linfala/examples/P/P.D184.mp3,P.D184,P.D184.mp3
examples,1756,https://pub-78d23bf07fce46b3adc19df91148ffb8.r2.dev/Linfala/examples/P/P.D185.mp3,Linfala/examples/P/P.D185.mp3,P.D185,P.D185.mp3
examples,1757,https://pub-78d23bf07fce46b3adc19df91148ffb8.r2.dev/Linfala/examples/P/P.D186.mp3,Linfala/examples/P/P.D186.mp3,P.D186,P.D186.mp3
examples,1758,https://pub-78d23bf07fce46b3adc19df91148ffb8.r2.dev/Linfala/examples/P/P.D187.mp3,Linfala/examples/P/P.D187.mp3,P.D187,P.D187.mp3
examples,1760,https://pub-78d23bf07fce46b3adc19df91148ffb8.r2.dev/Linfala/examples/P/P.D188.mp3,Linfala/examples/P/P.D188.mp3,P.D188,P.D188.mp3
examples,1761,https://pub-78d23bf07fce46b3adc19df91148ffb8.r2.dev/Linfala/examples/P/P.D189.mp3,Linfala/examples/P/P.D189.mp3,P.D189,P.D189.mp3
examples,1563,https://pub-78d23bf07fce46b3adc19df91148ffb8.r2.dev/Linfala/examples/P/P.D19.mp3,Linfala/examples/P/P.D19.mp3,P.D19,P.D19.mp3
examples,1762,https://pub-78d23bf07fce46b3adc19df91148ffb8.r2.dev/Linfala/examples/P/P.D190.mp3,Linfala/examples/P/P.D190.mp3,P.D190,P.D190.mp3
examples,1763,https://pub-78d23bf07fce46b3adc19df91148ffb8.r2.dev/Linfala/examples/P/P.D191.mp3,Linfala/examples/P/P.D191.mp3,P.D191,P.D191.mp3
examples,1764,https://pub-78d23bf07fce46b3adc19df91148ffb8.r2.dev/Linfala/examples/P/P.D192.mp3,Linfala/examples/P/P.D192.mp3,P.D192,P.D192.mp3
examples,1765,https://pub-78d23bf07fce46b3adc19df91148ffb8.r2.dev/Linfala/examples/P/P.D193.mp3,Linfala/examples/P/P.D193.mp3,P.D193,P.D193.mp3
examples,1766,https://pub-78d23bf07fce46b3adc19df91148ffb8.r2.dev/Linfala/examples/P/P.D194.mp3,Linfala/examples/P/P.D194.mp3,P.D194,P.D194.mp3
examples,1768,https://pub-78d23bf07fce46b3adc19df91148ffb8.r2.dev/Linfala/examples/P/P.D195.mp3,Linfala/examples/P/P.D195.mp3,P.D195,P.D195.mp3
examples,1769,https://pub-78d23bf07fce46b3adc19df91148ffb8.r2.dev/Linfala/examples/P/P.D196.mp3,Linfala/examples/P/P.D196.mp3,P.D196,P.D196.mp3
examples,1770,https://pub-78d23bf07fce46b3adc19df91148ffb8.r2.dev/Linfala/examples/P/P.D197.mp3,Linfala/examples/P/P.D197.mp3,P.D197,P.D197.mp3
examples,1771,https://pub-78d23bf07fce46b3adc19df91148ffb8.r2.dev/Linfala/examples/P/P.D198.mp3,Linfala/examples/P/P.D198.mp3,P.D198,P.D198.mp3
examples,1772,https://pub-78d23bf07fce46b3adc19df91148ffb8.r2.dev/Linfala/examples/P/P.D199.mp3,Linfala/examples/P/P.D199.mp3,P.D199,P.D199.mp3
examples,1564,https://pub-78d23bf07fce46b3adc19df91148ffb8.r2.dev/Linfala/examples/P/P.D20.mp3,Linfala/examples/P/P.D20.mp3,P.D20,P.D20.mp3
examples,1773,https://pub-78d23bf07fce46b3adc19df91148ffb8.r2.dev/Linfala/examples/P/P.D200.mp3,Linfala/examples/P/P.D200.mp3,P.D200,P.D200.mp3
examples,1774,https://pub-78d23bf07fce46b3adc19df91148ffb8.r2.dev/Linfala/examples/P/P.D201.mp3,Linfala/examples/P/P.D201.mp3,P.D201,P.D201.mp3
examples,1775,https://pub-78d23bf07fce46b3adc19df91148ffb8.r2.dev/Linfala/examples/P/P.D202.mp3,Linfala/examples/P/P.D202.mp3,P.D202,P.D202.mp3
examples,1776,https://pub-78d23bf07fce46b3adc19df91148ffb8.r2.dev/Linfala/examples/P/P.D203.mp3,Linfala/examples/P/P.D203.mp3,P.D203,P.D203.mp3
examples,1777,https://pub-78d23bf07fce46b3adc19df91148ffb8.r2.dev/Linfala/examples/P/P.D204.mp3,Linfala/examples/P/P.D204.mp3,P.D204,P.D204.mp3
examples,1778,https://pub-78d23bf07fce46b3adc19df91148ffb8.r2.dev/Linfala/examples/P/P.D205.mp3,Linfala/examples/P/P.D205.mp3,P.D205,P.D205.mp3
examples,1779,https://pub-78d23bf07fce46b3adc19df91148ffb8.r2.dev/Linfala/examples/P/P.D206.mp3,Linfala/examples/P/P.D206.mp3,P.D206,P.D206.mp3
examples,1781,https://pub-78d23bf07fce46b3adc19df91148ffb8.r2.dev/Linfala/examples/P/P.D207.mp3,Linfala/examples/P/P.D207.mp3,P.D207,P.D207.mp3
examples,1782,https://pub-78d23bf07fce46b3adc19df91148ffb8.r2.dev/Linfala/examples/P/P.D208.mp3,Linfala/examples/P/P.D208.mp3,P.D208,P.D208.mp3
examples,1784,https://pub-78d23bf07fce46b3adc19df91148ffb8.r2.dev/Linfala/examples/P/P.D209.mp3,Linfala/examples/P/P.D209.mp3,P.D209,P.D209.mp3
examples,1565,https://pub-78d23bf07fce46b3adc19df91148ffb8.r2.dev/Linfala/examples/P/P.D21.mp3,Linfala/examples/P/P.D21.mp3,P.D21,P.D21.mp3
examples,1785,https://pub-78d23bf07fce46b3adc19df91148ffb8.r2.dev/Linfala/examples/P/P.D210.mp3,Linfala/examples/P/P.D210.mp3,P.D210,P.D210.mp3
examples,1786,https://pub-78d23bf07fce46b3adc19df91148ffb8.r2.dev/Linfala/examples/P/P.D211.mp3,Linfala/examples/P/P.D211.mp3,P.D211,P.D211.mp3
examples,1787,https://pub-78d23bf07fce46b3adc19df91148ffb8.r2.dev/Linfala/examples/P/P.D212.mp3,Linfala/examples/P/P.D212.mp3,P.D212,P.D212.mp3
examples,1788,https://pub-78d23bf07fce46b3adc19df91148ffb8.r2.dev/Linfala/examples/P/P.D213.mp3,Linfala/examples/P/P.D213.mp3,P.D213,P.D213.mp3
examples,1789,https://pub-78d23bf07fce46b3adc19df91148ffb8.r2.dev/Linfala/examples/P/P.D214.mp3,Linfala/examples/P/P.D214.mp3,P.D214,P.D214.mp3
examples,1790,https://pub-78d23bf07fce46b3adc19df91148ffb8.r2.dev/Linfala/examples/P/P.D215.mp3,Linfala/examples/P/P.D215.mp3,P.D215,P.D215.mp3
examples,1791,https://pub-78d23bf07fce46b3adc19df91148ffb8.r2.dev/Linfala/examples/P/P.D216.mp3,Linfala/examples/P/P.D216.mp3,P.D216,P.D216.mp3
examples,1792,https://pub-78d23bf07fce46b3adc19df91148ffb8.r2.dev/Linfala/examples/P/P.D217.mp3,Linfala/examples/P/P.D217.mp3,P.D217,P.D217.mp3
examples,1793,https://pub-78d23bf07fce46b3adc19df91148ffb8.r2.dev/Linfala/examples/P/P.D218.mp3,Linfala/examples/P/P.D218.mp3,P.D218,P.D218.mp3
examples,1794,https://pub-78d23bf07fce46b3adc19df91148ffb8.r2.dev/Linfala/examples/P/P.D219.mp3,Linfala/examples/P/P.D219.mp3,P.D219,P.D219.mp3
examples,1567,https://pub-78d23bf07fce46b3adc19df91148ffb8.r2.dev/Linfala/examples/P/P.D22.mp3,Linfala/examples/P/P.D22.mp3,P.D22,P.D22.mp3
examples,1795,https://pub-78d23bf07fce46b3adc19df91148ffb8.r2.dev/Linfala/examples/P/P.D220.mp3,Linfala/examples/P/P.D220.mp3,P.D220,P.D220.mp3
examples,1796,https://pub-78d23bf07fce46b3adc19df91148ffb8.r2.dev/Linfala/examples/P/P.D221.mp3,Linfala/examples/P/P.D221.mp3,P.D221,P.D221.mp3
examples,1798,https://pub-78d23bf07fce46b3adc19df91148ffb8.r2.dev/Linfala/examples/P/P.D223.mp3,Linfala/examples/P/P.D223.mp3,P.D223,P.D223.mp3
examples,1799,https://pub-78d23bf07fce46b3adc19df91148ffb8.r2.dev/Linfala/examples/P/P.D224.mp3,Linfala/examples/P/P.D224.mp3,P.D224,P.D224.mp3
examples,1800,https://pub-78d23bf07fce46b3adc19df91148ffb8.r2.dev/Linfala/examples/P/P.D225.mp3,Linfala/examples/P/P.D225.mp3,P.D225,P.D225.mp3
examples,1801,https://pub-78d23bf07fce46b3adc19df91148ffb8.r2.dev/Linfala/examples/P/P.D226.mp3,Linfala/examples/P/P.D226.mp3,P.D226,P.D226.mp3
examples,1802,https://pub-78d23bf07fce46b3adc19df91148ffb8.r2.dev/Linfala/examples/P/P.D227.mp3,Linfala/examples/P/P.D227.mp3,P.D227,P.D227.mp3
examples,1804,https://pub-78d23bf07fce46b3adc19df91148ffb8.r2.dev/Linfala/examples/P/P.D228.mp3,Linfala/examples/P/P.D228.mp3,P.D228,P.D228.mp3
examples,1805,https://pub-78d23bf07fce46b3adc19df91148ffb8.r2.dev/Linfala/examples/P/P.D229.mp3,Linfala/examples/P/P.D229.mp3,P.D229,P.D229.mp3
examples,1568,https://pub-78d23bf07fce46b3adc19df91148ffb8.r2.dev/Linfala/examples/P/P.D23.mp3,Linfala/examples/P/P.D23.mp3,P.D23,P.D23.mp3
examples,1806,https://pub-78d23bf07fce46b3adc19df91148ffb8.r2.dev/Linfala/examples/P/P.D230.mp3,Linfala/examples/P/P.D230.mp3,P.D230,P.D230.mp3
examples,1807,https://pub-78d23bf07fce46b3adc19df91148ffb8.r2.dev/Linfala/examples/P/P.D231.mp3,Linfala/examples/P/P.D231.mp3,P.D231,P.D231.mp3
examples,1808,https://pub-78d23bf07fce46b3adc19df91148ffb8.r2.dev/Linfala/examples/P/P.D232.mp3,Linfala/examples/P/P.D232.mp3,P.D232,P.D232.mp3
examples,1809,https://pub-78d23bf07fce46b3adc19df91148ffb8.r2.dev/Linfala/examples/P/P.D233.mp3,Linfala/examples/P/P.D233.mp3,P.D233,P.D233.mp3
examples,1810,https://pub-78d23bf07fce46b3adc19df91148ffb8.r2.dev/Linfala/examples/P/P.D234.mp3,Linfala/examples/P/P.D234.mp3,P.D234,P.D234.mp3
examples,1811,https://pub-78d23bf07fce46b3adc19df91148ffb8.r2.dev/Linfala/examples/P/P.D235.mp3,Linfala/examples/P/P.D235.mp3,P.D235,P.D235.mp3
examples,1812,https://pub-78d23bf07fce46b3adc19df91148ffb8.r2.dev/Linfala/examples/P/P.D236.mp3,Linfala/examples/P/P.D236.mp3,P.D236,P.D236.mp3
examples,1813,https://pub-78d23bf07fce46b3adc19df91148ffb8.r2.dev/Linfala/examples/P/P.D237.mp3,Linfala/examples/P/P.D237.mp3,P.D237,P.D237.mp3
examples,1814,https://pub-78d23bf07fce46b3adc19df91148ffb8.r2.dev/Linfala/examples/P/P.D238.mp3,Linfala/examples/P/P.D238.mp3,P.D238,P.D238.mp3
examples,1815,https://pub-78d23bf07fce46b3adc19df91148ffb8.r2.dev/Linfala/examples/P/P.D239.mp3,Linfala/examples/P/P.D239.mp3,P.D239,P.D239.mp3
examples,1569,https://pub-78d23bf07fce46b3adc19df91148ffb8.r2.dev/Linfala/examples/P/P.D24.mp3,Linfala/examples/P/P.D24.mp3,P.D24,P.D24.mp3
examples,1816,https://pub-78d23bf07fce46b3adc19df91148ffb8.r2.dev/Linfala/examples/P/P.D240.mp3,Linfala/examples/P/P.D240.mp3,P.D240,P.D240.mp3
examples,1817,https://pub-78d23bf07fce46b3adc19df91148ffb8.r2.dev/Linfala/examples/P/P.D241.mp3,Linfala/examples/P/P.D241.mp3,P.D241,P.D241.mp3
examples,1818,https://pub-78d23bf07fce46b3adc19df91148ffb8.r2.dev/Linfala/examples/P/P.D242.mp3,Linfala/examples/P/P.D242.mp3,P.D242,P.D242.mp3
examples,1819,https://pub-78d23bf07fce46b3adc19df91148ffb8.r2.dev/Linfala/examples/P/P.D243.mp3,Linfala/examples/P/P.D243.mp3,P.D243,P.D243.mp3
examples,1821,https://pub-78d23bf07fce46b3adc19df91148ffb8.r2.dev/Linfala/examples/P/P.D244.mp3,Linfala/examples/P/P.D244.mp3,P.D244,P.D244.mp3
examples,1822,https://pub-78d23bf07fce46b3adc19df91148ffb8.r2.dev/Linfala/examples/P/P.D245.mp3,Linfala/examples/P/P.D245.mp3,P.D245,P.D245.mp3
examples,1823,https://pub-78d23bf07fce46b3adc19df91148ffb8.r2.dev/Linfala/examples/P/P.D246.mp3,Linfala/examples/P/P.D246.mp3,P.D246,P.D246.mp3
examples,1824,https://pub-78d23bf07fce46b3adc19df91148ffb8.r2.dev/Linfala/examples/P/P.D247.mp3,Linfala/examples/P/P.D247.mp3,P.D247,P.D247.mp3
examples,1825,https://pub-78d23bf07fce46b3adc19df91148ffb8.r2.dev/Linfala/examples/P/P.D248.mp3,Linfala/examples/P/P.D248.mp3,P.D248,P.D248.mp3
examples,1826,https://pub-78d23bf07fce46b3adc19df91148ffb8.r2.dev/Linfala/examples/P/P.D249.mp3,Linfala/examples/P/P.D249.mp3,P.D249,P.D249.mp3
examples,1571,https://pub-78d23bf07fce46b3adc19df91148ffb8.r2.dev/Linfala/examples/P/P.D25.mp3,Linfala/examples/P/P.D25.mp3,P.D25,P.D25.mp3
examples,1828,https://pub-78d23bf07fce46b3adc19df91148ffb8.r2.dev/Linfala/examples/P/P.D250.mp3,Linfala/examples/P/P.D250.mp3,P.D250,P.D250.mp3
examples,1829,https://pub-78d23bf07fce46b3adc19df91148ffb8.r2.dev/Linfala/examples/P/P.D251.mp3,Linfala/examples/P/P.D251.mp3,P.D251,P.D251.mp3
examples,1830,https://pub-78d23bf07fce46b3adc19df91148ffb8.r2.dev/Linfala/examples/P/P.D252.mp3,Linfala/examples/P/P.D252.mp3,P.D252,P.D252.mp3
examples,1831,https://pub-78d23bf07fce46b3adc19df91148ffb8.r2.dev/Linfala/examples/P/P.D253.mp3,Linfala/examples/P/P.D253.mp3,P.D253,P.D253.mp3
examples,1832,https://pub-78d23bf07fce46b3adc19df91148ffb8.r2.dev/Linfala/examples/P/P.D254.mp3,Linfala/examples/P/P.D254.mp3,P.D254,P.D254.mp3
examples,1833,https://pub-78d23bf07fce46b3adc19df91148ffb8.r2.dev/Linfala/examples/P/P.D255.mp3,Linfala/examples/P/P.D255.mp3,P.D255,P.D255.mp3
examples,1834,https://pub-78d23bf07fce46b3adc19df91148ffb8.r2.dev/Linfala/examples/P/P.D256.mp3,Linfala/examples/P/P.D256.mp3,P.D256,P.D256.mp3
examples,1835,https://pub-78d23bf07fce46b3adc19df91148ffb8.r2.dev/Linfala/examples/P/P.D257.mp3,Linfala/examples/P/P.D257.mp3,P.D257,P.D257.mp3
examples,1836,https://pub-78d23bf07fce46b3adc19df91148ffb8.r2.dev/Linfala/examples/P/P.D258.mp3,Linfala/examples/P/P.D258.mp3,P.D258,P.D258.mp3
examples,1837,https://pub-78d23bf07fce46b3adc19df91148ffb8.r2.dev/Linfala/examples/P/P.D259.mp3,Linfala/examples/P/P.D259.mp3,P.D259,P.D259.mp3
examples,1572,https://pub-78d23bf07fce46b3adc19df91148ffb8.r2.dev/Linfala/examples/P/P.D26.mp3,Linfala/examples/P/P.D26.mp3,P.D26,P.D26.mp3
examples,1838,https://pub-78d23bf07fce46b3adc19df91148ffb8.r2.dev/Linfala/examples/P/P.D260.mp3,Linfala/examples/P/P.D260.mp3,P.D260,P.D260.mp3
examples,1839,https://pub-78d23bf07fce46b3adc19df91148ffb8.r2.dev/Linfala/examples/P/P.D261.mp3,Linfala/examples/P/P.D261.mp3,P.D261,P.D261.mp3
examples,1840,https://pub-78d23bf07fce46b3adc19df91148ffb8.r2.dev/Linfala/examples/P/P.D262.mp3,Linfala/examples/P/P.D262.mp3,P.D262,P.D262.mp3
examples,1841,https://pub-78d23bf07fce46b3adc19df91148ffb8.r2.dev/Linfala/examples/P/P.D263.mp3,Linfala/examples/P/P.D263.mp3,P.D263,P.D263.mp3
examples,1843,https://pub-78d23bf07fce46b3adc19df91148ffb8.r2.dev/Linfala/examples/P/P.D265.mp3,Linfala/examples/P/P.D265.mp3,P.D265,P.D265.mp3
examples,1573,https://pub-78d23bf07fce46b3adc19df91148ffb8.r2.dev/Linfala/examples/P/P.D27.mp3,Linfala/examples/P/P.D27.mp3,P.D27,P.D27.mp3
examples,1574,https://pub-78d23bf07fce46b3adc19df91148ffb8.r2.dev/Linfala/examples/P/P.D28.mp3,Linfala/examples/P/P.D28.mp3,P.D28,P.D28.mp3
examples,1575,https://pub-78d23bf07fce46b3adc19df91148ffb8.r2.dev/Linfala/examples/P/P.D29.mp3,Linfala/examples/P/P.D29.mp3,P.D29,P.D29.mp3
examples,1547,https://pub-78d23bf07fce46b3adc19df91148ffb8.r2.dev/Linfala/examples/P/P.D3.mp3,Linfala/examples/P/P.D3.mp3,P.D3,P.D3.mp3
examples,1576,https://pub-78d23bf07fce46b3adc19df91148ffb8.r2.dev/Linfala/examples/P/P.D30.mp3,Linfala/examples/P/P.D30.mp3,P.D30,P.D30.mp3
examples,1577,https://pub-78d23bf07fce46b3adc19df91148ffb8.r2.dev/Linfala/examples/P/P.D31.mp3,Linfala/examples/P/P.D31.mp3,P.D31,P.D31.mp3
examples,1578,https://pub-78d23bf07fce46b3adc19df91148ffb8.r2.dev/Linfala/examples/P/P.D32.mp3,Linfala/examples/P/P.D32.mp3,P.D32,P.D32.mp3
examples,1579,https://pub-78d23bf07fce46b3adc19df91148ffb8.r2.dev/Linfala/examples/P/P.D33.mp3,Linfala/examples/P/P.D33.mp3,P.D33,P.D33.mp3
examples,1580,https://pub-78d23bf07fce46b3adc19df91148ffb8.r2.dev/Linfala/examples/P/P.D34.mp3,Linfala/examples/P/P.D34.mp3,P.D34,P.D34.mp3
examples,1581,https://pub-78d23bf07fce46b3adc19df91148ffb8.r2.dev/Linfala/examples/P/P.D35.mp3,Linfala/examples/P/P.D35.mp3,P.D35,P.D35.mp3
examples,1582,https://pub-78d23bf07fce46b3adc19df91148ffb8.r2.dev/Linfala/examples/P/P.D36.mp3,Linfala/examples/P/P.D36.mp3,P.D36,P.D36.mp3
examples,1583,https://pub-78d23bf07fce46b3adc19df91148ffb8.r2.dev/Linfala/examples/P/P.D37.mp3,Linfala/examples/P/P.D37.mp3,P.D37,P.D37.mp3
examples,1585,https://pub-78d23bf07fce46b3adc19df91148ffb8.r2.dev/Linfala/examples/P/P.D38.mp3,Linfala/examples/P/P.D38.mp3,P.D38,P.D38.mp3
examples,1586,https://pub-78d23bf07fce46b3adc19df91148ffb8.r2.dev/Linfala/examples/P/P.D39.mp3,Linfala/examples/P/P.D39.mp3,P.D39,P.D39.mp3
examples,1548,https://pub-78d23bf07fce46b3adc19df91148ffb8.r2.dev/Linfala/examples/P/P.D4.mp3,Linfala/examples/P/P.D4.mp3,P.D4,P.D4.mp3
examples,1588,https://pub-78d23bf07fce46b3adc19df91148ffb8.r2.dev/Linfala/examples/P/P.D40.mp3,Linfala/examples/P/P.D40.mp3,P.D40,P.D40.mp3
examples,1590,https://pub-78d23bf07fce46b3adc19df91148ffb8.r2.dev/Linfala/examples/P/P.D41.mp3,Linfala/examples/P/P.D41.mp3,P.D41,P.D41.mp3
examples,1591,https://pub-78d23bf07fce46b3adc19df91148ffb8.r2.dev/Linfala/examples/P/P.D42.mp3,Linfala/examples/P/P.D42.mp3,P.D42,P.D42.mp3
examples,1592,https://pub-78d23bf07fce46b3adc19df91148ffb8.r2.dev/Linfala/examples/P/P.D43.mp3,Linfala/examples/P/P.D43.mp3,P.D43,P.D43.mp3
examples,1593,https://pub-78d23bf07fce46b3adc19df91148ffb8.r2.dev/Linfala/examples/P/P.D44.mp3,Linfala/examples/P/P.D44.mp3,P.D44,P.D44.mp3
examples,1595,https://pub-78d23bf07fce46b3adc19df91148ffb8.r2.dev/Linfala/examples/P/P.D45.mp3,Linfala/examples/P/P.D45.mp3,P.D45,P.D45.mp3
examples,1596,https://pub-78d23bf07fce46b3adc19df91148ffb8.r2.dev/Linfala/examples/P/P.D46.mp3,Linfala/examples/P/P.D46.mp3,P.D46,P.D46.mp3
examples,1598,https://pub-78d23bf07fce46b3adc19df91148ffb8.r2.dev/Linfala/examples/P/P.D47.mp3,Linfala/examples/P/P.D47.mp3,P.D47,P.D47.mp3
examples,1599,https://pub-78d23bf07fce46b3adc19df91148ffb8.r2.dev/Linfala/examples/P/P.D48.mp3,Linfala/examples/P/P.D48.mp3,P.D48,P.D48.mp3
examples,1603,https://pub-78d23bf07fce46b3adc19df91148ffb8.r2.dev/Linfala/examples/P/P.D49.mp3,Linfala/examples/P/P.D49.mp3,P.D49,P.D49.mp3
examples,1549,https://pub-78d23bf07fce46b3adc19df91148ffb8.r2.dev/Linfala/examples/P/P.D5.mp3,Linfala/examples/P/P.D5.mp3,P.D5,P.D5.mp3
examples,1604,https://pub-78d23bf07fce46b3adc19df91148ffb8.r2.dev/Linfala/examples/P/P.D50.mp3,Linfala/examples/P/P.D50.mp3,P.D50,P.D50.mp3
examples,1605,https://pub-78d23bf07fce46b3adc19df91148ffb8.r2.dev/Linfala/examples/P/P.D51.mp3,Linfala/examples/P/P.D51.mp3,P.D51,P.D51.mp3
examples,1606,https://pub-78d23bf07fce46b3adc19df91148ffb8.r2.dev/Linfala/examples/P/P.D52.mp3,Linfala/examples/P/P.D52.mp3,P.D52,P.D52.mp3
examples,1608,https://pub-78d23bf07fce46b3adc19df91148ffb8.r2.dev/Linfala/examples/P/P.D53.mp3,Linfala/examples/P/P.D53.mp3,P.D53,P.D53.mp3
examples,1609,https://pub-78d23bf07fce46b3adc19df91148ffb8.r2.dev/Linfala/examples/P/P.D54.mp3,Linfala/examples/P/P.D54.mp3,P.D54,P.D54.mp3
examples,1610,https://pub-78d23bf07fce46b3adc19df91148ffb8.r2.dev/Linfala/examples/P/P.D55.mp3,Linfala/examples/P/P.D55.mp3,P.D55,P.D55.mp3
examples,1611,https://pub-78d23bf07fce46b3adc19df91148ffb8.r2.dev/Linfala/examples/P/P.D56.mp3,Linfala/examples/P/P.D56.mp3,P.D56,P.D56.mp3
examples,1612,https://pub-78d23bf07fce46b3adc19df91148ffb8.r2.dev/Linfala/examples/P/P.D57.mp3,Linfala/examples/P/P.D57.mp3,P.D57,P.D57.mp3
examples,1613,https://pub-78d23bf07fce46b3adc19df91148ffb8.r2.dev/Linfala/examples/P/P.D58.mp3,Linfala/examples/P/P.D58.mp3,P.D58,P.D58.mp3
examples,1614,https://pub-78d23bf07fce46b3adc19df91148ffb8.r2.dev/Linfala/examples/P/P.D59.mp3,Linfala/examples/P/P.D59.mp3,P.D59,P.D59.mp3
examples,1550,https://pub-78d23bf07fce46b3adc19df91148ffb8.r2.dev/Linfala/examples/P/P.D6.mp3,Linfala/examples/P/P.D6.mp3,P.D6,P.D6.mp3
examples,1615,https://pub-78d23bf07fce46b3adc19df91148ffb8.r2.dev/Linfala/examples/P/P.D60.mp3,Linfala/examples/P/P.D60.mp3,P.D60,P.D60.mp3
examples,1616,https://pub-78d23bf07fce46b3adc19df91148ffb8.r2.dev/Linfala/examples/P/P.D61.mp3,Linfala/examples/P/P.D61.mp3,P.D61,P.D61.mp3
examples,1617,https://pub-78d23bf07fce46b3adc19df91148ffb8.r2.dev/Linfala/examples/P/P.D62.mp3,Linfala/examples/P/P.D62.mp3,P.D62,P.D62.mp3
examples,1618,https://pub-78d23bf07fce46b3adc19df91148ffb8.r2.dev/Linfala/examples/P/P.D63.mp3,Linfala/examples/P/P.D63.mp3,P.D63,P.D63.mp3
examples,1620,https://pub-78d23bf07fce46b3adc19df91148ffb8.r2.dev/Linfala/examples/P/P.D64.mp3,Linfala/examples/P/P.D64.mp3,P.D64,P.D64.mp3
examples,1621,https://pub-78d23bf07fce46b3adc19df91148ffb8.r2.dev/Linfala/examples/P/P.D65.mp3,Linfala/examples/P/P.D65.mp3,P.D65,P.D65.mp3
examples,1623,https://pub-78d23bf07fce46b3adc19df91148ffb8.r2.dev/Linfala/examples/P/P.D66.mp3,Linfala/examples/P/P.D66.mp3,P.D66,P.D66.mp3
examples,1624,https://pub-78d23bf07fce46b3adc19df91148ffb8.r2.dev/Linfala/examples/P/P.D67.mp3,Linfala/examples/P/P.D67.mp3,P.D67,P.D67.mp3
examples,1625,https://pub-78d23bf07fce46b3adc19df91148ffb8.r2.dev/Linfala/examples/P/P.D68.mp3,Linfala/examples/P/P.D68.mp3,P.D68,P.D68.mp3
examples,1627,https://pub-78d23bf07fce46b3adc19df91148ffb8.r2.dev/Linfala/examples/P/P.D69.mp3,Linfala/examples/P/P.D69.mp3,P.D69,P.D69.mp3
examples,1551,https://pub-78d23bf07fce46b3adc19df91148ffb8.r2.dev/Linfala/examples/P/P.D7.mp3,Linfala/examples/P/P.D7.mp3,P.D7,P.D7.mp3
examples,1628,https://pub-78d23bf07fce46b3adc19df91148ffb8.r2.dev/Linfala/examples/P/P.D70.mp3,Linfala/examples/P/P.D70.mp3,P.D70,P.D70.mp3
examples,1629,https://pub-78d23bf07fce46b3adc19df91148ffb8.r2.dev/Linfala/examples/P/P.D71.mp3,Linfala/examples/P/P.D71.mp3,P.D71,P.D71.mp3
examples,1630,https://pub-78d23bf07fce46b3adc19df91148ffb8.r2.dev/Linfala/examples/P/P.D72.mp3,Linfala/examples/P/P.D72.mp3,P.D72,P.D72.mp3
examples,1631,https://pub-78d23bf07fce46b3adc19df91148ffb8.r2.dev/Linfala/examples/P/P.D73.mp3,Linfala/examples/P/P.D73.mp3,P.D73,P.D73.mp3
examples,1632,https://pub-78d23bf07fce46b3adc19df91148ffb8.r2.dev/Linfala/examples/P/P.D74.mp3,Linfala/examples/P/P.D74.mp3,P.D74,P.D74.mp3
examples,1633,https://pub-78d23bf07fce46b3adc19df91148ffb8.r2.dev/Linfala/examples/P/P.D75.mp3,Linfala/examples/P/P.D75.mp3,P.D75,P.D75.mp3
examples,1635,https://pub-78d23bf07fce46b3adc19df91148ffb8.r2.dev/Linfala/examples/P/P.D76.mp3,Linfala/examples/P/P.D76.mp3,P.D76,P.D76.mp3
examples,1636,https://pub-78d23bf07fce46b3adc19df91148ffb8.r2.dev/Linfala/examples/P/P.D77.mp3,Linfala/examples/P/P.D77.mp3,P.D77,P.D77.mp3
examples,1637,https://pub-78d23bf07fce46b3adc19df91148ffb8.r2.dev/Linfala/examples/P/P.D78.mp3,Linfala/examples/P/P.D78.mp3,P.D78,P.D78.mp3
examples,1638,https://pub-78d23bf07fce46b3adc19df91148ffb8.r2.dev/Linfala/examples/P/P.D79.mp3,Linfala/examples/P/P.D79.mp3,P.D79,P.D79.mp3
examples,1552,https://pub-78d23bf07fce46b3adc19df91148ffb8.r2.dev/Linfala/examples/P/P.D8.mp3,Linfala/examples/P/P.D8.mp3,P.D8,P.D8.mp3
examples,1639,https://pub-78d23bf07fce46b3adc19df91148ffb8.r2.dev/Linfala/examples/P/P.D80.mp3,Linfala/examples/P/P.D80.mp3,P.D80,P.D80.mp3
examples,1640,https://pub-78d23bf07fce46b3adc19df91148ffb8.r2.dev/Linfala/examples/P/P.D81.mp3,Linfala/examples/P/P.D81.mp3,P.D81,P.D81.mp3
examples,1641,https://pub-78d23bf07fce46b3adc19df91148ffb8.r2.dev/Linfala/examples/P/P.D82.mp3,Linfala/examples/P/P.D82.mp3,P.D82,P.D82.mp3
examples,1642,https://pub-78d23bf07fce46b3adc19df91148ffb8.r2.dev/Linfala/examples/P/P.D83.mp3,Linfala/examples/P/P.D83.mp3,P.D83,P.D83.mp3
examples,1643,https://pub-78d23bf07fce46b3adc19df91148ffb8.r2.dev/Linfala/examples/P/P.D84.mp3,Linfala/examples/P/P.D84.mp3,P.D84,P.D84.mp3
examples,1644,https://pub-78d23bf07fce46b3adc19df91148ffb8.r2.dev/Linfala/examples/P/P.D85.mp3,Linfala/examples/P/P.D85.mp3,P.D85,P.D85.mp3
examples,1645,https://pub-78d23bf07fce46b3adc19df91148ffb8.r2.dev/Linfala/examples/P/P.D86.mp3,Linfala/examples/P/P.D86.mp3,P.D86,P.D86.mp3
examples,1647,https://pub-78d23bf07fce46b3adc19df91148ffb8.r2.dev/Linfala/examples/P/P.D87.mp3,Linfala/examples/P/P.D87.mp3,P.D87,P.D87.mp3
examples,1648,https://pub-78d23bf07fce46b3adc19df91148ffb8.r2.dev/Linfala/examples/P/P.D88.mp3,Linfala/examples/P/P.D88.mp3,P.D88,P.D88.mp3
examples,1649,https://pub-78d23bf07fce46b3adc19df91148ffb8.r2.dev/Linfala/examples/P/P.D89.mp3,Linfala/examples/P/P.D89.mp3,P.D89,P.D89.mp3
examples,1553,https://pub-78d23bf07fce46b3adc19df91148ffb8.r2.dev/Linfala/examples/P/P.D9.mp3,Linfala/examples/P/P.D9.mp3,P.D9,P.D9.mp3
examples,1651,https://pub-78d23bf07fce46b3adc19df91148ffb8.r2.dev/Linfala/examples/P/P.D90.mp3,Linfala/examples/P/P.D90.mp3,P.D90,P.D90.mp3
examples,1653,https://pub-78d23bf07fce46b3adc19df91148ffb8.r2.dev/Linfala/examples/P/P.D91.mp3,Linfala/examples/P/P.D91.mp3,P.D91,P.D91.mp3
examples,1654,https://pub-78d23bf07fce46b3adc19df91148ffb8.r2.dev/Linfala/examples/P/P.D92.mp3,Linfala/examples/P/P.D92.mp3,P.D92,P.D92.mp3
examples,1655,https://pub-78d23bf07fce46b3adc19df91148ffb8.r2.dev/Linfala/examples/P/P.D93.mp3,Linfala/examples/P/P.D93.mp3,P.D93,P.D93.mp3
examples,1656,https://pub-78d23bf07fce46b3adc19df91148ffb8.r2.dev/Linfala/examples/P/P.D94.mp3,Linfala/examples/P/P.D94.mp3,P.D94,P.D94.mp3
examples,1657,https://pub-78d23bf07fce46b3adc19df91148ffb8.r2.dev/Linfala/examples/P/P.D95.mp3,Linfala/examples/P/P.D95.mp3,P.D95,P.D95.mp3
examples,1658,https://pub-78d23bf07fce46b3adc19df91148ffb8.r2.dev/Linfala/examples/P/P.D96.mp3,Linfala/examples/P/P.D96.mp3,P.D96,P.D96.mp3
examples,1659,https://pub-78d23bf07fce46b3adc19df91148ffb8.r2.dev/Linfala/examples/P/P.D97.mp3,Linfala/examples/P/P.D97.mp3,P.D97,P.D97.mp3
examples,1660,https://pub-78d23bf07fce46b3adc19df91148ffb8.r2.dev/Linfala/examples/P/P.D98.mp3,Linfala/examples/P/P.D98.mp3,P.D98,P.D98.mp3
examples,1661,https://pub-78d23bf07fce46b3adc19df91148ffb8.r2.dev/Linfala/examples/P/P.D99.mp3,Linfala/examples/P/P.D99.mp3,P.D99,P.D99.mp3
senses,1684,https://pub-78d23bf07fce46b3adc19df91148ffb8.r2.dev/Linfala/senses/P/P.F121.mp3,Linfala/senses/P/P.F121.mp3,P.F121,P.F121.mp3
senses,1699,https://pub-78d23bf07fce46b3adc19df91148ffb8.r2.dev/Linfala/senses/P/P.F135.mp3,Linfala/senses/P/P.F135.mp3,P.F135,P.F135.mp3
senses,1708,https://pub-78d23bf07fce46b3adc19df91148ffb8.r2.dev/Linfala/senses/P/P.F143.mp3,Linfala/senses/P/P.F143.mp3,P.F143,P.F143.mp3
senses,1731,https://pub-78d23bf07fce46b3adc19df91148ffb8.r2.dev/Linfala/senses/P/P.F163.mp3,Linfala/senses/P/P.F163.mp3,P.F163,P.F163.mp3
senses,1739,https://pub-78d23bf07fce46b3adc19df91148ffb8.r2.dev/Linfala/senses/P/P.F170.mp3,Linfala/senses/P/P.F170.mp3,P.F170,P.F170.mp3
senses,1744,https://pub-78d23bf07fce46b3adc19df91148ffb8.r2.dev/Linfala/senses/P/P.F174.mp3,Linfala/senses/P/P.F174.mp3,P.F174,P.F174.mp3
senses,1746,https://pub-78d23bf07fce46b3adc19df91148ffb8.r2.dev/Linfala/senses/P/P.F175.mp3,Linfala/senses/P/P.F175.mp3,P.F175,P.F175.mp3
senses,1759,https://pub-78d23bf07fce46b3adc19df91148ffb8.r2.dev/Linfala/senses/P/P.F187.mp3,Linfala/senses/P/P.F187.mp3,P.F187,P.F187.mp3
senses,1767,https://pub-78d23bf07fce46b3adc19df91148ffb8.r2.dev/Linfala/senses/P/P.F194.mp3,Linfala/senses/P/P.F194.mp3,P.F194,P.F194.mp3
senses,1780,https://pub-78d23bf07fce46b3adc19df91148ffb8.r2.dev/Linfala/senses/P/P.F206.mp3,Linfala/senses/P/P.F206.mp3,P.F206,P.F206.mp3
senses,1783,https://pub-78d23bf07fce46b3adc19df91148ffb8.r2.dev/Linfala/senses/P/P.F208.mp3,Linfala/senses/P/P.F208.mp3,P.F208,P.F208.mp3
senses,1566,https://pub-78d23bf07fce46b3adc19df91148ffb8.r2.dev/Linfala/senses/P/P.F21.mp3,Linfala/senses/P/P.F21.mp3,P.F21,P.F21.mp3
senses,1803,https://pub-78d23bf07fce46b3adc19df91148ffb8.r2.dev/Linfala/senses/P/P.F227.mp3,Linfala/senses/P/P.F227.mp3,P.F227,P.F227.mp3
senses,1570,https://pub-78d23bf07fce46b3adc19df91148ffb8.r2.dev/Linfala/senses/P/P.F24.mp3,Linfala/senses/P/P.F24.mp3,P.F24,P.F24.mp3
senses,1820,https://pub-78d23bf07fce46b3adc19df91148ffb8.r2.dev/Linfala/senses/P/P.F243.mp3,Linfala/senses/P/P.F243.mp3,P.F243,P.F243.mp3
senses,1827,https://pub-78d23bf07fce46b3adc19df91148ffb8.r2.dev/Linfala/senses/P/P.F249.mp3,Linfala/senses/P/P.F249.mp3,P.F249,P.F249.mp3
senses,1584,https://pub-78d23bf07fce46b3adc19df91148ffb8.r2.dev/Linfala/senses/P/P.F37.mp3,Linfala/senses/P/P.F37.mp3,P.F37,P.F37.mp3
senses,1587,https://pub-78d23bf07fce46b3adc19df91148ffb8.r2.dev/Linfala/senses/P/P.F39.mp3,Linfala/senses/P/P.F39.mp3,P.F39,P.F39.mp3
senses,1589,https://pub-78d23bf07fce46b3adc19df91148ffb8.r2.dev/Linfala/senses/P/P.F40.mp3,Linfala/senses/P/P.F40.mp3,P.F40,P.F40.mp3
senses,1594,https://pub-78d23bf07fce46b3adc19df91148ffb8.r2.dev/Linfala/senses/P/P.F44.mp3,Linfala/senses/P/P.F44.mp3,P.F44,P.F44.mp3
senses,1597,https://pub-78d23bf07fce46b3adc19df91148ffb8.r2.dev/Linfala/senses/P/P.F46.mp3,Linfala/senses/P/P.F46.mp3,P.F46,P.F46.mp3
senses,1600,https://pub-78d23bf07fce46b3adc19df91148ffb8.r2.dev/Linfala/senses/P/P.F48.mp3,Linfala/senses/P/P.F48.mp3,P.F48,P.F48.mp3
senses,1607,https://pub-78d23bf07fce46b3adc19df91148ffb8.r2.dev/Linfala/senses/P/P.F52.mp3,Linfala/senses/P/P.F52.mp3,P.F52,P.F52.mp3
senses,1619,https://pub-78d23bf07fce46b3adc19df91148ffb8.r2.dev/Linfala/senses/P/P.F63.mp3,Linfala/senses/P/P.F63.mp3,P.F63,P.F63.mp3
senses,1622,https://pub-78d23bf07fce46b3adc19df91148ffb8.r2.dev/Linfala/senses/P/P.F65.mp3,Linfala/senses/P/P.F65.mp3,P.F65,P.F65.mp3
senses,1626,https://pub-78d23bf07fce46b3adc19df91148ffb8.r2.dev/Linfala/senses/P/P.F68.mp3,Linfala/senses/P/P.F68.mp3,P.F68,P.F68.mp3
senses,1634,https://pub-78d23bf07fce46b3adc19df91148ffb8.r2.dev/Linfala/senses/P/P.F75.mp3,Linfala/senses/P/P.F75.mp3,P.F75,P.F75.mp3
senses,1646,https://pub-78d23bf07fce46b3adc19df91148ffb8.r2.dev/Linfala/senses/P/P.F86.mp3,Linfala/senses/P/P.F86.mp3,P.F86,P.F86.mp3
senses,1650,https://pub-78d23bf07fce46b3adc19df91148ffb8.r2.dev/Linfala/senses/P/P.F89.mp3,Linfala/senses/P/P.F89.mp3,P.F89,P.F89.mp3
senses,1652,https://pub-78d23bf07fce46b3adc19df91148ffb8.r2.dev/Linfala/senses/P/P.F90.mp3,Linfala/senses/P/P.F90.mp3,P.F90,P.F90.mp3
examples,1684,https://pub-78d23bf07fce46b3adc19df91148ffb8.r2.dev/Linfala/examples/P/P.G121.mp3,Linfala/examples/P/P.G121.mp3,P.G121,P.G121.mp3
examples,1699,https://pub-78d23bf07fce46b3adc19df91148ffb8.r2.dev/Linfala/examples/P/P.G135.mp3,Linfala/examples/P/P.G135.mp3,P.G135,P.G135.mp3
examples,1708,https://pub-78d23bf07fce46b3adc19df91148ffb8.r2.dev/Linfala/examples/P/P.G143.mp3,Linfala/examples/P/P.G143.mp3,P.G143,P.G143.mp3
examples,1731,https://pub-78d23bf07fce46b3adc19df91148ffb8.r2.dev/Linfala/examples/P/P.G163.mp3,Linfala/examples/P/P.G163.mp3,P.G163,P.G163.mp3
examples,1744,https://pub-78d23bf07fce46b3adc19df91148ffb8.r2.dev/Linfala/examples/P/P.G174.mp3,Linfala/examples/P/P.G174.mp3,P.G174,P.G174.mp3
examples,1746,https://pub-78d23bf07fce46b3adc19df91148ffb8.r2.dev/Linfala/examples/P/P.G175.mp3,Linfala/examples/P/P.G175.mp3,P.G175,P.G175.mp3
examples,1759,https://pub-78d23bf07fce46b3adc19df91148ffb8.r2.dev/Linfala/examples/P/P.G187.mp3,Linfala/examples/P/P.G187.mp3,P.G187,P.G187.mp3
examples,1767,https://pub-78d23bf07fce46b3adc19df91148ffb8.r2.dev/Linfala/examples/P/P.G194.mp3,Linfala/examples/P/P.G194.mp3,P.G194,P.G194.mp3
examples,1780,https://pub-78d23bf07fce46b3adc19df91148ffb8.r2.dev/Linfala/examples/P/P.G206.mp3,Linfala/examples/P/P.G206.mp3,P.G206,P.G206.mp3
examples,1783,https://pub-78d23bf07fce46b3adc19df91148ffb8.r2.dev/Linfala/examples/P/P.G208.mp3,Linfala/examples/P/P.G208.mp3,P.G208,P.G208.mp3
examples,1566,https://pub-78d23bf07fce46b3adc19df91148ffb8.r2.dev/Linfala/examples/P/P.G21.mp3,Linfala/examples/P/P.G21.mp3,P.G21,P.G21.mp3
examples,1803,https://pub-78d23bf07fce46b3adc19df91148ffb8.r2.dev/Linfala/examples/P/P.G227.mp3,Linfala/examples/P/P.G227.mp3,P.G227,P.G227.mp3
examples,1570,https://pub-78d23bf07fce46b3adc19df91148ffb8.r2.dev/Linfala/examples/P/P.G24.mp3,Linfala/examples/P/P.G24.mp3,P.G24,P.G24.mp3
examples,1820,https://pub-78d23bf07fce46b3adc19df91148ffb8.r2.dev/Linfala/examples/P/P.G243.mp3,Linfala/examples/P/P.G243.mp3,P.G243,P.G243.mp3
examples,1827,https://pub-78d23bf07fce46b3adc19df91148ffb8.r2.dev/Linfala/examples/P/P.G249.mp3,Linfala/examples/P/P.G249.mp3,P.G249,P.G249.mp3
examples,1584,https://pub-78d23bf07fce46b3adc19df91148ffb8.r2.dev/Linfala/examples/P/P.G37.mp3,Linfala/examples/P/P.G37.mp3,P.G37,P.G37.mp3
examples,1587,https://pub-78d23bf07fce46b3adc19df91148ffb8.r2.dev/Linfala/examples/P/P.G39.mp3,Linfala/examples/P/P.G39.mp3,P.G39,P.G39.mp3
examples,1589,https://pub-78d23bf07fce46b3adc19df91148ffb8.r2.dev/Linfala/examples/P/P.G40.mp3,Linfala/examples/P/P.G40.mp3,P.G40,P.G40.mp3
examples,1594,https://pub-78d23bf07fce46b3adc19df91148ffb8.r2.dev/Linfala/examples/P/P.G44.mp3,Linfala/examples/P/P.G44.mp3,P.G44,P.G44.mp3
examples,1597,https://pub-78d23bf07fce46b3adc19df91148ffb8.r2.dev/Linfala/examples/P/P.G46.mp3,Linfala/examples/P/P.G46.mp3,P.G46,P.G46.mp3
examples,1600,https://pub-78d23bf07fce46b3adc19df91148ffb8.r2.dev/Linfala/examples/P/P.G48.mp3,Linfala/examples/P/P.G48.mp3,P.G48,P.G48.mp3
examples,1607,https://pub-78d23bf07fce46b3adc19df91148ffb8.r2.dev/Linfala/examples/P/P.G52.mp3,Linfala/examples/P/P.G52.mp3,P.G52,P.G52.mp3
examples,1619,https://pub-78d23bf07fce46b3adc19df91148ffb8.r2.dev/Linfala/examples/P/P.G63.mp3,Linfala/examples/P/P.G63.mp3,P.G63,P.G63.mp3
examples,1622,https://pub-78d23bf07fce46b3adc19df91148ffb8.r2.dev/Linfala/examples/P/P.G65.mp3,Linfala/examples/P/P.G65.mp3,P.G65,P.G65.mp3
examples,1626,https://pub-78d23bf07fce46b3adc19df91148ffb8.r2.dev/Linfala/examples/P/P.G68.mp3,Linfala/examples/P/P.G68.mp3,P.G68,P.G68.mp3
examples,1634,https://pub-78d23bf07fce46b3adc19df91148ffb8.r2.dev/Linfala/examples/P/P.G75.mp3,Linfala/examples/P/P.G75.mp3,P.G75,P.G75.mp3
examples,1646,https://pub-78d23bf07fce46b3adc19df91148ffb8.r2.dev/Linfala/examples/P/P.G86.mp3,Linfala/examples/P/P.G86.mp3,P.G86,P.G86.mp3
examples,1650,https://pub-78d23bf07fce46b3adc19df91148ffb8.r2.dev/Linfala/examples/P/P.G89.mp3,Linfala/examples/P/P.G89.mp3,P.G89,P.G89.mp3
examples,1652,https://pub-78d23bf07fce46b3adc19df91148ffb8.r2.dev/Linfala/examples/P/P.G90.mp3,Linfala/examples/P/P.G90.mp3,P.G90,P.G90.mp3
senses,1709,https://pub-78d23bf07fce46b3adc19df91148ffb8.r2.dev/Linfala/senses/P/P.I143.mp3,Linfala/senses/P/P.I143.mp3,P.I143,P.I143.mp3
senses,1601,https://pub-78d23bf07fce46b3adc19df91148ffb8.r2.dev/Linfala/senses/P/P.I48.mp3,Linfala/senses/P/P.I48.mp3,P.I48,P.I48.mp3
examples,1709,https://pub-78d23bf07fce46b3adc19df91148ffb8.r2.dev/Linfala/examples/P/P.J143.mp3,Linfala/examples/P/P.J143.mp3,P.J143,P.J143.mp3
examples,1601,https://pub-78d23bf07fce46b3adc19df91148ffb8.r2.dev/Linfala/examples/P/P.J48.mp3,Linfala/examples/P/P.J48.mp3,P.J48,P.J48.mp3
senses,1710,https://pub-78d23bf07fce46b3adc19df91148ffb8.r2.dev/Linfala/senses/P/P.L143.mp3,Linfala/senses/P/P.L143.mp3,P.L143,P.L143.mp3
senses,1602,https://pub-78d23bf07fce46b3adc19df91148ffb8.r2.dev/Linfala/senses/P/P.L48.mp3,Linfala/senses/P/P.L48.mp3,P.L48,P.L48.mp3
examples,1710,https://pub-78d23bf07fce46b3adc19df91148ffb8.r2.dev/Linfala/examples/P/P.M143.mp3,Linfala/examples/P/P.M143.mp3,P.M143,P.M143.mp3
examples,1602,https://pub-78d23bf07fce46b3adc19df91148ffb8.r2.dev/Linfala/examples/P/P.M48.mp3,Linfala/examples/P/P.M48.mp3,P.M48,P.M48.mp3
senses,1854,https://pub-78d23bf07fce46b3adc19df91148ffb8.r2.dev/Linfala/senses/Q/Q.C10.mp3,Linfala/senses/Q/Q.C10.mp3,Q.C10,Q.C10.mp3
senses,1856,https://pub-78d23bf07fce46b3adc19df91148ffb8.r2.dev/Linfala/senses/Q/Q.C11.mp3,Linfala/senses/Q/Q.C11.mp3,Q.C11,Q.C11.mp3
senses,1857,https://pub-78d23bf07fce46b3adc19df91148ffb8.r2.dev/Linfala/senses/Q/Q.C12.mp3,Linfala/senses/Q/Q.C12.mp3,Q.C12,Q.C12.mp3
senses,1861,https://pub-78d23bf07fce46b3adc19df91148ffb8.r2.dev/Linfala/senses/Q/Q.C13.mp3,Linfala/senses/Q/Q.C13.mp3,Q.C13,Q.C13.mp3
senses,1862,https://pub-78d23bf07fce46b3adc19df91148ffb8.r2.dev/Linfala/senses/Q/Q.C14.mp3,Linfala/senses/Q/Q.C14.mp3,Q.C14,Q.C14.mp3
senses,1863,https://pub-78d23bf07fce46b3adc19df91148ffb8.r2.dev/Linfala/senses/Q/Q.C15.mp3,Linfala/senses/Q/Q.C15.mp3,Q.C15,Q.C15.mp3
senses,1864,https://pub-78d23bf07fce46b3adc19df91148ffb8.r2.dev/Linfala/senses/Q/Q.C16.mp3,Linfala/senses/Q/Q.C16.mp3,Q.C16,Q.C16.mp3
senses,1866,https://pub-78d23bf07fce46b3adc19df91148ffb8.r2.dev/Linfala/senses/Q/Q.C17.mp3,Linfala/senses/Q/Q.C17.mp3,Q.C17,Q.C17.mp3
senses,1867,https://pub-78d23bf07fce46b3adc19df91148ffb8.r2.dev/Linfala/senses/Q/Q.C18.mp3,Linfala/senses/Q/Q.C18.mp3,Q.C18,Q.C18.mp3
senses,1868,https://pub-78d23bf07fce46b3adc19df91148ffb8.r2.dev/Linfala/senses/Q/Q.C19.mp3,Linfala/senses/Q/Q.C19.mp3,Q.C19,Q.C19.mp3
senses,1870,https://pub-78d23bf07fce46b3adc19df91148ffb8.r2.dev/Linfala/senses/Q/Q.C20.mp3,Linfala/senses/Q/Q.C20.mp3,Q.C20,Q.C20.mp3
senses,1873,https://pub-78d23bf07fce46b3adc19df91148ffb8.r2.dev/Linfala/senses/Q/Q.C21.mp3,Linfala/senses/Q/Q.C21.mp3,Q.C21,Q.C21.mp3
senses,1844,https://pub-78d23bf07fce46b3adc19df91148ffb8.r2.dev/Linfala/senses/Q/Q.C3.mp3,Linfala/senses/Q/Q.C3.mp3,Q.C3,Q.C3.mp3
senses,1845,https://pub-78d23bf07fce46b3adc19df91148ffb8.r2.dev/Linfala/senses/Q/Q.C4.mp3,Linfala/senses/Q/Q.C4.mp3,Q.C4,Q.C4.mp3
senses,1847,https://pub-78d23bf07fce46b3adc19df91148ffb8.r2.dev/Linfala/senses/Q/Q.C5.mp3,Linfala/senses/Q/Q.C5.mp3,Q.C5,Q.C5.mp3
senses,1848,https://pub-78d23bf07fce46b3adc19df91148ffb8.r2.dev/Linfala/senses/Q/Q.C6.mp3,Linfala/senses/Q/Q.C6.mp3,Q.C6,Q.C6.mp3
senses,1850,https://pub-78d23bf07fce46b3adc19df91148ffb8.r2.dev/Linfala/senses/Q/Q.C8.mp3,Linfala/senses/Q/Q.C8.mp3,Q.C8,Q.C8.mp3
senses,1851,https://pub-78d23bf07fce46b3adc19df91148ffb8.r2.dev/Linfala/senses/Q/Q.C9.mp3,Linfala/senses/Q/Q.C9.mp3,Q.C9,Q.C9.mp3
examples,1854,https://pub-78d23bf07fce46b3adc19df91148ffb8.r2.dev/Linfala/examples/Q/Q.D10.mp3,Linfala/examples/Q/Q.D10.mp3,Q.D10,Q.D10.mp3
examples,1856,https://pub-78d23bf07fce46b3adc19df91148ffb8.r2.dev/Linfala/examples/Q/Q.D11.mp3,Linfala/examples/Q/Q.D11.mp3,Q.D11,Q.D11.mp3
examples,1857,https://pub-78d23bf07fce46b3adc19df91148ffb8.r2.dev/Linfala/examples/Q/Q.D12.mp3,Linfala/examples/Q/Q.D12.mp3,Q.D12,Q.D12.mp3
examples,1861,https://pub-78d23bf07fce46b3adc19df91148ffb8.r2.dev/Linfala/examples/Q/Q.D13.mp3,Linfala/examples/Q/Q.D13.mp3,Q.D13,Q.D13.mp3
examples,1862,https://pub-78d23bf07fce46b3adc19df91148ffb8.r2.dev/Linfala/examples/Q/Q.D14.mp3,Linfala/examples/Q/Q.D14.mp3,Q.D14,Q.D14.mp3
examples,1863,https://pub-78d23bf07fce46b3adc19df91148ffb8.r2.dev/Linfala/examples/Q/Q.D15.mp3,Linfala/examples/Q/Q.D15.mp3,Q.D15,Q.D15.mp3
examples,1864,https://pub-78d23bf07fce46b3adc19df91148ffb8.r2.dev/Linfala/examples/Q/Q.D16.mp3,Linfala/examples/Q/Q.D16.mp3,Q.D16,Q.D16.mp3
examples,1866,https://pub-78d23bf07fce46b3adc19df91148ffb8.r2.dev/Linfala/examples/Q/Q.D17.mp3,Linfala/examples/Q/Q.D17.mp3,Q.D17,Q.D17.mp3
examples,1867,https://pub-78d23bf07fce46b3adc19df91148ffb8.r2.dev/Linfala/examples/Q/Q.D18.mp3,Linfala/examples/Q/Q.D18.mp3,Q.D18,Q.D18.mp3
examples,1868,https://pub-78d23bf07fce46b3adc19df91148ffb8.r2.dev/Linfala/examples/Q/Q.D19.mp3,Linfala/examples/Q/Q.D19.mp3,Q.D19,Q.D19.mp3
examples,1870,https://pub-78d23bf07fce46b3adc19df91148ffb8.r2.dev/Linfala/examples/Q/Q.D20.mp3,Linfala/examples/Q/Q.D20.mp3,Q.D20,Q.D20.mp3
examples,1873,https://pub-78d23bf07fce46b3adc19df91148ffb8.r2.dev/Linfala/examples/Q/Q.D21.mp3,Linfala/examples/Q/Q.D21.mp3,Q.D21,Q.D21.mp3
examples,1844,https://pub-78d23bf07fce46b3adc19df91148ffb8.r2.dev/Linfala/examples/Q/Q.D3.mp3,Linfala/examples/Q/Q.D3.mp3,Q.D3,Q.D3.mp3
examples,1845,https://pub-78d23bf07fce46b3adc19df91148ffb8.r2.dev/Linfala/examples/Q/Q.D4.mp3,Linfala/examples/Q/Q.D4.mp3,Q.D4,Q.D4.mp3
examples,1847,https://pub-78d23bf07fce46b3adc19df91148ffb8.r2.dev/Linfala/examples/Q/Q.D5.mp3,Linfala/examples/Q/Q.D5.mp3,Q.D5,Q.D5.mp3
examples,1848,https://pub-78d23bf07fce46b3adc19df91148ffb8.r2.dev/Linfala/examples/Q/Q.D6.mp3,Linfala/examples/Q/Q.D6.mp3,Q.D6,Q.D6.mp3
examples,1849,https://pub-78d23bf07fce46b3adc19df91148ffb8.r2.dev/Linfala/examples/Q/Q.D7.mp3,Linfala/examples/Q/Q.D7.mp3,Q.D7,Q.D7.mp3
examples,1850,https://pub-78d23bf07fce46b3adc19df91148ffb8.r2.dev/Linfala/examples/Q/Q.D8.mp3,Linfala/examples/Q/Q.D8.mp3,Q.D8,Q.D8.mp3
examples,1851,https://pub-78d23bf07fce46b3adc19df91148ffb8.r2.dev/Linfala/examples/Q/Q.D9.mp3,Linfala/examples/Q/Q.D9.mp3,Q.D9,Q.D9.mp3
senses,1855,https://pub-78d23bf07fce46b3adc19df91148ffb8.r2.dev/Linfala/senses/Q/Q.F10.mp3,Linfala/senses/Q/Q.F10.mp3,Q.F10,Q.F10.mp3
senses,1858,https://pub-78d23bf07fce46b3adc19df91148ffb8.r2.dev/Linfala/senses/Q/Q.F12.mp3,Linfala/senses/Q/Q.F12.mp3,Q.F12,Q.F12.mp3
senses,1865,https://pub-78d23bf07fce46b3adc19df91148ffb8.r2.dev/Linfala/senses/Q/Q.F16.mp3,Linfala/senses/Q/Q.F16.mp3,Q.F16,Q.F16.mp3
senses,1869,https://pub-78d23bf07fce46b3adc19df91148ffb8.r2.dev/Linfala/senses/Q/Q.F19.mp3,Linfala/senses/Q/Q.F19.mp3,Q.F19,Q.F19.mp3
senses,1871,https://pub-78d23bf07fce46b3adc19df91148ffb8.r2.dev/Linfala/senses/Q/Q.F20.mp3,Linfala/senses/Q/Q.F20.mp3,Q.F20,Q.F20.mp3
senses,1846,https://pub-78d23bf07fce46b3adc19df91148ffb8.r2.dev/Linfala/senses/Q/Q.F4.mp3,Linfala/senses/Q/Q.F4.mp3,Q.F4,Q.F4.mp3
senses,1852,https://pub-78d23bf07fce46b3adc19df91148ffb8.r2.dev/Linfala/senses/Q/Q.F9.mp3,Linfala/senses/Q/Q.F9.mp3,Q.F9,Q.F9.mp3
examples,1855,https://pub-78d23bf07fce46b3adc19df91148ffb8.r2.dev/Linfala/examples/Q/Q.G10.mp3,Linfala/examples/Q/Q.G10.mp3,Q.G10,Q.G10.mp3
examples,1858,https://pub-78d23bf07fce46b3adc19df91148ffb8.r2.dev/Linfala/examples/Q/Q.G12.mp3,Linfala/examples/Q/Q.G12.mp3,Q.G12,Q.G12.mp3
examples,1865,https://pub-78d23bf07fce46b3adc19df91148ffb8.r2.dev/Linfala/examples/Q/Q.G16.mp3,Linfala/examples/Q/Q.G16.mp3,Q.G16,Q.G16.mp3
examples,1869,https://pub-78d23bf07fce46b3adc19df91148ffb8.r2.dev/Linfala/examples/Q/Q.G19.mp3,Linfala/examples/Q/Q.G19.mp3,Q.G19,Q.G19.mp3
examples,1871,https://pub-78d23bf07fce46b3adc19df91148ffb8.r2.dev/Linfala/examples/Q/Q.G20.mp3,Linfala/examples/Q/Q.G20.mp3,Q.G20,Q.G20.mp3
examples,1846,https://pub-78d23bf07fce46b3adc19df91148ffb8.r2.dev/Linfala/examples/Q/Q.G4.mp3,Linfala/examples/Q/Q.G4.mp3,Q.G4,Q.G4.mp3
examples,1852,https://pub-78d23bf07fce46b3adc19df91148ffb8.r2.dev/Linfala/examples/Q/Q.G9.mp3,Linfala/examples/Q/Q.G9.mp3,Q.G9,Q.G9.mp3
senses,1859,https://pub-78d23bf07fce46b3adc19df91148ffb8.r2.dev/Linfala/senses/Q/Q.I12.mp3,Linfala/senses/Q/Q.I12.mp3,Q.I12,Q.I12.mp3
senses,1872,https://pub-78d23bf07fce46b3adc19df91148ffb8.r2.dev/Linfala/senses/Q/Q.I20.mp3,Linfala/senses/Q/Q.I20.mp3,Q.I20,Q.I20.mp3
senses,1853,https://pub-78d23bf07fce46b3adc19df91148ffb8.r2.dev/Linfala/senses/Q/Q.I9.mp3,Linfala/senses/Q/Q.I9.mp3,Q.I9,Q.I9.mp3
examples,1859,https://pub-78d23bf07fce46b3adc19df91148ffb8.r2.dev/Linfala/examples/Q/Q.J12.mp3,Linfala/examples/Q/Q.J12.mp3,Q.J12,Q.J12.mp3
examples,1872,https://pub-78d23bf07fce46b3adc19df91148ffb8.r2.dev/Linfala/examples/Q/Q.J20.mp3,Linfala/examples/Q/Q.J20.mp3,Q.J20,Q.J20.mp3
examples,1853,https://pub-78d23bf07fce46b3adc19df91148ffb8.r2.dev/Linfala/examples/Q/Q.J9.mp3,Linfala/examples/Q/Q.J9.mp3,Q.J9,Q.J9.mp3
senses,1860,https://pub-78d23bf07fce46b3adc19df91148ffb8.r2.dev/Linfala/senses/Q/Q.L12.mp3,Linfala/senses/Q/Q.L12.mp3,Q.L12,Q.L12.mp3
examples,1860,https://pub-78d23bf07fce46b3adc19df91148ffb8.r2.dev/Linfala/examples/Q/Q.M12.mp3,Linfala/examples/Q/Q.M12.mp3,Q.M12,Q.M12.mp3
senses,1881,https://pub-78d23bf07fce46b3adc19df91148ffb8.r2.dev/Linfala/senses/R/R.C10.mp3,Linfala/senses/R/R.C10.mp3,R.C10,R.C10.mp3
senses,1983,https://pub-78d23bf07fce46b3adc19df91148ffb8.r2.dev/Linfala/senses/R/R.C100.mp3,Linfala/senses/R/R.C100.mp3,R.C100,R.C100.mp3
senses,1984,https://pub-78d23bf07fce46b3adc19df91148ffb8.r2.dev/Linfala/senses/R/R.C101.mp3,Linfala/senses/R/R.C101.mp3,R.C101,R.C101.mp3
senses,1985,https://pub-78d23bf07fce46b3adc19df91148ffb8.r2.dev/Linfala/senses/R/R.C102.mp3,Linfala/senses/R/R.C102.mp3,R.C102,R.C102.mp3
senses,1986,https://pub-78d23bf07fce46b3adc19df91148ffb8.r2.dev/Linfala/senses/R/R.C103.mp3,Linfala/senses/R/R.C103.mp3,R.C103,R.C103.mp3
senses,1987,https://pub-78d23bf07fce46b3adc19df91148ffb8.r2.dev/Linfala/senses/R/R.C104.mp3,Linfala/senses/R/R.C104.mp3,R.C104,R.C104.mp3
senses,1988,https://pub-78d23bf07fce46b3adc19df91148ffb8.r2.dev/Linfala/senses/R/R.C105.mp3,Linfala/senses/R/R.C105.mp3,R.C105,R.C105.mp3
senses,1990,https://pub-78d23bf07fce46b3adc19df91148ffb8.r2.dev/Linfala/senses/R/R.C106.mp3,Linfala/senses/R/R.C106.mp3,R.C106,R.C106.mp3
senses,1991,https://pub-78d23bf07fce46b3adc19df91148ffb8.r2.dev/Linfala/senses/R/R.C107.mp3,Linfala/senses/R/R.C107.mp3,R.C107,R.C107.mp3
senses,1992,https://pub-78d23bf07fce46b3adc19df91148ffb8.r2.dev/Linfala/senses/R/R.C108.mp3,Linfala/senses/R/R.C108.mp3,R.C108,R.C108.mp3
senses,1995,https://pub-78d23bf07fce46b3adc19df91148ffb8.r2.dev/Linfala/senses/R/R.C109.mp3,Linfala/senses/R/R.C109.mp3,R.C109,R.C109.mp3
senses,1882,https://pub-78d23bf07fce46b3adc19df91148ffb8.r2.dev/Linfala/senses/R/R.C11.mp3,Linfala/senses/R/R.C11.mp3,R.C11,R.C11.mp3
senses,1996,https://pub-78d23bf07fce46b3adc19df91148ffb8.r2.dev/Linfala/senses/R/R.C110.mp3,Linfala/senses/R/R.C110.mp3,R.C110,R.C110.mp3
senses,1997,https://pub-78d23bf07fce46b3adc19df91148ffb8.r2.dev/Linfala/senses/R/R.C111.mp3,Linfala/senses/R/R.C111.mp3,R.C111,R.C111.mp3
senses,1998,https://pub-78d23bf07fce46b3adc19df91148ffb8.r2.dev/Linfala/senses/R/R.C112.mp3,Linfala/senses/R/R.C112.mp3,R.C112,R.C112.mp3
senses,1999,https://pub-78d23bf07fce46b3adc19df91148ffb8.r2.dev/Linfala/senses/R/R.C113.mp3,Linfala/senses/R/R.C113.mp3,R.C113,R.C113.mp3
senses,2000,https://pub-78d23bf07fce46b3adc19df91148ffb8.r2.dev/Linfala/senses/R/R.C114.mp3,Linfala/senses/R/R.C114.mp3,R.C114,R.C114.mp3
senses,2002,https://pub-78d23bf07fce46b3adc19df91148ffb8.r2.dev/Linfala/senses/R/R.C115.mp3,Linfala/senses/R/R.C115.mp3,R.C115,R.C115.mp3
senses,2003,https://pub-78d23bf07fce46b3adc19df91148ffb8.r2.dev/Linfala/senses/R/R.C116.mp3,Linfala/senses/R/R.C116.mp3,R.C116,R.C116.mp3
senses,2004,https://pub-78d23bf07fce46b3adc19df91148ffb8.r2.dev/Linfala/senses/R/R.C117.mp3,Linfala/senses/R/R.C117.mp3,R.C117,R.C117.mp3
senses,2005,https://pub-78d23bf07fce46b3adc19df91148ffb8.r2.dev/Linfala/senses/R/R.C118.mp3,Linfala/senses/R/R.C118.mp3,R.C118,R.C118.mp3
senses,2006,https://pub-78d23bf07fce46b3adc19df91148ffb8.r2.dev/Linfala/senses/R/R.C119.mp3,Linfala/senses/R/R.C119.mp3,R.C119,R.C119.mp3
senses,1883,https://pub-78d23bf07fce46b3adc19df91148ffb8.r2.dev/Linfala/senses/R/R.C12.mp3,Linfala/senses/R/R.C12.mp3,R.C12,R.C12.mp3
senses,2007,https://pub-78d23bf07fce46b3adc19df91148ffb8.r2.dev/Linfala/senses/R/R.C120.mp3,Linfala/senses/R/R.C120.mp3,R.C120,R.C120.mp3
senses,2008,https://pub-78d23bf07fce46b3adc19df91148ffb8.r2.dev/Linfala/senses/R/R.C121.mp3,Linfala/senses/R/R.C121.mp3,R.C121,R.C121.mp3
senses,2009,https://pub-78d23bf07fce46b3adc19df91148ffb8.r2.dev/Linfala/senses/R/R.C122.mp3,Linfala/senses/R/R.C122.mp3,R.C122,R.C122.mp3
senses,2010,https://pub-78d23bf07fce46b3adc19df91148ffb8.r2.dev/Linfala/senses/R/R.C123.mp3,Linfala/senses/R/R.C123.mp3,R.C123,R.C123.mp3
senses,2012,https://pub-78d23bf07fce46b3adc19df91148ffb8.r2.dev/Linfala/senses/R/R.C124.mp3,Linfala/senses/R/R.C124.mp3,R.C124,R.C124.mp3
senses,2013,https://pub-78d23bf07fce46b3adc19df91148ffb8.r2.dev/Linfala/senses/R/R.C125.mp3,Linfala/senses/R/R.C125.mp3,R.C125,R.C125.mp3
senses,2014,https://pub-78d23bf07fce46b3adc19df91148ffb8.r2.dev/Linfala/senses/R/R.C126.mp3,Linfala/senses/R/R.C126.mp3,R.C126,R.C126.mp3
senses,2015,https://pub-78d23bf07fce46b3adc19df91148ffb8.r2.dev/Linfala/senses/R/R.C127.mp3,Linfala/senses/R/R.C127.mp3,R.C127,R.C127.mp3
senses,2016,https://pub-78d23bf07fce46b3adc19df91148ffb8.r2.dev/Linfala/senses/R/R.C128.mp3,Linfala/senses/R/R.C128.mp3,R.C128,R.C128.mp3
senses,2017,https://pub-78d23bf07fce46b3adc19df91148ffb8.r2.dev/Linfala/senses/R/R.C129.mp3,Linfala/senses/R/R.C129.mp3,R.C129,R.C129.mp3
senses,1884,https://pub-78d23bf07fce46b3adc19df91148ffb8.r2.dev/Linfala/senses/R/R.C13.mp3,Linfala/senses/R/R.C13.mp3,R.C13,R.C13.mp3
senses,2018,https://pub-78d23bf07fce46b3adc19df91148ffb8.r2.dev/Linfala/senses/R/R.C130.mp3,Linfala/senses/R/R.C130.mp3,R.C130,R.C130.mp3
senses,2019,https://pub-78d23bf07fce46b3adc19df91148ffb8.r2.dev/Linfala/senses/R/R.C131.mp3,Linfala/senses/R/R.C131.mp3,R.C131,R.C131.mp3
senses,2020,https://pub-78d23bf07fce46b3adc19df91148ffb8.r2.dev/Linfala/senses/R/R.C132.mp3,Linfala/senses/R/R.C132.mp3,R.C132,R.C132.mp3
senses,2021,https://pub-78d23bf07fce46b3adc19df91148ffb8.r2.dev/Linfala/senses/R/R.C133.mp3,Linfala/senses/R/R.C133.mp3,R.C133,R.C133.mp3
senses,2022,https://pub-78d23bf07fce46b3adc19df91148ffb8.r2.dev/Linfala/senses/R/R.C134.mp3,Linfala/senses/R/R.C134.mp3,R.C134,R.C134.mp3
senses,2023,https://pub-78d23bf07fce46b3adc19df91148ffb8.r2.dev/Linfala/senses/R/R.C135.mp3,Linfala/senses/R/R.C135.mp3,R.C135,R.C135.mp3
senses,2024,https://pub-78d23bf07fce46b3adc19df91148ffb8.r2.dev/Linfala/senses/R/R.C136.mp3,Linfala/senses/R/R.C136.mp3,R.C136,R.C136.mp3
senses,2025,https://pub-78d23bf07fce46b3adc19df91148ffb8.r2.dev/Linfala/senses/R/R.C137.mp3,Linfala/senses/R/R.C137.mp3,R.C137,R.C137.mp3
senses,2026,https://pub-78d23bf07fce46b3adc19df91148ffb8.r2.dev/Linfala/senses/R/R.C138.mp3,Linfala/senses/R/R.C138.mp3,R.C138,R.C138.mp3
senses,2027,https://pub-78d23bf07fce46b3adc19df91148ffb8.r2.dev/Linfala/senses/R/R.C139.mp3,Linfala/senses/R/R.C139.mp3,R.C139,R.C139.mp3
senses,1885,https://pub-78d23bf07fce46b3adc19df91148ffb8.r2.dev/Linfala/senses/R/R.C14.mp3,Linfala/senses/R/R.C14.mp3,R.C14,R.C14.mp3
senses,2028,https://pub-78d23bf07fce46b3adc19df91148ffb8.r2.dev/Linfala/senses/R/R.C140.mp3,Linfala/senses/R/R.C140.mp3,R.C140,R.C140.mp3
senses,2029,https://pub-78d23bf07fce46b3adc19df91148ffb8.r2.dev/Linfala/senses/R/R.C141.mp3,Linfala/senses/R/R.C141.mp3,R.C141,R.C141.mp3
senses,2030,https://pub-78d23bf07fce46b3adc19df91148ffb8.r2.dev/Linfala/senses/R/R.C142.mp3,Linfala/senses/R/R.C142.mp3,R.C142,R.C142.mp3
senses,2031,https://pub-78d23bf07fce46b3adc19df91148ffb8.r2.dev/Linfala/senses/R/R.C143.mp3,Linfala/senses/R/R.C143.mp3,R.C143,R.C143.mp3
senses,2032,https://pub-78d23bf07fce46b3adc19df91148ffb8.r2.dev/Linfala/senses/R/R.C144.mp3,Linfala/senses/R/R.C144.mp3,R.C144,R.C144.mp3
senses,2033,https://pub-78d23bf07fce46b3adc19df91148ffb8.r2.dev/Linfala/senses/R/R.C145.mp3,Linfala/senses/R/R.C145.mp3,R.C145,R.C145.mp3
senses,2034,https://pub-78d23bf07fce46b3adc19df91148ffb8.r2.dev/Linfala/senses/R/R.C146.mp3,Linfala/senses/R/R.C146.mp3,R.C146,R.C146.mp3
senses,2035,https://pub-78d23bf07fce46b3adc19df91148ffb8.r2.dev/Linfala/senses/R/R.C147.mp3,Linfala/senses/R/R.C147.mp3,R.C147,R.C147.mp3
senses,1886,https://pub-78d23bf07fce46b3adc19df91148ffb8.r2.dev/Linfala/senses/R/R.C15.mp3,Linfala/senses/R/R.C15.mp3,R.C15,R.C15.mp3
senses,1887,https://pub-78d23bf07fce46b3adc19df91148ffb8.r2.dev/Linfala/senses/R/R.C16.mp3,Linfala/senses/R/R.C16.mp3,R.C16,R.C16.mp3
senses,1889,https://pub-78d23bf07fce46b3adc19df91148ffb8.r2.dev/Linfala/senses/R/R.C17.mp3,Linfala/senses/R/R.C17.mp3,R.C17,R.C17.mp3
senses,1890,https://pub-78d23bf07fce46b3adc19df91148ffb8.r2.dev/Linfala/senses/R/R.C18.mp3,Linfala/senses/R/R.C18.mp3,R.C18,R.C18.mp3
senses,1891,https://pub-78d23bf07fce46b3adc19df91148ffb8.r2.dev/Linfala/senses/R/R.C19.mp3,Linfala/senses/R/R.C19.mp3,R.C19,R.C19.mp3
senses,1892,https://pub-78d23bf07fce46b3adc19df91148ffb8.r2.dev/Linfala/senses/R/R.C20.mp3,Linfala/senses/R/R.C20.mp3,R.C20,R.C20.mp3
senses,1893,https://pub-78d23bf07fce46b3adc19df91148ffb8.r2.dev/Linfala/senses/R/R.C21.mp3,Linfala/senses/R/R.C21.mp3,R.C21,R.C21.mp3
senses,1895,https://pub-78d23bf07fce46b3adc19df91148ffb8.r2.dev/Linfala/senses/R/R.C22.mp3,Linfala/senses/R/R.C22.mp3,R.C22,R.C22.mp3
senses,1897,https://pub-78d23bf07fce46b3adc19df91148ffb8.r2.dev/Linfala/senses/R/R.C23.mp3,Linfala/senses/R/R.C23.mp3,R.C23,R.C23.mp3
senses,1898,https://pub-78d23bf07fce46b3adc19df91148ffb8.r2.dev/Linfala/senses/R/R.C24.mp3,Linfala/senses/R/R.C24.mp3,R.C24,R.C24.mp3
senses,1899,https://pub-78d23bf07fce46b3adc19df91148ffb8.r2.dev/Linfala/senses/R/R.C25.mp3,Linfala/senses/R/R.C25.mp3,R.C25,R.C25.mp3
senses,1900,https://pub-78d23bf07fce46b3adc19df91148ffb8.r2.dev/Linfala/senses/R/R.C26.mp3,Linfala/senses/R/R.C26.mp3,R.C26,R.C26.mp3
senses,1901,https://pub-78d23bf07fce46b3adc19df91148ffb8.r2.dev/Linfala/senses/R/R.C27.mp3,Linfala/senses/R/R.C27.mp3,R.C27,R.C27.mp3
senses,1902,https://pub-78d23bf07fce46b3adc19df91148ffb8.r2.dev/Linfala/senses/R/R.C28.mp3,Linfala/senses/R/R.C28.mp3,R.C28,R.C28.mp3
senses,1903,https://pub-78d23bf07fce46b3adc19df91148ffb8.r2.dev/Linfala/senses/R/R.C29.mp3,Linfala/senses/R/R.C29.mp3,R.C29,R.C29.mp3
senses,1874,https://pub-78d23bf07fce46b3adc19df91148ffb8.r2.dev/Linfala/senses/R/R.C3.mp3,Linfala/senses/R/R.C3.mp3,R.C3,R.C3.mp3
senses,1905,https://pub-78d23bf07fce46b3adc19df91148ffb8.r2.dev/Linfala/senses/R/R.C30.mp3,Linfala/senses/R/R.C30.mp3,R.C30,R.C30.mp3
senses,1906,https://pub-78d23bf07fce46b3adc19df91148ffb8.r2.dev/Linfala/senses/R/R.C31.mp3,Linfala/senses/R/R.C31.mp3,R.C31,R.C31.mp3
senses,1907,https://pub-78d23bf07fce46b3adc19df91148ffb8.r2.dev/Linfala/senses/R/R.C32.mp3,Linfala/senses/R/R.C32.mp3,R.C32,R.C32.mp3
senses,1908,https://pub-78d23bf07fce46b3adc19df91148ffb8.r2.dev/Linfala/senses/R/R.C33.mp3,Linfala/senses/R/R.C33.mp3,R.C33,R.C33.mp3
senses,1909,https://pub-78d23bf07fce46b3adc19df91148ffb8.r2.dev/Linfala/senses/R/R.C34.mp3,Linfala/senses/R/R.C34.mp3,R.C34,R.C34.mp3
senses,1910,https://pub-78d23bf07fce46b3adc19df91148ffb8.r2.dev/Linfala/senses/R/R.C35.mp3,Linfala/senses/R/R.C35.mp3,R.C35,R.C35.mp3
senses,1912,https://pub-78d23bf07fce46b3adc19df91148ffb8.r2.dev/Linfala/senses/R/R.C36.mp3,Linfala/senses/R/R.C36.mp3,R.C36,R.C36.mp3
senses,1913,https://pub-78d23bf07fce46b3adc19df91148ffb8.r2.dev/Linfala/senses/R/R.C37.mp3,Linfala/senses/R/R.C37.mp3,R.C37,R.C37.mp3
senses,1914,https://pub-78d23bf07fce46b3adc19df91148ffb8.r2.dev/Linfala/senses/R/R.C38.mp3,Linfala/senses/R/R.C38.mp3,R.C38,R.C38.mp3
senses,1915,https://pub-78d23bf07fce46b3adc19df91148ffb8.r2.dev/Linfala/senses/R/R.C39.mp3,Linfala/senses/R/R.C39.mp3,R.C39,R.C39.mp3
senses,1875,https://pub-78d23bf07fce46b3adc19df91148ffb8.r2.dev/Linfala/senses/R/R.C4.mp3,Linfala/senses/R/R.C4.mp3,R.C4,R.C4.mp3
senses,1916,https://pub-78d23bf07fce46b3adc19df91148ffb8.r2.dev/Linfala/senses/R/R.C40.mp3,Linfala/senses/R/R.C40.mp3,R.C40,R.C40.mp3
senses,1917,https://pub-78d23bf07fce46b3adc19df91148ffb8.r2.dev/Linfala/senses/R/R.C41.mp3,Linfala/senses/R/R.C41.mp3,R.C41,R.C41.mp3
senses,1918,https://pub-78d23bf07fce46b3adc19df91148ffb8.r2.dev/Linfala/senses/R/R.C42.mp3,Linfala/senses/R/R.C42.mp3,R.C42,R.C42.mp3
senses,1919,https://pub-78d23bf07fce46b3adc19df91148ffb8.r2.dev/Linfala/senses/R/R.C43.mp3,Linfala/senses/R/R.C43.mp3,R.C43,R.C43.mp3
senses,1920,https://pub-78d23bf07fce46b3adc19df91148ffb8.r2.dev/Linfala/senses/R/R.C44.mp3,Linfala/senses/R/R.C44.mp3,R.C44,R.C44.mp3
senses,1922,https://pub-78d23bf07fce46b3adc19df91148ffb8.r2.dev/Linfala/senses/R/R.C45.mp3,Linfala/senses/R/R.C45.mp3,R.C45,R.C45.mp3
senses,1923,https://pub-78d23bf07fce46b3adc19df91148ffb8.r2.dev/Linfala/senses/R/R.C46.mp3,Linfala/senses/R/R.C46.mp3,R.C46,R.C46.mp3
senses,1924,https://pub-78d23bf07fce46b3adc19df91148ffb8.r2.dev/Linfala/senses/R/R.C47.mp3,Linfala/senses/R/R.C47.mp3,R.C47,R.C47.mp3
senses,1925,https://pub-78d23bf07fce46b3adc19df91148ffb8.r2.dev/Linfala/senses/R/R.C48.mp3,Linfala/senses/R/R.C48.mp3,R.C48,R.C48.mp3
senses,1926,https://pub-78d23bf07fce46b3adc19df91148ffb8.r2.dev/Linfala/senses/R/R.C49.mp3,Linfala/senses/R/R.C49.mp3,R.C49,R.C49.mp3
senses,1876,https://pub-78d23bf07fce46b3adc19df91148ffb8.r2.dev/Linfala/senses/R/R.C5.mp3,Linfala/senses/R/R.C5.mp3,R.C5,R.C5.mp3
senses,1928,https://pub-78d23bf07fce46b3adc19df91148ffb8.r2.dev/Linfala/senses/R/R.C50.mp3,Linfala/senses/R/R.C50.mp3,R.C50,R.C50.mp3
senses,1929,https://pub-78d23bf07fce46b3adc19df91148ffb8.r2.dev/Linfala/senses/R/R.C51.mp3,Linfala/senses/R/R.C51.mp3,R.C51,R.C51.mp3
senses,1930,https://pub-78d23bf07fce46b3adc19df91148ffb8.r2.dev/Linfala/senses/R/R.C52.mp3,Linfala/senses/R/R.C52.mp3,R.C52,R.C52.mp3
senses,1931,https://pub-78d23bf07fce46b3adc19df91148ffb8.r2.dev/Linfala/senses/R/R.C53.mp3,Linfala/senses/R/R.C53.mp3,R.C53,R.C53.mp3
senses,1932,https://pub-78d23bf07fce46b3adc19df91148ffb8.r2.dev/Linfala/senses/R/R.C54.mp3,Linfala/senses/R/R.C54.mp3,R.C54,R.C54.mp3
senses,1933,https://pub-78d23bf07fce46b3adc19df91148ffb8.r2.dev/Linfala/senses/R/R.C55.mp3,Linfala/senses/R/R.C55.mp3,R.C55,R.C55.mp3
senses,1934,https://pub-78d23bf07fce46b3adc19df91148ffb8.r2.dev/Linfala/senses/R/R.C56.mp3,Linfala/senses/R/R.C56.mp3,R.C56,R.C56.mp3
senses,1935,https://pub-78d23bf07fce46b3adc19df91148ffb8.r2.dev/Linfala/senses/R/R.C57.mp3,Linfala/senses/R/R.C57.mp3,R.C57,R.C57.mp3
senses,1936,https://pub-78d23bf07fce46b3adc19df91148ffb8.r2.dev/Linfala/senses/R/R.C58.mp3,Linfala/senses/R/R.C58.mp3,R.C58,R.C58.mp3
senses,1937,https://pub-78d23bf07fce46b3adc19df91148ffb8.r2.dev/Linfala/senses/R/R.C59.mp3,Linfala/senses/R/R.C59.mp3,R.C59,R.C59.mp3
senses,1877,https://pub-78d23bf07fce46b3adc19df91148ffb8.r2.dev/Linfala/senses/R/R.C6.mp3,Linfala/senses/R/R.C6.mp3,R.C6,R.C6.mp3
senses,1939,https://pub-78d23bf07fce46b3adc19df91148ffb8.r2.dev/Linfala/senses/R/R.C60.mp3,Linfala/senses/R/R.C60.mp3,R.C60,R.C60.mp3
senses,1940,https://pub-78d23bf07fce46b3adc19df91148ffb8.r2.dev/Linfala/senses/R/R.C61.mp3,Linfala/senses/R/R.C61.mp3,R.C61,R.C61.mp3
senses,1941,https://pub-78d23bf07fce46b3adc19df91148ffb8.r2.dev/Linfala/senses/R/R.C62.mp3,Linfala/senses/R/R.C62.mp3,R.C62,R.C62.mp3
senses,1942,https://pub-78d23bf07fce46b3adc19df91148ffb8.r2.dev/Linfala/senses/R/R.C63.mp3,Linfala/senses/R/R.C63.mp3,R.C63,R.C63.mp3
senses,1943,https://pub-78d23bf07fce46b3adc19df91148ffb8.r2.dev/Linfala/senses/R/R.C64.mp3,Linfala/senses/R/R.C64.mp3,R.C64,R.C64.mp3
senses,1944,https://pub-78d23bf07fce46b3adc19df91148ffb8.r2.dev/Linfala/senses/R/R.C65.mp3,Linfala/senses/R/R.C65.mp3,R.C65,R.C65.mp3
senses,1945,https://pub-78d23bf07fce46b3adc19df91148ffb8.r2.dev/Linfala/senses/R/R.C66.mp3,Linfala/senses/R/R.C66.mp3,R.C66,R.C66.mp3
senses,1946,https://pub-78d23bf07fce46b3adc19df91148ffb8.r2.dev/Linfala/senses/R/R.C67.mp3,Linfala/senses/R/R.C67.mp3,R.C67,R.C67.mp3
senses,1947,https://pub-78d23bf07fce46b3adc19df91148ffb8.r2.dev/Linfala/senses/R/R.C68.mp3,Linfala/senses/R/R.C68.mp3,R.C68,R.C68.mp3
senses,1948,https://pub-78d23bf07fce46b3adc19df91148ffb8.r2.dev/Linfala/senses/R/R.C69.mp3,Linfala/senses/R/R.C69.mp3,R.C69,R.C69.mp3
senses,1878,https://pub-78d23bf07fce46b3adc19df91148ffb8.r2.dev/Linfala/senses/R/R.C7.mp3,Linfala/senses/R/R.C7.mp3,R.C7,R.C7.mp3
senses,1949,https://pub-78d23bf07fce46b3adc19df91148ffb8.r2.dev/Linfala/senses/R/R.C70.mp3,Linfala/senses/R/R.C70.mp3,R.C70,R.C70.mp3
senses,1950,https://pub-78d23bf07fce46b3adc19df91148ffb8.r2.dev/Linfala/senses/R/R.C71.mp3,Linfala/senses/R/R.C71.mp3,R.C71,R.C71.mp3
senses,1951,https://pub-78d23bf07fce46b3adc19df91148ffb8.r2.dev/Linfala/senses/R/R.C72.mp3,Linfala/senses/R/R.C72.mp3,R.C72,R.C72.mp3
senses,1952,https://pub-78d23bf07fce46b3adc19df91148ffb8.r2.dev/Linfala/senses/R/R.C73.mp3,Linfala/senses/R/R.C73.mp3,R.C73,R.C73.mp3
senses,1953,https://pub-78d23bf07fce46b3adc19df91148ffb8.r2.dev/Linfala/senses/R/R.C74.mp3,Linfala/senses/R/R.C74.mp3,R.C74,R.C74.mp3
senses,1954,https://pub-78d23bf07fce46b3adc19df91148ffb8.r2.dev/Linfala/senses/R/R.C75.mp3,Linfala/senses/R/R.C75.mp3,R.C75,R.C75.mp3
senses,1955,https://pub-78d23bf07fce46b3adc19df91148ffb8.r2.dev/Linfala/senses/R/R.C76.mp3,Linfala/senses/R/R.C76.mp3,R.C76,R.C76.mp3
senses,1956,https://pub-78d23bf07fce46b3adc19df91148ffb8.r2.dev/Linfala/senses/R/R.C77.mp3,Linfala/senses/R/R.C77.mp3,R.C77,R.C77.mp3
senses,1958,https://pub-78d23bf07fce46b3adc19df91148ffb8.r2.dev/Linfala/senses/R/R.C78.mp3,Linfala/senses/R/R.C78.mp3,R.C78,R.C78.mp3
senses,1959,https://pub-78d23bf07fce46b3adc19df91148ffb8.r2.dev/Linfala/senses/R/R.C79.mp3,Linfala/senses/R/R.C79.mp3,R.C79,R.C79.mp3
senses,1879,https://pub-78d23bf07fce46b3adc19df91148ffb8.r2.dev/Linfala/senses/R/R.C8.mp3,Linfala/senses/R/R.C8.mp3,R.C8,R.C8.mp3
senses,1961,https://pub-78d23bf07fce46b3adc19df91148ffb8.r2.dev/Linfala/senses/R/R.C80.mp3,Linfala/senses/R/R.C80.mp3,R.C80,R.C80.mp3
senses,1962,https://pub-78d23bf07fce46b3adc19df91148ffb8.r2.dev/Linfala/senses/R/R.C81.mp3,Linfala/senses/R/R.C81.mp3,R.C81,R.C81.mp3
senses,1964,https://pub-78d23bf07fce46b3adc19df91148ffb8.r2.dev/Linfala/senses/R/R.C82.mp3,Linfala/senses/R/R.C82.mp3,R.C82,R.C82.mp3
senses,1965,https://pub-78d23bf07fce46b3adc19df91148ffb8.r2.dev/Linfala/senses/R/R.C83.mp3,Linfala/senses/R/R.C83.mp3,R.C83,R.C83.mp3
senses,1966,https://pub-78d23bf07fce46b3adc19df91148ffb8.r2.dev/Linfala/senses/R/R.C84.mp3,Linfala/senses/R/R.C84.mp3,R.C84,R.C84.mp3
senses,1967,https://pub-78d23bf07fce46b3adc19df91148ffb8.r2.dev/Linfala/senses/R/R.C85.mp3,Linfala/senses/R/R.C85.mp3,R.C85,R.C85.mp3
senses,1968,https://pub-78d23bf07fce46b3adc19df91148ffb8.r2.dev/Linfala/senses/R/R.C86.mp3,Linfala/senses/R/R.C86.mp3,R.C86,R.C86.mp3
senses,1970,https://pub-78d23bf07fce46b3adc19df91148ffb8.r2.dev/Linfala/senses/R/R.C87.mp3,Linfala/senses/R/R.C87.mp3,R.C87,R.C87.mp3
senses,1971,https://pub-78d23bf07fce46b3adc19df91148ffb8.r2.dev/Linfala/senses/R/R.C88.mp3,Linfala/senses/R/R.C88.mp3,R.C88,R.C88.mp3
senses,1972,https://pub-78d23bf07fce46b3adc19df91148ffb8.r2.dev/Linfala/senses/R/R.C89.mp3,Linfala/senses/R/R.C89.mp3,R.C89,R.C89.mp3
senses,1880,https://pub-78d23bf07fce46b3adc19df91148ffb8.r2.dev/Linfala/senses/R/R.C9.mp3,Linfala/senses/R/R.C9.mp3,R.C9,R.C9.mp3
senses,1973,https://pub-78d23bf07fce46b3adc19df91148ffb8.r2.dev/Linfala/senses/R/R.C90.mp3,Linfala/senses/R/R.C90.mp3,R.C90,R.C90.mp3
senses,1974,https://pub-78d23bf07fce46b3adc19df91148ffb8.r2.dev/Linfala/senses/R/R.C91.mp3,Linfala/senses/R/R.C91.mp3,R.C91,R.C91.mp3
senses,1975,https://pub-78d23bf07fce46b3adc19df91148ffb8.r2.dev/Linfala/senses/R/R.C92.mp3,Linfala/senses/R/R.C92.mp3,R.C92,R.C92.mp3
senses,1976,https://pub-78d23bf07fce46b3adc19df91148ffb8.r2.dev/Linfala/senses/R/R.C93.mp3,Linfala/senses/R/R.C93.mp3,R.C93,R.C93.mp3
senses,1977,https://pub-78d23bf07fce46b3adc19df91148ffb8.r2.dev/Linfala/senses/R/R.C94.mp3,Linfala/senses/R/R.C94.mp3,R.C94,R.C94.mp3
senses,1978,https://pub-78d23bf07fce46b3adc19df91148ffb8.r2.dev/Linfala/senses/R/R.C95.mp3,Linfala/senses/R/R.C95.mp3,R.C95,R.C95.mp3
senses,1979,https://pub-78d23bf07fce46b3adc19df91148ffb8.r2.dev/Linfala/senses/R/R.C96.mp3,Linfala/senses/R/R.C96.mp3,R.C96,R.C96.mp3
senses,1980,https://pub-78d23bf07fce46b3adc19df91148ffb8.r2.dev/Linfala/senses/R/R.C97.mp3,Linfala/senses/R/R.C97.mp3,R.C97,R.C97.mp3
senses,1981,https://pub-78d23bf07fce46b3adc19df91148ffb8.r2.dev/Linfala/senses/R/R.C98.mp3,Linfala/senses/R/R.C98.mp3,R.C98,R.C98.mp3
senses,1982,https://pub-78d23bf07fce46b3adc19df91148ffb8.r2.dev/Linfala/senses/R/R.C99.mp3,Linfala/senses/R/R.C99.mp3,R.C99,R.C99.mp3
examples,1881,https://pub-78d23bf07fce46b3adc19df91148ffb8.r2.dev/Linfala/examples/R/R.D10.mp3,Linfala/examples/R/R.D10.mp3,R.D10,R.D10.mp3
examples,1983,https://pub-78d23bf07fce46b3adc19df91148ffb8.r2.dev/Linfala/examples/R/R.D100.mp3,Linfala/examples/R/R.D100.mp3,R.D100,R.D100.mp3
examples,1984,https://pub-78d23bf07fce46b3adc19df91148ffb8.r2.dev/Linfala/examples/R/R.D101.mp3,Linfala/examples/R/R.D101.mp3,R.D101,R.D101.mp3
examples,1985,https://pub-78d23bf07fce46b3adc19df91148ffb8.r2.dev/Linfala/examples/R/R.D102.mp3,Linfala/examples/R/R.D102.mp3,R.D102,R.D102.mp3
examples,1986,https://pub-78d23bf07fce46b3adc19df91148ffb8.r2.dev/Linfala/examples/R/R.D103.mp3,Linfala/examples/R/R.D103.mp3,R.D103,R.D103.mp3
examples,1987,https://pub-78d23bf07fce46b3adc19df91148ffb8.r2.dev/Linfala/examples/R/R.D104.mp3,Linfala/examples/R/R.D104.mp3,R.D104,R.D104.mp3
examples,1988,https://pub-78d23bf07fce46b3adc19df91148ffb8.r2.dev/Linfala/examples/R/R.D105.mp3,Linfala/examples/R/R.D105.mp3,R.D105,R.D105.mp3
examples,1990,https://pub-78d23bf07fce46b3adc19df91148ffb8.r2.dev/Linfala/examples/R/R.D106.mp3,Linfala/examples/R/R.D106.mp3,R.D106,R.D106.mp3
examples,1991,https://pub-78d23bf07fce46b3adc19df91148ffb8.r2.dev/Linfala/examples/R/R.D107.mp3,Linfala/examples/R/R.D107.mp3,R.D107,R.D107.mp3
examples,1992,https://pub-78d23bf07fce46b3adc19df91148ffb8.r2.dev/Linfala/examples/R/R.D108.mp3,Linfala/examples/R/R.D108.mp3,R.D108,R.D108.mp3
examples,1882,https://pub-78d23bf07fce46b3adc19df91148ffb8.r2.dev/Linfala/examples/R/R.D11.mp3,Linfala/examples/R/R.D11.mp3,R.D11,R.D11.mp3
examples,1996,https://pub-78d23bf07fce46b3adc19df91148ffb8.r2.dev/Linfala/examples/R/R.D110.mp3,Linfala/examples/R/R.D110.mp3,R.D110,R.D110.mp3
examples,1997,https://pub-78d23bf07fce46b3adc19df91148ffb8.r2.dev/Linfala/examples/R/R.D111.mp3,Linfala/examples/R/R.D111.mp3,R.D111,R.D111.mp3
examples,1998,https://pub-78d23bf07fce46b3adc19df91148ffb8.r2.dev/Linfala/examples/R/R.D112.mp3,Linfala/examples/R/R.D112.mp3,R.D112,R.D112.mp3
examples,1999,https://pub-78d23bf07fce46b3adc19df91148ffb8.r2.dev/Linfala/examples/R/R.D113.mp3,Linfala/examples/R/R.D113.mp3,R.D113,R.D113.mp3
examples,2000,https://pub-78d23bf07fce46b3adc19df91148ffb8.r2.dev/Linfala/examples/R/R.D114.mp3,Linfala/examples/R/R.D114.mp3,R.D114,R.D114.mp3
examples,2002,https://pub-78d23bf07fce46b3adc19df91148ffb8.r2.dev/Linfala/examples/R/R.D115.mp3,Linfala/examples/R/R.D115.mp3,R.D115,R.D115.mp3
examples,2003,https://pub-78d23bf07fce46b3adc19df91148ffb8.r2.dev/Linfala/examples/R/R.D116.mp3,Linfala/examples/R/R.D116.mp3,R.D116,R.D116.mp3
examples,2004,https://pub-78d23bf07fce46b3adc19df91148ffb8.r2.dev/Linfala/examples/R/R.D117.mp3,Linfala/examples/R/R.D117.mp3,R.D117,R.D117.mp3
examples,2005,https://pub-78d23bf07fce46b3adc19df91148ffb8.r2.dev/Linfala/examples/R/R.D118.mp3,Linfala/examples/R/R.D118.mp3,R.D118,R.D118.mp3
examples,2006,https://pub-78d23bf07fce46b3adc19df91148ffb8.r2.dev/Linfala/examples/R/R.D119.mp3,Linfala/examples/R/R.D119.mp3,R.D119,R.D119.mp3
examples,1883,https://pub-78d23bf07fce46b3adc19df91148ffb8.r2.dev/Linfala/examples/R/R.D12.mp3,Linfala/examples/R/R.D12.mp3,R.D12,R.D12.mp3
examples,2007,https://pub-78d23bf07fce46b3adc19df91148ffb8.r2.dev/Linfala/examples/R/R.D120.mp3,Linfala/examples/R/R.D120.mp3,R.D120,R.D120.mp3
examples,2008,https://pub-78d23bf07fce46b3adc19df91148ffb8.r2.dev/Linfala/examples/R/R.D121.mp3,Linfala/examples/R/R.D121.mp3,R.D121,R.D121.mp3
examples,2009,https://pub-78d23bf07fce46b3adc19df91148ffb8.r2.dev/Linfala/examples/R/R.D122.mp3,Linfala/examples/R/R.D122.mp3,R.D122,R.D122.mp3
examples,2010,https://pub-78d23bf07fce46b3adc19df91148ffb8.r2.dev/Linfala/examples/R/R.D123.mp3,Linfala/examples/R/R.D123.mp3,R.D123,R.D123.mp3
examples,2012,https://pub-78d23bf07fce46b3adc19df91148ffb8.r2.dev/Linfala/examples/R/R.D124.mp3,Linfala/examples/R/R.D124.mp3,R.D124,R.D124.mp3
examples,2013,https://pub-78d23bf07fce46b3adc19df91148ffb8.r2.dev/Linfala/examples/R/R.D125.mp3,Linfala/examples/R/R.D125.mp3,R.D125,R.D125.mp3
examples,2014,https://pub-78d23bf07fce46b3adc19df91148ffb8.r2.dev/Linfala/examples/R/R.D126.mp3,Linfala/examples/R/R.D126.mp3,R.D126,R.D126.mp3
examples,2015,https://pub-78d23bf07fce46b3adc19df91148ffb8.r2.dev/Linfala/examples/R/R.D127.mp3,Linfala/examples/R/R.D127.mp3,R.D127,R.D127.mp3
examples,2016,https://pub-78d23bf07fce46b3adc19df91148ffb8.r2.dev/Linfala/examples/R/R.D128.mp3,Linfala/examples/R/R.D128.mp3,R.D128,R.D128.mp3
examples,2017,https://pub-78d23bf07fce46b3adc19df91148ffb8.r2.dev/Linfala/examples/R/R.D129.mp3,Linfala/examples/R/R.D129.mp3,R.D129,R.D129.mp3
examples,1884,https://pub-78d23bf07fce46b3adc19df91148ffb8.r2.dev/Linfala/examples/R/R.D13.mp3,Linfala/examples/R/R.D13.mp3,R.D13,R.D13.mp3
examples,2018,https://pub-78d23bf07fce46b3adc19df91148ffb8.r2.dev/Linfala/examples/R/R.D130.mp3,Linfala/examples/R/R.D130.mp3,R.D130,R.D130.mp3
examples,2019,https://pub-78d23bf07fce46b3adc19df91148ffb8.r2.dev/Linfala/examples/R/R.D131.mp3,Linfala/examples/R/R.D131.mp3,R.D131,R.D131.mp3
examples,2020,https://pub-78d23bf07fce46b3adc19df91148ffb8.r2.dev/Linfala/examples/R/R.D132.mp3,Linfala/examples/R/R.D132.mp3,R.D132,R.D132.mp3
examples,2021,https://pub-78d23bf07fce46b3adc19df91148ffb8.r2.dev/Linfala/examples/R/R.D133.mp3,Linfala/examples/R/R.D133.mp3,R.D133,R.D133.mp3
examples,2022,https://pub-78d23bf07fce46b3adc19df91148ffb8.r2.dev/Linfala/examples/R/R.D134.mp3,Linfala/examples/R/R.D134.mp3,R.D134,R.D134.mp3
examples,2023,https://pub-78d23bf07fce46b3adc19df91148ffb8.r2.dev/Linfala/examples/R/R.D135.mp3,Linfala/examples/R/R.D135.mp3,R.D135,R.D135.mp3
examples,2024,https://pub-78d23bf07fce46b3adc19df91148ffb8.r2.dev/Linfala/examples/R/R.D136.mp3,Linfala/examples/R/R.D136.mp3,R.D136,R.D136.mp3
examples,2026,https://pub-78d23bf07fce46b3adc19df91148ffb8.r2.dev/Linfala/examples/R/R.D138.mp3,Linfala/examples/R/R.D138.mp3,R.D138,R.D138.mp3
examples,2027,https://pub-78d23bf07fce46b3adc19df91148ffb8.r2.dev/Linfala/examples/R/R.D139.mp3,Linfala/examples/R/R.D139.mp3,R.D139,R.D139.mp3
examples,1885,https://pub-78d23bf07fce46b3adc19df91148ffb8.r2.dev/Linfala/examples/R/R.D14.mp3,Linfala/examples/R/R.D14.mp3,R.D14,R.D14.mp3
examples,2028,https://pub-78d23bf07fce46b3adc19df91148ffb8.r2.dev/Linfala/examples/R/R.D140.mp3,Linfala/examples/R/R.D140.mp3,R.D140,R.D140.mp3
examples,2029,https://pub-78d23bf07fce46b3adc19df91148ffb8.r2.dev/Linfala/examples/R/R.D141.mp3,Linfala/examples/R/R.D141.mp3,R.D141,R.D141.mp3
examples,2030,https://pub-78d23bf07fce46b3adc19df91148ffb8.r2.dev/Linfala/examples/R/R.D142.mp3,Linfala/examples/R/R.D142.mp3,R.D142,R.D142.mp3
examples,2031,https://pub-78d23bf07fce46b3adc19df91148ffb8.r2.dev/Linfala/examples/R/R.D143.mp3,Linfala/examples/R/R.D143.mp3,R.D143,R.D143.mp3
examples,2032,https://pub-78d23bf07fce46b3adc19df91148ffb8.r2.dev/Linfala/examples/R/R.D144.mp3,Linfala/examples/R/R.D144.mp3,R.D144,R.D144.mp3
examples,2033,https://pub-78d23bf07fce46b3adc19df91148ffb8.r2.dev/Linfala/examples/R/R.D145.mp3,Linfala/examples/R/R.D145.mp3,R.D145,R.D145.mp3
examples,2034,https://pub-78d23bf07fce46b3adc19df91148ffb8.r2.dev/Linfala/examples/R/R.D146.mp3,Linfala/examples/R/R.D146.mp3,R.D146,R.D146.mp3
examples,2035,https://pub-78d23bf07fce46b3adc19df91148ffb8.r2.dev/Linfala/examples/R/R.D147.mp3,Linfala/examples/R/R.D147.mp3,R.D147,R.D147.mp3
examples,1886,https://pub-78d23bf07fce46b3adc19df91148ffb8.r2.dev/Linfala/examples/R/R.D15.mp3,Linfala/examples/R/R.D15.mp3,R.D15,R.D15.mp3
examples,1887,https://pub-78d23bf07fce46b3adc19df91148ffb8.r2.dev/Linfala/examples/R/R.D16.mp3,Linfala/examples/R/R.D16.mp3,R.D16,R.D16.mp3
examples,1889,https://pub-78d23bf07fce46b3adc19df91148ffb8.r2.dev/Linfala/examples/R/R.D17.mp3,Linfala/examples/R/R.D17.mp3,R.D17,R.D17.mp3
examples,1890,https://pub-78d23bf07fce46b3adc19df91148ffb8.r2.dev/Linfala/examples/R/R.D18.mp3,Linfala/examples/R/R.D18.mp3,R.D18,R.D18.mp3
examples,1891,https://pub-78d23bf07fce46b3adc19df91148ffb8.r2.dev/Linfala/examples/R/R.D19.mp3,Linfala/examples/R/R.D19.mp3,R.D19,R.D19.mp3
examples,1892,https://pub-78d23bf07fce46b3adc19df91148ffb8.r2.dev/Linfala/examples/R/R.D20.mp3,Linfala/examples/R/R.D20.mp3,R.D20,R.D20.mp3
examples,1893,https://pub-78d23bf07fce46b3adc19df91148ffb8.r2.dev/Linfala/examples/R/R.D21.mp3,Linfala/examples/R/R.D21.mp3,R.D21,R.D21.mp3
examples,1895,https://pub-78d23bf07fce46b3adc19df91148ffb8.r2.dev/Linfala/examples/R/R.D22.mp3,Linfala/examples/R/R.D22.mp3,R.D22,R.D22.mp3
examples,1897,https://pub-78d23bf07fce46b3adc19df91148ffb8.r2.dev/Linfala/examples/R/R.D23.mp3,Linfala/examples/R/R.D23.mp3,R.D23,R.D23.mp3
examples,1898,https://pub-78d23bf07fce46b3adc19df91148ffb8.r2.dev/Linfala/examples/R/R.D24.mp3,Linfala/examples/R/R.D24.mp3,R.D24,R.D24.mp3
examples,1899,https://pub-78d23bf07fce46b3adc19df91148ffb8.r2.dev/Linfala/examples/R/R.D25.mp3,Linfala/examples/R/R.D25.mp3,R.D25,R.D25.mp3
examples,1900,https://pub-78d23bf07fce46b3adc19df91148ffb8.r2.dev/Linfala/examples/R/R.D26.mp3,Linfala/examples/R/R.D26.mp3,R.D26,R.D26.mp3
examples,1901,https://pub-78d23bf07fce46b3adc19df91148ffb8.r2.dev/Linfala/examples/R/R.D27.mp3,Linfala/examples/R/R.D27.mp3,R.D27,R.D27.mp3
examples,1902,https://pub-78d23bf07fce46b3adc19df91148ffb8.r2.dev/Linfala/examples/R/R.D28.mp3,Linfala/examples/R/R.D28.mp3,R.D28,R.D28.mp3
examples,1903,https://pub-78d23bf07fce46b3adc19df91148ffb8.r2.dev/Linfala/examples/R/R.D29.mp3,Linfala/examples/R/R.D29.mp3,R.D29,R.D29.mp3
examples,1874,https://pub-78d23bf07fce46b3adc19df91148ffb8.r2.dev/Linfala/examples/R/R.D3.mp3,Linfala/examples/R/R.D3.mp3,R.D3,R.D3.mp3
examples,1905,https://pub-78d23bf07fce46b3adc19df91148ffb8.r2.dev/Linfala/examples/R/R.D30.mp3,Linfala/examples/R/R.D30.mp3,R.D30,R.D30.mp3
examples,1906,https://pub-78d23bf07fce46b3adc19df91148ffb8.r2.dev/Linfala/examples/R/R.D31.mp3,Linfala/examples/R/R.D31.mp3,R.D31,R.D31.mp3
examples,1907,https://pub-78d23bf07fce46b3adc19df91148ffb8.r2.dev/Linfala/examples/R/R.D32.mp3,Linfala/examples/R/R.D32.mp3,R.D32,R.D32.mp3
examples,1908,https://pub-78d23bf07fce46b3adc19df91148ffb8.r2.dev/Linfala/examples/R/R.D33.mp3,Linfala/examples/R/R.D33.mp3,R.D33,R.D33.mp3
examples,1909,https://pub-78d23bf07fce46b3adc19df91148ffb8.r2.dev/Linfala/examples/R/R.D34.mp3,Linfala/examples/R/R.D34.mp3,R.D34,R.D34.mp3
examples,1910,https://pub-78d23bf07fce46b3adc19df91148ffb8.r2.dev/Linfala/examples/R/R.D35.mp3,Linfala/examples/R/R.D35.mp3,R.D35,R.D35.mp3
examples,1912,https://pub-78d23bf07fce46b3adc19df91148ffb8.r2.dev/Linfala/examples/R/R.D36.mp3,Linfala/examples/R/R.D36.mp3,R.D36,R.D36.mp3
examples,1913,https://pub-78d23bf07fce46b3adc19df91148ffb8.r2.dev/Linfala/examples/R/R.D37.mp3,Linfala/examples/R/R.D37.mp3,R.D37,R.D37.mp3
examples,1914,https://pub-78d23bf07fce46b3adc19df91148ffb8.r2.dev/Linfala/examples/R/R.D38.mp3,Linfala/examples/R/R.D38.mp3,R.D38,R.D38.mp3
examples,1915,https://pub-78d23bf07fce46b3adc19df91148ffb8.r2.dev/Linfala/examples/R/R.D39.mp3,Linfala/examples/R/R.D39.mp3,R.D39,R.D39.mp3
examples,1875,https://pub-78d23bf07fce46b3adc19df91148ffb8.r2.dev/Linfala/examples/R/R.D4.mp3,Linfala/examples/R/R.D4.mp3,R.D4,R.D4.mp3
examples,1916,https://pub-78d23bf07fce46b3adc19df91148ffb8.r2.dev/Linfala/examples/R/R.D40.mp3,Linfala/examples/R/R.D40.mp3,R.D40,R.D40.mp3
examples,1917,https://pub-78d23bf07fce46b3adc19df91148ffb8.r2.dev/Linfala/examples/R/R.D41.mp3,Linfala/examples/R/R.D41.mp3,R.D41,R.D41.mp3
examples,1918,https://pub-78d23bf07fce46b3adc19df91148ffb8.r2.dev/Linfala/examples/R/R.D42.mp3,Linfala/examples/R/R.D42.mp3,R.D42,R.D42.mp3
examples,1919,https://pub-78d23bf07fce46b3adc19df91148ffb8.r2.dev/Linfala/examples/R/R.D43.mp3,Linfala/examples/R/R.D43.mp3,R.D43,R.D43.mp3
examples,1920,https://pub-78d23bf07fce46b3adc19df91148ffb8.r2.dev/Linfala/examples/R/R.D44.mp3,Linfala/examples/R/R.D44.mp3,R.D44,R.D44.mp3
examples,1922,https://pub-78d23bf07fce46b3adc19df91148ffb8.r2.dev/Linfala/examples/R/R.D45.mp3,Linfala/examples/R/R.D45.mp3,R.D45,R.D45.mp3
examples,1923,https://pub-78d23bf07fce46b3adc19df91148ffb8.r2.dev/Linfala/examples/R/R.D46.mp3,Linfala/examples/R/R.D46.mp3,R.D46,R.D46.mp3
examples,1924,https://pub-78d23bf07fce46b3adc19df91148ffb8.r2.dev/Linfala/examples/R/R.D47.mp3,Linfala/examples/R/R.D47.mp3,R.D47,R.D47.mp3
examples,1925,https://pub-78d23bf07fce46b3adc19df91148ffb8.r2.dev/Linfala/examples/R/R.D48.mp3,Linfala/examples/R/R.D48.mp3,R.D48,R.D48.mp3
examples,1926,https://pub-78d23bf07fce46b3adc19df91148ffb8.r2.dev/Linfala/examples/R/R.D49.mp3,Linfala/examples/R/R.D49.mp3,R.D49,R.D49.mp3
examples,1876,https://pub-78d23bf07fce46b3adc19df91148ffb8.r2.dev/Linfala/examples/R/R.D5.mp3,Linfala/examples/R/R.D5.mp3,R.D5,R.D5.mp3
examples,1928,https://pub-78d23bf07fce46b3adc19df91148ffb8.r2.dev/Linfala/examples/R/R.D50.mp3,Linfala/examples/R/R.D50.mp3,R.D50,R.D50.mp3
examples,1929,https://pub-78d23bf07fce46b3adc19df91148ffb8.r2.dev/Linfala/examples/R/R.D51.mp3,Linfala/examples/R/R.D51.mp3,R.D51,R.D51.mp3
examples,1930,https://pub-78d23bf07fce46b3adc19df91148ffb8.r2.dev/Linfala/examples/R/R.D52.mp3,Linfala/examples/R/R.D52.mp3,R.D52,R.D52.mp3
examples,1931,https://pub-78d23bf07fce46b3adc19df91148ffb8.r2.dev/Linfala/examples/R/R.D53.mp3,Linfala/examples/R/R.D53.mp3,R.D53,R.D53.mp3
examples,1932,https://pub-78d23bf07fce46b3adc19df91148ffb8.r2.dev/Linfala/examples/R/R.D54.mp3,Linfala/examples/R/R.D54.mp3,R.D54,R.D54.mp3
examples,1933,https://pub-78d23bf07fce46b3adc19df91148ffb8.r2.dev/Linfala/examples/R/R.D55.mp3,Linfala/examples/R/R.D55.mp3,R.D55,R.D55.mp3
examples,1934,https://pub-78d23bf07fce46b3adc19df91148ffb8.r2.dev/Linfala/examples/R/R.D56.mp3,Linfala/examples/R/R.D56.mp3,R.D56,R.D56.mp3
examples,1935,https://pub-78d23bf07fce46b3adc19df91148ffb8.r2.dev/Linfala/examples/R/R.D57.mp3,Linfala/examples/R/R.D57.mp3,R.D57,R.D57.mp3
examples,1936,https://pub-78d23bf07fce46b3adc19df91148ffb8.r2.dev/Linfala/examples/R/R.D58.mp3,Linfala/examples/R/R.D58.mp3,R.D58,R.D58.mp3
examples,1937,https://pub-78d23bf07fce46b3adc19df91148ffb8.r2.dev/Linfala/examples/R/R.D59.mp3,Linfala/examples/R/R.D59.mp3,R.D59,R.D59.mp3
examples,1877,https://pub-78d23bf07fce46b3adc19df91148ffb8.r2.dev/Linfala/examples/R/R.D6.mp3,Linfala/examples/R/R.D6.mp3,R.D6,R.D6.mp3
examples,1939,https://pub-78d23bf07fce46b3adc19df91148ffb8.r2.dev/Linfala/examples/R/R.D60.mp3,Linfala/examples/R/R.D60.mp3,R.D60,R.D60.mp3
examples,1940,https://pub-78d23bf07fce46b3adc19df91148ffb8.r2.dev/Linfala/examples/R/R.D61.mp3,Linfala/examples/R/R.D61.mp3,R.D61,R.D61.mp3
examples,1941,https://pub-78d23bf07fce46b3adc19df91148ffb8.r2.dev/Linfala/examples/R/R.D62.mp3,Linfala/examples/R/R.D62.mp3,R.D62,R.D62.mp3
examples,1942,https://pub-78d23bf07fce46b3adc19df91148ffb8.r2.dev/Linfala/examples/R/R.D63.mp3,Linfala/examples/R/R.D63.mp3,R.D63,R.D63.mp3
examples,1943,https://pub-78d23bf07fce46b3adc19df91148ffb8.r2.dev/Linfala/examples/R/R.D64.mp3,Linfala/examples/R/R.D64.mp3,R.D64,R.D64.mp3
examples,1944,https://pub-78d23bf07fce46b3adc19df91148ffb8.r2.dev/Linfala/examples/R/R.D65.mp3,Linfala/examples/R/R.D65.mp3,R.D65,R.D65.mp3
examples,1945,https://pub-78d23bf07fce46b3adc19df91148ffb8.r2.dev/Linfala/examples/R/R.D66.mp3,Linfala/examples/R/R.D66.mp3,R.D66,R.D66.mp3
examples,1946,https://pub-78d23bf07fce46b3adc19df91148ffb8.r2.dev/Linfala/examples/R/R.D67.mp3,Linfala/examples/R/R.D67.mp3,R.D67,R.D67.mp3
examples,1947,https://pub-78d23bf07fce46b3adc19df91148ffb8.r2.dev/Linfala/examples/R/R.D68.mp3,Linfala/examples/R/R.D68.mp3,R.D68,R.D68.mp3
examples,1948,https://pub-78d23bf07fce46b3adc19df91148ffb8.r2.dev/Linfala/examples/R/R.D69.mp3,Linfala/examples/R/R.D69.mp3,R.D69,R.D69.mp3
examples,1878,https://pub-78d23bf07fce46b3adc19df91148ffb8.r2.dev/Linfala/examples/R/R.D7.mp3,Linfala/examples/R/R.D7.mp3,R.D7,R.D7.mp3
examples,1949,https://pub-78d23bf07fce46b3adc19df91148ffb8.r2.dev/Linfala/examples/R/R.D70.mp3,Linfala/examples/R/R.D70.mp3,R.D70,R.D70.mp3
examples,1950,https://pub-78d23bf07fce46b3adc19df91148ffb8.r2.dev/Linfala/examples/R/R.D71.mp3,Linfala/examples/R/R.D71.mp3,R.D71,R.D71.mp3
examples,1951,https://pub-78d23bf07fce46b3adc19df91148ffb8.r2.dev/Linfala/examples/R/R.D72.mp3,Linfala/examples/R/R.D72.mp3,R.D72,R.D72.mp3
examples,1952,https://pub-78d23bf07fce46b3adc19df91148ffb8.r2.dev/Linfala/examples/R/R.D73.mp3,Linfala/examples/R/R.D73.mp3,R.D73,R.D73.mp3
examples,1953,https://pub-78d23bf07fce46b3adc19df91148ffb8.r2.dev/Linfala/examples/R/R.D74.mp3,Linfala/examples/R/R.D74.mp3,R.D74,R.D74.mp3
examples,1954,https://pub-78d23bf07fce46b3adc19df91148ffb8.r2.dev/Linfala/examples/R/R.D75.mp3,Linfala/examples/R/R.D75.mp3,R.D75,R.D75.mp3
examples,1955,https://pub-78d23bf07fce46b3adc19df91148ffb8.r2.dev/Linfala/examples/R/R.D76.mp3,Linfala/examples/R/R.D76.mp3,R.D76,R.D76.mp3
examples,1956,https://pub-78d23bf07fce46b3adc19df91148ffb8.r2.dev/Linfala/examples/R/R.D77.mp3,Linfala/examples/R/R.D77.mp3,R.D77,R.D77.mp3
examples,1958,https://pub-78d23bf07fce46b3adc19df91148ffb8.r2.dev/Linfala/examples/R/R.D78.mp3,Linfala/examples/R/R.D78.mp3,R.D78,R.D78.mp3
examples,1959,https://pub-78d23bf07fce46b3adc19df91148ffb8.r2.dev/Linfala/examples/R/R.D79.mp3,Linfala/examples/R/R.D79.mp3,R.D79,R.D79.mp3
examples,1879,https://pub-78d23bf07fce46b3adc19df91148ffb8.r2.dev/Linfala/examples/R/R.D8.mp3,Linfala/examples/R/R.D8.mp3,R.D8,R.D8.mp3
examples,1961,https://pub-78d23bf07fce46b3adc19df91148ffb8.r2.dev/Linfala/examples/R/R.D80.mp3,Linfala/examples/R/R.D80.mp3,R.D80,R.D80.mp3
examples,1962,https://pub-78d23bf07fce46b3adc19df91148ffb8.r2.dev/Linfala/examples/R/R.D81.mp3,Linfala/examples/R/R.D81.mp3,R.D81,R.D81.mp3
examples,1964,https://pub-78d23bf07fce46b3adc19df91148ffb8.r2.dev/Linfala/examples/R/R.D82.mp3,Linfala/examples/R/R.D82.mp3,R.D82,R.D82.mp3
examples,1965,https://pub-78d23bf07fce46b3adc19df91148ffb8.r2.dev/Linfala/examples/R/R.D83.mp3,Linfala/examples/R/R.D83.mp3,R.D83,R.D83.mp3
examples,1966,https://pub-78d23bf07fce46b3adc19df91148ffb8.r2.dev/Linfala/examples/R/R.D84.mp3,Linfala/examples/R/R.D84.mp3,R.D84,R.D84.mp3
examples,1967,https://pub-78d23bf07fce46b3adc19df91148ffb8.r2.dev/Linfala/examples/R/R.D85.mp3,Linfala/examples/R/R.D85.mp3,R.D85,R.D85.mp3
examples,1968,https://pub-78d23bf07fce46b3adc19df91148ffb8.r2.dev/Linfala/examples/R/R.D86.mp3,Linfala/examples/R/R.D86.mp3,R.D86,R.D86.mp3
examples,1970,https://pub-78d23bf07fce46b3adc19df91148ffb8.r2.dev/Linfala/examples/R/R.D87.mp3,Linfala/examples/R/R.D87.mp3,R.D87,R.D87.mp3
examples,1971,https://pub-78d23bf07fce46b3adc19df91148ffb8.r2.dev/Linfala/examples/R/R.D88.mp3,Linfala/examples/R/R.D88.mp3,R.D88,R.D88.mp3
examples,1972,https://pub-78d23bf07fce46b3adc19df91148ffb8.r2.dev/Linfala/examples/R/R.D89.mp3,Linfala/examples/R/R.D89.mp3,R.D89,R.D89.mp3
examples,1880,https://pub-78d23bf07fce46b3adc19df91148ffb8.r2.dev/Linfala/examples/R/R.D9.mp3,Linfala/examples/R/R.D9.mp3,R.D9,R.D9.mp3
examples,1973,https://pub-78d23bf07fce46b3adc19df91148ffb8.r2.dev/Linfala/examples/R/R.D90.mp3,Linfala/examples/R/R.D90.mp3,R.D90,R.D90.mp3
examples,1974,https://pub-78d23bf07fce46b3adc19df91148ffb8.r2.dev/Linfala/examples/R/R.D91.mp3,Linfala/examples/R/R.D91.mp3,R.D91,R.D91.mp3
examples,1975,https://pub-78d23bf07fce46b3adc19df91148ffb8.r2.dev/Linfala/examples/R/R.D92.mp3,Linfala/examples/R/R.D92.mp3,R.D92,R.D92.mp3
examples,1976,https://pub-78d23bf07fce46b3adc19df91148ffb8.r2.dev/Linfala/examples/R/R.D93.mp3,Linfala/examples/R/R.D93.mp3,R.D93,R.D93.mp3
examples,1977,https://pub-78d23bf07fce46b3adc19df91148ffb8.r2.dev/Linfala/examples/R/R.D94.mp3,Linfala/examples/R/R.D94.mp3,R.D94,R.D94.mp3
examples,1978,https://pub-78d23bf07fce46b3adc19df91148ffb8.r2.dev/Linfala/examples/R/R.D95.mp3,Linfala/examples/R/R.D95.mp3,R.D95,R.D95.mp3
examples,1979,https://pub-78d23bf07fce46b3adc19df91148ffb8.r2.dev/Linfala/examples/R/R.D96.mp3,Linfala/examples/R/R.D96.mp3,R.D96,R.D96.mp3
examples,1980,https://pub-78d23bf07fce46b3adc19df91148ffb8.r2.dev/Linfala/examples/R/R.D97.mp3,Linfala/examples/R/R.D97.mp3,R.D97,R.D97.mp3
examples,1981,https://pub-78d23bf07fce46b3adc19df91148ffb8.r2.dev/Linfala/examples/R/R.D98.mp3,Linfala/examples/R/R.D98.mp3,R.D98,R.D98.mp3
examples,1982,https://pub-78d23bf07fce46b3adc19df91148ffb8.r2.dev/Linfala/examples/R/R.D99.mp3,Linfala/examples/R/R.D99.mp3,R.D99,R.D99.mp3
senses,1993,https://pub-78d23bf07fce46b3adc19df91148ffb8.r2.dev/Linfala/senses/R/R.F108.mp3,Linfala/senses/R/R.F108.mp3,R.F108,R.F108.mp3
senses,2001,https://pub-78d23bf07fce46b3adc19df91148ffb8.r2.dev/Linfala/senses/R/R.F114.mp3,Linfala/senses/R/R.F114.mp3,R.F114,R.F114.mp3
senses,1888,https://pub-78d23bf07fce46b3adc19df91148ffb8.r2.dev/Linfala/senses/R/R.F16.mp3,Linfala/senses/R/R.F16.mp3,R.F16,R.F16.mp3
senses,1894,https://pub-78d23bf07fce46b3adc19df91148ffb8.r2.dev/Linfala/senses/R/R.F21.mp3,Linfala/senses/R/R.F21.mp3,R.F21,R.F21.mp3
senses,1896,https://pub-78d23bf07fce46b3adc19df91148ffb8.r2.dev/Linfala/senses/R/R.F22.mp3,Linfala/senses/R/R.F22.mp3,R.F22,R.F22.mp3
senses,1904,https://pub-78d23bf07fce46b3adc19df91148ffb8.r2.dev/Linfala/senses/R/R.F29.mp3,Linfala/senses/R/R.F29.mp3,R.F29,R.F29.mp3
senses,1911,https://pub-78d23bf07fce46b3adc19df91148ffb8.r2.dev/Linfala/senses/R/R.F35.mp3,Linfala/senses/R/R.F35.mp3,R.F35,R.F35.mp3
senses,1921,https://pub-78d23bf07fce46b3adc19df91148ffb8.r2.dev/Linfala/senses/R/R.F44.mp3,Linfala/senses/R/R.F44.mp3,R.F44,R.F44.mp3
senses,1927,https://pub-78d23bf07fce46b3adc19df91148ffb8.r2.dev/Linfala/senses/R/R.F49.mp3,Linfala/senses/R/R.F49.mp3,R.F49,R.F49.mp3
senses,1938,https://pub-78d23bf07fce46b3adc19df91148ffb8.r2.dev/Linfala/senses/R/R.F59.mp3,Linfala/senses/R/R.F59.mp3,R.F59,R.F59.mp3
senses,1957,https://pub-78d23bf07fce46b3adc19df91148ffb8.r2.dev/Linfala/senses/R/R.F77.mp3,Linfala/senses/R/R.F77.mp3,R.F77,R.F77.mp3
senses,1960,https://pub-78d23bf07fce46b3adc19df91148ffb8.r2.dev/Linfala/senses/R/R.F79.mp3,Linfala/senses/R/R.F79.mp3,R.F79,R.F79.mp3
senses,1963,https://pub-78d23bf07fce46b3adc19df91148ffb8.r2.dev/Linfala/senses/R/R.F81.mp3,Linfala/senses/R/R.F81.mp3,R.F81,R.F81.mp3
senses,1969,https://pub-78d23bf07fce46b3adc19df91148ffb8.r2.dev/Linfala/senses/R/R.F86.mp3,Linfala/senses/R/R.F86.mp3,R.F86,R.F86.mp3
examples,1989,https://pub-78d23bf07fce46b3adc19df91148ffb8.r2.dev/Linfala/examples/R/R.G105.mp3,Linfala/examples/R/R.G105.mp3,R.G105,R.G105.mp3
examples,1993,https://pub-78d23bf07fce46b3adc19df91148ffb8.r2.dev/Linfala/examples/R/R.G108.mp3,Linfala/examples/R/R.G108.mp3,R.G108,R.G108.mp3
examples,2001,https://pub-78d23bf07fce46b3adc19df91148ffb8.r2.dev/Linfala/examples/R/R.G114.mp3,Linfala/examples/R/R.G114.mp3,R.G114,R.G114.mp3
examples,2011,https://pub-78d23bf07fce46b3adc19df91148ffb8.r2.dev/Linfala/examples/R/R.G123.mp3,Linfala/examples/R/R.G123.mp3,R.G123,R.G123.mp3
examples,1888,https://pub-78d23bf07fce46b3adc19df91148ffb8.r2.dev/Linfala/examples/R/R.G16.mp3,Linfala/examples/R/R.G16.mp3,R.G16,R.G16.mp3
examples,1894,https://pub-78d23bf07fce46b3adc19df91148ffb8.r2.dev/Linfala/examples/R/R.G21.mp3,Linfala/examples/R/R.G21.mp3,R.G21,R.G21.mp3
examples,1896,https://pub-78d23bf07fce46b3adc19df91148ffb8.r2.dev/Linfala/examples/R/R.G22.mp3,Linfala/examples/R/R.G22.mp3,R.G22,R.G22.mp3
examples,1904,https://pub-78d23bf07fce46b3adc19df91148ffb8.r2.dev/Linfala/examples/R/R.G29.mp3,Linfala/examples/R/R.G29.mp3,R.G29,R.G29.mp3
examples,1911,https://pub-78d23bf07fce46b3adc19df91148ffb8.r2.dev/Linfala/examples/R/R.G35.mp3,Linfala/examples/R/R.G35.mp3,R.G35,R.G35.mp3
examples,1921,https://pub-78d23bf07fce46b3adc19df91148ffb8.r2.dev/Linfala/examples/R/R.G44.mp3,Linfala/examples/R/R.G44.mp3,R.G44,R.G44.mp3
examples,1927,https://pub-78d23bf07fce46b3adc19df91148ffb8.r2.dev/Linfala/examples/R/R.G49.mp3,Linfala/examples/R/R.G49.mp3,R.G49,R.G49.mp3
examples,1938,https://pub-78d23bf07fce46b3adc19df91148ffb8.r2.dev/Linfala/examples/R/R.G59.mp3,Linfala/examples/R/R.G59.mp3,R.G59,R.G59.mp3
examples,1957,https://pub-78d23bf07fce46b3adc19df91148ffb8.r2.dev/Linfala/examples/R/R.G77.mp3,Linfala/examples/R/R.G77.mp3,R.G77,R.G77.mp3
examples,1960,https://pub-78d23bf07fce46b3adc19df91148ffb8.r2.dev/Linfala/examples/R/R.G79.mp3,Linfala/examples/R/R.G79.mp3,R.G79,R.G79.mp3
examples,1963,https://pub-78d23bf07fce46b3adc19df91148ffb8.r2.dev/Linfala/examples/R/R.G81.mp3,Linfala/examples/R/R.G81.mp3,R.G81,R.G81.mp3
examples,1969,https://pub-78d23bf07fce46b3adc19df91148ffb8.r2.dev/Linfala/examples/R/R.G86.mp3,Linfala/examples/R/R.G86.mp3,R.G86,R.G86.mp3
senses,1994,https://pub-78d23bf07fce46b3adc19df91148ffb8.r2.dev/Linfala/senses/R/R.I108.mp3,Linfala/senses/R/R.I108.mp3,R.I108,R.I108.mp3
examples,1994,https://pub-78d23bf07fce46b3adc19df91148ffb8.r2.dev/Linfala/examples/R/R.J108.mp3,Linfala/examples/R/R.J108.mp3,R.J108,R.J108.mp3
senses,2044,https://pub-78d23bf07fce46b3adc19df91148ffb8.r2.dev/Linfala/senses/S/S.C10.mp3,Linfala/senses/S/S.C10.mp3,S.C10,S.C10.mp3
senses,2145,https://pub-78d23bf07fce46b3adc19df91148ffb8.r2.dev/Linfala/senses/S/S.C100.mp3,Linfala/senses/S/S.C100.mp3,S.C100,S.C100.mp3
senses,2147,https://pub-78d23bf07fce46b3adc19df91148ffb8.r2.dev/Linfala/senses/S/S.C101.mp3,Linfala/senses/S/S.C101.mp3,S.C101,S.C101.mp3
senses,2148,https://pub-78d23bf07fce46b3adc19df91148ffb8.r2.dev/Linfala/senses/S/S.C102.mp3,Linfala/senses/S/S.C102.mp3,S.C102,S.C102.mp3
senses,2149,https://pub-78d23bf07fce46b3adc19df91148ffb8.r2.dev/Linfala/senses/S/S.C103.mp3,Linfala/senses/S/S.C103.mp3,S.C103,S.C103.mp3
senses,2150,https://pub-78d23bf07fce46b3adc19df91148ffb8.r2.dev/Linfala/senses/S/S.C104.mp3,Linfala/senses/S/S.C104.mp3,S.C104,S.C104.mp3
senses,2151,https://pub-78d23bf07fce46b3adc19df91148ffb8.r2.dev/Linfala/senses/S/S.C105.mp3,Linfala/senses/S/S.C105.mp3,S.C105,S.C105.mp3
senses,2152,https://pub-78d23bf07fce46b3adc19df91148ffb8.r2.dev/Linfala/senses/S/S.C106.mp3,Linfala/senses/S/S.C106.mp3,S.C106,S.C106.mp3
senses,2153,https://pub-78d23bf07fce46b3adc19df91148ffb8.r2.dev/Linfala/senses/S/S.C107.mp3,Linfala/senses/S/S.C107.mp3,S.C107,S.C107.mp3
senses,2154,https://pub-78d23bf07fce46b3adc19df91148ffb8.r2.dev/Linfala/senses/S/S.C108.mp3,Linfala/senses/S/S.C108.mp3,S.C108,S.C108.mp3
senses,2155,https://pub-78d23bf07fce46b3adc19df91148ffb8.r2.dev/Linfala/senses/S/S.C109.mp3,Linfala/senses/S/S.C109.mp3,S.C109,S.C109.mp3
senses,2045,https://pub-78d23bf07fce46b3adc19df91148ffb8.r2.dev/Linfala/senses/S/S.C11.mp3,Linfala/senses/S/S.C11.mp3,S.C11,S.C11.mp3
senses,2158,https://pub-78d23bf07fce46b3adc19df91148ffb8.r2.dev/Linfala/senses/S/S.C110.mp3,Linfala/senses/S/S.C110.mp3,S.C110,S.C110.mp3
senses,2159,https://pub-78d23bf07fce46b3adc19df91148ffb8.r2.dev/Linfala/senses/S/S.C111.mp3,Linfala/senses/S/S.C111.mp3,S.C111,S.C111.mp3
senses,2160,https://pub-78d23bf07fce46b3adc19df91148ffb8.r2.dev/Linfala/senses/S/S.C112.mp3,Linfala/senses/S/S.C112.mp3,S.C112,S.C112.mp3
senses,2161,https://pub-78d23bf07fce46b3adc19df91148ffb8.r2.dev/Linfala/senses/S/S.C113.mp3,Linfala/senses/S/S.C113.mp3,S.C113,S.C113.mp3
senses,2162,https://pub-78d23bf07fce46b3adc19df91148ffb8.r2.dev/Linfala/senses/S/S.C114.mp3,Linfala/senses/S/S.C114.mp3,S.C114,S.C114.mp3
senses,2163,https://pub-78d23bf07fce46b3adc19df91148ffb8.r2.dev/Linfala/senses/S/S.C115.mp3,Linfala/senses/S/S.C115.mp3,S.C115,S.C115.mp3
senses,2164,https://pub-78d23bf07fce46b3adc19df91148ffb8.r2.dev/Linfala/senses/S/S.C116.mp3,Linfala/senses/S/S.C116.mp3,S.C116,S.C116.mp3
senses,2165,https://pub-78d23bf07fce46b3adc19df91148ffb8.r2.dev/Linfala/senses/S/S.C117.mp3,Linfala/senses/S/S.C117.mp3,S.C117,S.C117.mp3
senses,2166,https://pub-78d23bf07fce46b3adc19df91148ffb8.r2.dev/Linfala/senses/S/S.C118.mp3,Linfala/senses/S/S.C118.mp3,S.C118,S.C118.mp3
senses,2167,https://pub-78d23bf07fce46b3adc19df91148ffb8.r2.dev/Linfala/senses/S/S.C119.mp3,Linfala/senses/S/S.C119.mp3,S.C119,S.C119.mp3
senses,2046,https://pub-78d23bf07fce46b3adc19df91148ffb8.r2.dev/Linfala/senses/S/S.C12.mp3,Linfala/senses/S/S.C12.mp3,S.C12,S.C12.mp3
senses,2168,https://pub-78d23bf07fce46b3adc19df91148ffb8.r2.dev/Linfala/senses/S/S.C120.mp3,Linfala/senses/S/S.C120.mp3,S.C120,S.C120.mp3
senses,2169,https://pub-78d23bf07fce46b3adc19df91148ffb8.r2.dev/Linfala/senses/S/S.C121.mp3,Linfala/senses/S/S.C121.mp3,S.C121,S.C121.mp3
senses,2170,https://pub-78d23bf07fce46b3adc19df91148ffb8.r2.dev/Linfala/senses/S/S.C122.mp3,Linfala/senses/S/S.C122.mp3,S.C122,S.C122.mp3
senses,2171,https://pub-78d23bf07fce46b3adc19df91148ffb8.r2.dev/Linfala/senses/S/S.C123.mp3,Linfala/senses/S/S.C123.mp3,S.C123,S.C123.mp3
senses,2172,https://pub-78d23bf07fce46b3adc19df91148ffb8.r2.dev/Linfala/senses/S/S.C124.mp3,Linfala/senses/S/S.C124.mp3,S.C124,S.C124.mp3
senses,2173,https://pub-78d23bf07fce46b3adc19df91148ffb8.r2.dev/Linfala/senses/S/S.C125.mp3,Linfala/senses/S/S.C125.mp3,S.C125,S.C125.mp3
senses,2175,https://pub-78d23bf07fce46b3adc19df91148ffb8.r2.dev/Linfala/senses/S/S.C126.mp3,Linfala/senses/S/S.C126.mp3,S.C126,S.C126.mp3
senses,2176,https://pub-78d23bf07fce46b3adc19df91148ffb8.r2.dev/Linfala/senses/S/S.C127.mp3,Linfala/senses/S/S.C127.mp3,S.C127,S.C127.mp3
senses,2177,https://pub-78d23bf07fce46b3adc19df91148ffb8.r2.dev/Linfala/senses/S/S.C128.mp3,Linfala/senses/S/S.C128.mp3,S.C128,S.C128.mp3
senses,2178,https://pub-78d23bf07fce46b3adc19df91148ffb8.r2.dev/Linfala/senses/S/S.C129.mp3,Linfala/senses/S/S.C129.mp3,S.C129,S.C129.mp3
senses,2047,https://pub-78d23bf07fce46b3adc19df91148ffb8.r2.dev/Linfala/senses/S/S.C13.mp3,Linfala/senses/S/S.C13.mp3,S.C13,S.C13.mp3
senses,2179,https://pub-78d23bf07fce46b3adc19df91148ffb8.r2.dev/Linfala/senses/S/S.C130.mp3,Linfala/senses/S/S.C130.mp3,S.C130,S.C130.mp3
senses,2180,https://pub-78d23bf07fce46b3adc19df91148ffb8.r2.dev/Linfala/senses/S/S.C131.mp3,Linfala/senses/S/S.C131.mp3,S.C131,S.C131.mp3
senses,2181,https://pub-78d23bf07fce46b3adc19df91148ffb8.r2.dev/Linfala/senses/S/S.C132.mp3,Linfala/senses/S/S.C132.mp3,S.C132,S.C132.mp3
senses,2182,https://pub-78d23bf07fce46b3adc19df91148ffb8.r2.dev/Linfala/senses/S/S.C133.mp3,Linfala/senses/S/S.C133.mp3,S.C133,S.C133.mp3
senses,2184,https://pub-78d23bf07fce46b3adc19df91148ffb8.r2.dev/Linfala/senses/S/S.C134.mp3,Linfala/senses/S/S.C134.mp3,S.C134,S.C134.mp3
senses,2185,https://pub-78d23bf07fce46b3adc19df91148ffb8.r2.dev/Linfala/senses/S/S.C135.mp3,Linfala/senses/S/S.C135.mp3,S.C135,S.C135.mp3
senses,2186,https://pub-78d23bf07fce46b3adc19df91148ffb8.r2.dev/Linfala/senses/S/S.C136.mp3,Linfala/senses/S/S.C136.mp3,S.C136,S.C136.mp3
senses,2187,https://pub-78d23bf07fce46b3adc19df91148ffb8.r2.dev/Linfala/senses/S/S.C137.mp3,Linfala/senses/S/S.C137.mp3,S.C137,S.C137.mp3
senses,2188,https://pub-78d23bf07fce46b3adc19df91148ffb8.r2.dev/Linfala/senses/S/S.C138.mp3,Linfala/senses/S/S.C138.mp3,S.C138,S.C138.mp3
senses,2189,https://pub-78d23bf07fce46b3adc19df91148ffb8.r2.dev/Linfala/senses/S/S.C139.mp3,Linfala/senses/S/S.C139.mp3,S.C139,S.C139.mp3
senses,2048,https://pub-78d23bf07fce46b3adc19df91148ffb8.r2.dev/Linfala/senses/S/S.C14.mp3,Linfala/senses/S/S.C14.mp3,S.C14,S.C14.mp3
senses,2190,https://pub-78d23bf07fce46b3adc19df91148ffb8.r2.dev/Linfala/senses/S/S.C140.mp3,Linfala/senses/S/S.C140.mp3,S.C140,S.C140.mp3
senses,2191,https://pub-78d23bf07fce46b3adc19df91148ffb8.r2.dev/Linfala/senses/S/S.C141.mp3,Linfala/senses/S/S.C141.mp3,S.C141,S.C141.mp3
senses,2192,https://pub-78d23bf07fce46b3adc19df91148ffb8.r2.dev/Linfala/senses/S/S.C142.mp3,Linfala/senses/S/S.C142.mp3,S.C142,S.C142.mp3
senses,2193,https://pub-78d23bf07fce46b3adc19df91148ffb8.r2.dev/Linfala/senses/S/S.C143.mp3,Linfala/senses/S/S.C143.mp3,S.C143,S.C143.mp3
senses,2194,https://pub-78d23bf07fce46b3adc19df91148ffb8.r2.dev/Linfala/senses/S/S.C144.mp3,Linfala/senses/S/S.C144.mp3,S.C144,S.C144.mp3
senses,2195,https://pub-78d23bf07fce46b3adc19df91148ffb8.r2.dev/Linfala/senses/S/S.C145.mp3,Linfala/senses/S/S.C145.mp3,S.C145,S.C145.mp3
senses,2196,https://pub-78d23bf07fce46b3adc19df91148ffb8.r2.dev/Linfala/senses/S/S.C146.mp3,Linfala/senses/S/S.C146.mp3,S.C146,S.C146.mp3
senses,2197,https://pub-78d23bf07fce46b3adc19df91148ffb8.r2.dev/Linfala/senses/S/S.C147.mp3,Linfala/senses/S/S.C147.mp3,S.C147,S.C147.mp3
senses,2198,https://pub-78d23bf07fce46b3adc19df91148ffb8.r2.dev/Linfala/senses/S/S.C148.mp3,Linfala/senses/S/S.C148.mp3,S.C148,S.C148.mp3
senses,2199,https://pub-78d23bf07fce46b3adc19df91148ffb8.r2.dev/Linfala/senses/S/S.C149.mp3,Linfala/senses/S/S.C149.mp3,S.C149,S.C149.mp3
senses,2050,https://pub-78d23bf07fce46b3adc19df91148ffb8.r2.dev/Linfala/senses/S/S.C15.mp3,Linfala/senses/S/S.C15.mp3,S.C15,S.C15.mp3
senses,2200,https://pub-78d23bf07fce46b3adc19df91148ffb8.r2.dev/Linfala/senses/S/S.C150.mp3,Linfala/senses/S/S.C150.mp3,S.C150,S.C150.mp3
senses,2201,https://pub-78d23bf07fce46b3adc19df91148ffb8.r2.dev/Linfala/senses/S/S.C151.mp3,Linfala/senses/S/S.C151.mp3,S.C151,S.C151.mp3
senses,2202,https://pub-78d23bf07fce46b3adc19df91148ffb8.r2.dev/Linfala/senses/S/S.C152.mp3,Linfala/senses/S/S.C152.mp3,S.C152,S.C152.mp3
senses,2203,https://pub-78d23bf07fce46b3adc19df91148ffb8.r2.dev/Linfala/senses/S/S.C153.mp3,Linfala/senses/S/S.C153.mp3,S.C153,S.C153.mp3
senses,2204,https://pub-78d23bf07fce46b3adc19df91148ffb8.r2.dev/Linfala/senses/S/S.C154.mp3,Linfala/senses/S/S.C154.mp3,S.C154,S.C154.mp3
senses,2205,https://pub-78d23bf07fce46b3adc19df91148ffb8.r2.dev/Linfala/senses/S/S.C155.mp3,Linfala/senses/S/S.C155.mp3,S.C155,S.C155.mp3
senses,2206,https://pub-78d23bf07fce46b3adc19df91148ffb8.r2.dev/Linfala/senses/S/S.C156.mp3,Linfala/senses/S/S.C156.mp3,S.C156,S.C156.mp3
senses,2208,https://pub-78d23bf07fce46b3adc19df91148ffb8.r2.dev/Linfala/senses/S/S.C157.mp3,Linfala/senses/S/S.C157.mp3,S.C157,S.C157.mp3
senses,2209,https://pub-78d23bf07fce46b3adc19df91148ffb8.r2.dev/Linfala/senses/S/S.C158.mp3,Linfala/senses/S/S.C158.mp3,S.C158,S.C158.mp3
senses,2210,https://pub-78d23bf07fce46b3adc19df91148ffb8.r2.dev/Linfala/senses/S/S.C159.mp3,Linfala/senses/S/S.C159.mp3,S.C159,S.C159.mp3
senses,2051,https://pub-78d23bf07fce46b3adc19df91148ffb8.r2.dev/Linfala/senses/S/S.C16.mp3,Linfala/senses/S/S.C16.mp3,S.C16,S.C16.mp3
senses,2211,https://pub-78d23bf07fce46b3adc19df91148ffb8.r2.dev/Linfala/senses/S/S.C160.mp3,Linfala/senses/S/S.C160.mp3,S.C160,S.C160.mp3
senses,2212,https://pub-78d23bf07fce46b3adc19df91148ffb8.r2.dev/Linfala/senses/S/S.C161.mp3,Linfala/senses/S/S.C161.mp3,S.C161,S.C161.mp3
senses,2213,https://pub-78d23bf07fce46b3adc19df91148ffb8.r2.dev/Linfala/senses/S/S.C162.mp3,Linfala/senses/S/S.C162.mp3,S.C162,S.C162.mp3
senses,2215,https://pub-78d23bf07fce46b3adc19df91148ffb8.r2.dev/Linfala/senses/S/S.C163.mp3,Linfala/senses/S/S.C163.mp3,S.C163,S.C163.mp3
senses,2216,https://pub-78d23bf07fce46b3adc19df91148ffb8.r2.dev/Linfala/senses/S/S.C164.mp3,Linfala/senses/S/S.C164.mp3,S.C164,S.C164.mp3
senses,2217,https://pub-78d23bf07fce46b3adc19df91148ffb8.r2.dev/Linfala/senses/S/S.C165.mp3,Linfala/senses/S/S.C165.mp3,S.C165,S.C165.mp3
senses,2218,https://pub-78d23bf07fce46b3adc19df91148ffb8.r2.dev/Linfala/senses/S/S.C166.mp3,Linfala/senses/S/S.C166.mp3,S.C166,S.C166.mp3
senses,2220,https://pub-78d23bf07fce46b3adc19df91148ffb8.r2.dev/Linfala/senses/S/S.C167.mp3,Linfala/senses/S/S.C167.mp3,S.C167,S.C167.mp3
senses,2222,https://pub-78d23bf07fce46b3adc19df91148ffb8.r2.dev/Linfala/senses/S/S.C168.mp3,Linfala/senses/S/S.C168.mp3,S.C168,S.C168.mp3
senses,2223,https://pub-78d23bf07fce46b3adc19df91148ffb8.r2.dev/Linfala/senses/S/S.C169.mp3,Linfala/senses/S/S.C169.mp3,S.C169,S.C169.mp3
senses,2052,https://pub-78d23bf07fce46b3adc19df91148ffb8.r2.dev/Linfala/senses/S/S.C17.mp3,Linfala/senses/S/S.C17.mp3,S.C17,S.C17.mp3
senses,2225,https://pub-78d23bf07fce46b3adc19df91148ffb8.r2.dev/Linfala/senses/S/S.C170.mp3,Linfala/senses/S/S.C170.mp3,S.C170,S.C170.mp3
senses,2226,https://pub-78d23bf07fce46b3adc19df91148ffb8.r2.dev/Linfala/senses/S/S.C171.mp3,Linfala/senses/S/S.C171.mp3,S.C171,S.C171.mp3
senses,2053,https://pub-78d23bf07fce46b3adc19df91148ffb8.r2.dev/Linfala/senses/S/S.C18.mp3,Linfala/senses/S/S.C18.mp3,S.C18,S.C18.mp3
senses,2054,https://pub-78d23bf07fce46b3adc19df91148ffb8.r2.dev/Linfala/senses/S/S.C19.mp3,Linfala/senses/S/S.C19.mp3,S.C19,S.C19.mp3
senses,2055,https://pub-78d23bf07fce46b3adc19df91148ffb8.r2.dev/Linfala/senses/S/S.C20.mp3,Linfala/senses/S/S.C20.mp3,S.C20,S.C20.mp3
senses,2056,https://pub-78d23bf07fce46b3adc19df91148ffb8.r2.dev/Linfala/senses/S/S.C21.mp3,Linfala/senses/S/S.C21.mp3,S.C21,S.C21.mp3
senses,2057,https://pub-78d23bf07fce46b3adc19df91148ffb8.r2.dev/Linfala/senses/S/S.C22.mp3,Linfala/senses/S/S.C22.mp3,S.C22,S.C22.mp3
senses,2058,https://pub-78d23bf07fce46b3adc19df91148ffb8.r2.dev/Linfala/senses/S/S.C23.mp3,Linfala/senses/S/S.C23.mp3,S.C23,S.C23.mp3
senses,2059,https://pub-78d23bf07fce46b3adc19df91148ffb8.r2.dev/Linfala/senses/S/S.C24.mp3,Linfala/senses/S/S.C24.mp3,S.C24,S.C24.mp3
senses,2060,https://pub-78d23bf07fce46b3adc19df91148ffb8.r2.dev/Linfala/senses/S/S.C25.mp3,Linfala/senses/S/S.C25.mp3,S.C25,S.C25.mp3
senses,2061,https://pub-78d23bf07fce46b3adc19df91148ffb8.r2.dev/Linfala/senses/S/S.C26.mp3,Linfala/senses/S/S.C26.mp3,S.C26,S.C26.mp3
senses,2062,https://pub-78d23bf07fce46b3adc19df91148ffb8.r2.dev/Linfala/senses/S/S.C27.mp3,Linfala/senses/S/S.C27.mp3,S.C27,S.C27.mp3
senses,2063,https://pub-78d23bf07fce46b3adc19df91148ffb8.r2.dev/Linfala/senses/S/S.C28.mp3,Linfala/senses/S/S.C28.mp3,S.C28,S.C28.mp3
senses,2065,https://pub-78d23bf07fce46b3adc19df91148ffb8.r2.dev/Linfala/senses/S/S.C29.mp3,Linfala/senses/S/S.C29.mp3,S.C29,S.C29.mp3
senses,2066,https://pub-78d23bf07fce46b3adc19df91148ffb8.r2.dev/Linfala/senses/S/S.C30.mp3,Linfala/senses/S/S.C30.mp3,S.C30,S.C30.mp3
senses,2067,https://pub-78d23bf07fce46b3adc19df91148ffb8.r2.dev/Linfala/senses/S/S.C31.mp3,Linfala/senses/S/S.C31.mp3,S.C31,S.C31.mp3
senses,2068,https://pub-78d23bf07fce46b3adc19df91148ffb8.r2.dev/Linfala/senses/S/S.C32.mp3,Linfala/senses/S/S.C32.mp3,S.C32,S.C32.mp3
senses,2069,https://pub-78d23bf07fce46b3adc19df91148ffb8.r2.dev/Linfala/senses/S/S.C33.mp3,Linfala/senses/S/S.C33.mp3,S.C33,S.C33.mp3
senses,2070,https://pub-78d23bf07fce46b3adc19df91148ffb8.r2.dev/Linfala/senses/S/S.C34.mp3,Linfala/senses/S/S.C34.mp3,S.C34,S.C34.mp3
senses,2071,https://pub-78d23bf07fce46b3adc19df91148ffb8.r2.dev/Linfala/senses/S/S.C35.mp3,Linfala/senses/S/S.C35.mp3,S.C35,S.C35.mp3
senses,2072,https://pub-78d23bf07fce46b3adc19df91148ffb8.r2.dev/Linfala/senses/S/S.C36.mp3,Linfala/senses/S/S.C36.mp3,S.C36,S.C36.mp3
senses,2073,https://pub-78d23bf07fce46b3adc19df91148ffb8.r2.dev/Linfala/senses/S/S.C37.mp3,Linfala/senses/S/S.C37.mp3,S.C37,S.C37.mp3
senses,2074,https://pub-78d23bf07fce46b3adc19df91148ffb8.r2.dev/Linfala/senses/S/S.C38.mp3,Linfala/senses/S/S.C38.mp3,S.C38,S.C38.mp3
senses,2076,https://pub-78d23bf07fce46b3adc19df91148ffb8.r2.dev/Linfala/senses/S/S.C39.mp3,Linfala/senses/S/S.C39.mp3,S.C39,S.C39.mp3
senses,2037,https://pub-78d23bf07fce46b3adc19df91148ffb8.r2.dev/Linfala/senses/S/S.C4.mp3,Linfala/senses/S/S.C4.mp3,S.C4,S.C4.mp3
senses,2077,https://pub-78d23bf07fce46b3adc19df91148ffb8.r2.dev/Linfala/senses/S/S.C40.mp3,Linfala/senses/S/S.C40.mp3,S.C40,S.C40.mp3
senses,2078,https://pub-78d23bf07fce46b3adc19df91148ffb8.r2.dev/Linfala/senses/S/S.C41.mp3,Linfala/senses/S/S.C41.mp3,S.C41,S.C41.mp3
senses,2079,https://pub-78d23bf07fce46b3adc19df91148ffb8.r2.dev/Linfala/senses/S/S.C42.mp3,Linfala/senses/S/S.C42.mp3,S.C42,S.C42.mp3
senses,2080,https://pub-78d23bf07fce46b3adc19df91148ffb8.r2.dev/Linfala/senses/S/S.C43.mp3,Linfala/senses/S/S.C43.mp3,S.C43,S.C43.mp3
senses,2081,https://pub-78d23bf07fce46b3adc19df91148ffb8.r2.dev/Linfala/senses/S/S.C44.mp3,Linfala/senses/S/S.C44.mp3,S.C44,S.C44.mp3
senses,2082,https://pub-78d23bf07fce46b3adc19df91148ffb8.r2.dev/Linfala/senses/S/S.C45.mp3,Linfala/senses/S/S.C45.mp3,S.C45,S.C45.mp3
senses,2083,https://pub-78d23bf07fce46b3adc19df91148ffb8.r2.dev/Linfala/senses/S/S.C46.mp3,Linfala/senses/S/S.C46.mp3,S.C46,S.C46.mp3
senses,2084,https://pub-78d23bf07fce46b3adc19df91148ffb8.r2.dev/Linfala/senses/S/S.C47.mp3,Linfala/senses/S/S.C47.mp3,S.C47,S.C47.mp3
senses,2085,https://pub-78d23bf07fce46b3adc19df91148ffb8.r2.dev/Linfala/senses/S/S.C48.mp3,Linfala/senses/S/S.C48.mp3,S.C48,S.C48.mp3
senses,2086,https://pub-78d23bf07fce46b3adc19df91148ffb8.r2.dev/Linfala/senses/S/S.C49.mp3,Linfala/senses/S/S.C49.mp3,S.C49,S.C49.mp3
senses,2038,https://pub-78d23bf07fce46b3adc19df91148ffb8.r2.dev/Linfala/senses/S/S.C5.mp3,Linfala/senses/S/S.C5.mp3,S.C5,S.C5.mp3
senses,2087,https://pub-78d23bf07fce46b3adc19df91148ffb8.r2.dev/Linfala/senses/S/S.C50.mp3,Linfala/senses/S/S.C50.mp3,S.C50,S.C50.mp3
senses,2088,https://pub-78d23bf07fce46b3adc19df91148ffb8.r2.dev/Linfala/senses/S/S.C51.mp3,Linfala/senses/S/S.C51.mp3,S.C51,S.C51.mp3
senses,2089,https://pub-78d23bf07fce46b3adc19df91148ffb8.r2.dev/Linfala/senses/S/S.C52.mp3,Linfala/senses/S/S.C52.mp3,S.C52,S.C52.mp3
senses,2090,https://pub-78d23bf07fce46b3adc19df91148ffb8.r2.dev/Linfala/senses/S/S.C53.mp3,Linfala/senses/S/S.C53.mp3,S.C53,S.C53.mp3
senses,2091,https://pub-78d23bf07fce46b3adc19df91148ffb8.r2.dev/Linfala/senses/S/S.C54.mp3,Linfala/senses/S/S.C54.mp3,S.C54,S.C54.mp3
senses,2092,https://pub-78d23bf07fce46b3adc19df91148ffb8.r2.dev/Linfala/senses/S/S.C55.mp3,Linfala/senses/S/S.C55.mp3,S.C55,S.C55.mp3
senses,2093,https://pub-78d23bf07fce46b3adc19df91148ffb8.r2.dev/Linfala/senses/S/S.C56.mp3,Linfala/senses/S/S.C56.mp3,S.C56,S.C56.mp3
senses,2094,https://pub-78d23bf07fce46b3adc19df91148ffb8.r2.dev/Linfala/senses/S/S.C57.mp3,Linfala/senses/S/S.C57.mp3,S.C57,S.C57.mp3
senses,2095,https://pub-78d23bf07fce46b3adc19df91148ffb8.r2.dev/Linfala/senses/S/S.C58.mp3,Linfala/senses/S/S.C58.mp3,S.C58,S.C58.mp3
senses,2097,https://pub-78d23bf07fce46b3adc19df91148ffb8.r2.dev/Linfala/senses/S/S.C59.mp3,Linfala/senses/S/S.C59.mp3,S.C59,S.C59.mp3
senses,2039,https://pub-78d23bf07fce46b3adc19df91148ffb8.r2.dev/Linfala/senses/S/S.C6.mp3,Linfala/senses/S/S.C6.mp3,S.C6,S.C6.mp3
senses,2098,https://pub-78d23bf07fce46b3adc19df91148ffb8.r2.dev/Linfala/senses/S/S.C60.mp3,Linfala/senses/S/S.C60.mp3,S.C60,S.C60.mp3
senses,2100,https://pub-78d23bf07fce46b3adc19df91148ffb8.r2.dev/Linfala/senses/S/S.C61.mp3,Linfala/senses/S/S.C61.mp3,S.C61,S.C61.mp3
senses,2103,https://pub-78d23bf07fce46b3adc19df91148ffb8.r2.dev/Linfala/senses/S/S.C62.mp3,Linfala/senses/S/S.C62.mp3,S.C62,S.C62.mp3
senses,2104,https://pub-78d23bf07fce46b3adc19df91148ffb8.r2.dev/Linfala/senses/S/S.C63.mp3,Linfala/senses/S/S.C63.mp3,S.C63,S.C63.mp3
senses,2105,https://pub-78d23bf07fce46b3adc19df91148ffb8.r2.dev/Linfala/senses/S/S.C64.mp3,Linfala/senses/S/S.C64.mp3,S.C64,S.C64.mp3
senses,2106,https://pub-78d23bf07fce46b3adc19df91148ffb8.r2.dev/Linfala/senses/S/S.C65.mp3,Linfala/senses/S/S.C65.mp3,S.C65,S.C65.mp3
senses,2107,https://pub-78d23bf07fce46b3adc19df91148ffb8.r2.dev/Linfala/senses/S/S.C66.mp3,Linfala/senses/S/S.C66.mp3,S.C66,S.C66.mp3
senses,2108,https://pub-78d23bf07fce46b3adc19df91148ffb8.r2.dev/Linfala/senses/S/S.C67.mp3,Linfala/senses/S/S.C67.mp3,S.C67,S.C67.mp3
senses,2109,https://pub-78d23bf07fce46b3adc19df91148ffb8.r2.dev/Linfala/senses/S/S.C68.mp3,Linfala/senses/S/S.C68.mp3,S.C68,S.C68.mp3
senses,2111,https://pub-78d23bf07fce46b3adc19df91148ffb8.r2.dev/Linfala/senses/S/S.C69.mp3,Linfala/senses/S/S.C69.mp3,S.C69,S.C69.mp3
senses,2040,https://pub-78d23bf07fce46b3adc19df91148ffb8.r2.dev/Linfala/senses/S/S.C7.mp3,Linfala/senses/S/S.C7.mp3,S.C7,S.C7.mp3
senses,2112,https://pub-78d23bf07fce46b3adc19df91148ffb8.r2.dev/Linfala/senses/S/S.C70.mp3,Linfala/senses/S/S.C70.mp3,S.C70,S.C70.mp3
senses,2113,https://pub-78d23bf07fce46b3adc19df91148ffb8.r2.dev/Linfala/senses/S/S.C71.mp3,Linfala/senses/S/S.C71.mp3,S.C71,S.C71.mp3
senses,2115,https://pub-78d23bf07fce46b3adc19df91148ffb8.r2.dev/Linfala/senses/S/S.C72.mp3,Linfala/senses/S/S.C72.mp3,S.C72,S.C72.mp3
senses,2116,https://pub-78d23bf07fce46b3adc19df91148ffb8.r2.dev/Linfala/senses/S/S.C73.mp3,Linfala/senses/S/S.C73.mp3,S.C73,S.C73.mp3
senses,2117,https://pub-78d23bf07fce46b3adc19df91148ffb8.r2.dev/Linfala/senses/S/S.C74.mp3,Linfala/senses/S/S.C74.mp3,S.C74,S.C74.mp3
senses,2118,https://pub-78d23bf07fce46b3adc19df91148ffb8.r2.dev/Linfala/senses/S/S.C75.mp3,Linfala/senses/S/S.C75.mp3,S.C75,S.C75.mp3
senses,2119,https://pub-78d23bf07fce46b3adc19df91148ffb8.r2.dev/Linfala/senses/S/S.C76.mp3,Linfala/senses/S/S.C76.mp3,S.C76,S.C76.mp3
senses,2120,https://pub-78d23bf07fce46b3adc19df91148ffb8.r2.dev/Linfala/senses/S/S.C77.mp3,Linfala/senses/S/S.C77.mp3,S.C77,S.C77.mp3
senses,2121,https://pub-78d23bf07fce46b3adc19df91148ffb8.r2.dev/Linfala/senses/S/S.C78.mp3,Linfala/senses/S/S.C78.mp3,S.C78,S.C78.mp3
senses,2122,https://pub-78d23bf07fce46b3adc19df91148ffb8.r2.dev/Linfala/senses/S/S.C79.mp3,Linfala/senses/S/S.C79.mp3,S.C79,S.C79.mp3
senses,2041,https://pub-78d23bf07fce46b3adc19df91148ffb8.r2.dev/Linfala/senses/S/S.C8.mp3,Linfala/senses/S/S.C8.mp3,S.C8,S.C8.mp3
senses,2123,https://pub-78d23bf07fce46b3adc19df91148ffb8.r2.dev/Linfala/senses/S/S.C80.mp3,Linfala/senses/S/S.C80.mp3,S.C80,S.C80.mp3
senses,2125,https://pub-78d23bf07fce46b3adc19df91148ffb8.r2.dev/Linfala/senses/S/S.C81.mp3,Linfala/senses/S/S.C81.mp3,S.C81,S.C81.mp3
senses,2126,https://pub-78d23bf07fce46b3adc19df91148ffb8.r2.dev/Linfala/senses/S/S.C82.mp3,Linfala/senses/S/S.C82.mp3,S.C82,S.C82.mp3
senses,2127,https://pub-78d23bf07fce46b3adc19df91148ffb8.r2.dev/Linfala/senses/S/S.C83.mp3,Linfala/senses/S/S.C83.mp3,S.C83,S.C83.mp3
senses,2128,https://pub-78d23bf07fce46b3adc19df91148ffb8.r2.dev/Linfala/senses/S/S.C84.mp3,Linfala/senses/S/S.C84.mp3,S.C84,S.C84.mp3
senses,2129,https://pub-78d23bf07fce46b3adc19df91148ffb8.r2.dev/Linfala/senses/S/S.C85.mp3,Linfala/senses/S/S.C85.mp3,S.C85,S.C85.mp3
senses,2130,https://pub-78d23bf07fce46b3adc19df91148ffb8.r2.dev/Linfala/senses/S/S.C86.mp3,Linfala/senses/S/S.C86.mp3,S.C86,S.C86.mp3
senses,2131,https://pub-78d23bf07fce46b3adc19df91148ffb8.r2.dev/Linfala/senses/S/S.C87.mp3,Linfala/senses/S/S.C87.mp3,S.C87,S.C87.mp3
senses,2132,https://pub-78d23bf07fce46b3adc19df91148ffb8.r2.dev/Linfala/senses/S/S.C88.mp3,Linfala/senses/S/S.C88.mp3,S.C88,S.C88.mp3
senses,2133,https://pub-78d23bf07fce46b3adc19df91148ffb8.r2.dev/Linfala/senses/S/S.C89.mp3,Linfala/senses/S/S.C89.mp3,S.C89,S.C89.mp3
senses,2043,https://pub-78d23bf07fce46b3adc19df91148ffb8.r2.dev/Linfala/senses/S/S.C9.mp3,Linfala/senses/S/S.C9.mp3,S.C9,S.C9.mp3
senses,2134,https://pub-78d23bf07fce46b3adc19df91148ffb8.r2.dev/Linfala/senses/S/S.C90.mp3,Linfala/senses/S/S.C90.mp3,S.C90,S.C90.mp3
senses,2135,https://pub-78d23bf07fce46b3adc19df91148ffb8.r2.dev/Linfala/senses/S/S.C91.mp3,Linfala/senses/S/S.C91.mp3,S.C91,S.C91.mp3
senses,2136,https://pub-78d23bf07fce46b3adc19df91148ffb8.r2.dev/Linfala/senses/S/S.C92.mp3,Linfala/senses/S/S.C92.mp3,S.C92,S.C92.mp3
senses,2137,https://pub-78d23bf07fce46b3adc19df91148ffb8.r2.dev/Linfala/senses/S/S.C93.mp3,Linfala/senses/S/S.C93.mp3,S.C93,S.C93.mp3
senses,2138,https://pub-78d23bf07fce46b3adc19df91148ffb8.r2.dev/Linfala/senses/S/S.C94.mp3,Linfala/senses/S/S.C94.mp3,S.C94,S.C94.mp3
senses,2139,https://pub-78d23bf07fce46b3adc19df91148ffb8.r2.dev/Linfala/senses/S/S.C95.mp3,Linfala/senses/S/S.C95.mp3,S.C95,S.C95.mp3
senses,2140,https://pub-78d23bf07fce46b3adc19df91148ffb8.r2.dev/Linfala/senses/S/S.C96.mp3,Linfala/senses/S/S.C96.mp3,S.C96,S.C96.mp3
senses,2141,https://pub-78d23bf07fce46b3adc19df91148ffb8.r2.dev/Linfala/senses/S/S.C97.mp3,Linfala/senses/S/S.C97.mp3,S.C97,S.C97.mp3
senses,2142,https://pub-78d23bf07fce46b3adc19df91148ffb8.r2.dev/Linfala/senses/S/S.C98.mp3,Linfala/senses/S/S.C98.mp3,S.C98,S.C98.mp3
senses,2144,https://pub-78d23bf07fce46b3adc19df91148ffb8.r2.dev/Linfala/senses/S/S.C99.mp3,Linfala/senses/S/S.C99.mp3,S.C99,S.C99.mp3
examples,2044,https://pub-78d23bf07fce46b3adc19df91148ffb8.r2.dev/Linfala/examples/S/S.D10.mp3,Linfala/examples/S/S.D10.mp3,S.D10,S.D10.mp3
examples,2145,https://pub-78d23bf07fce46b3adc19df91148ffb8.r2.dev/Linfala/examples/S/S.D100.mp3,Linfala/examples/S/S.D100.mp3,S.D100,S.D100.mp3
examples,2147,https://pub-78d23bf07fce46b3adc19df91148ffb8.r2.dev/Linfala/examples/S/S.D101.mp3,Linfala/examples/S/S.D101.mp3,S.D101,S.D101.mp3
examples,2148,https://pub-78d23bf07fce46b3adc19df91148ffb8.r2.dev/Linfala/examples/S/S.D102.mp3,Linfala/examples/S/S.D102.mp3,S.D102,S.D102.mp3
examples,2149,https://pub-78d23bf07fce46b3adc19df91148ffb8.r2.dev/Linfala/examples/S/S.D103.mp3,Linfala/examples/S/S.D103.mp3,S.D103,S.D103.mp3
examples,2150,https://pub-78d23bf07fce46b3adc19df91148ffb8.r2.dev/Linfala/examples/S/S.D104.mp3,Linfala/examples/S/S.D104.mp3,S.D104,S.D104.mp3
examples,2151,https://pub-78d23bf07fce46b3adc19df91148ffb8.r2.dev/Linfala/examples/S/S.D105.mp3,Linfala/examples/S/S.D105.mp3,S.D105,S.D105.mp3
examples,2152,https://pub-78d23bf07fce46b3adc19df91148ffb8.r2.dev/Linfala/examples/S/S.D106.mp3,Linfala/examples/S/S.D106.mp3,S.D106,S.D106.mp3
examples,2153,https://pub-78d23bf07fce46b3adc19df91148ffb8.r2.dev/Linfala/examples/S/S.D107.mp3,Linfala/examples/S/S.D107.mp3,S.D107,S.D107.mp3
examples,2154,https://pub-78d23bf07fce46b3adc19df91148ffb8.r2.dev/Linfala/examples/S/S.D108.mp3,Linfala/examples/S/S.D108.mp3,S.D108,S.D108.mp3
examples,2155,https://pub-78d23bf07fce46b3adc19df91148ffb8.r2.dev/Linfala/examples/S/S.D109.mp3,Linfala/examples/S/S.D109.mp3,S.D109,S.D109.mp3
examples,2045,https://pub-78d23bf07fce46b3adc19df91148ffb8.r2.dev/Linfala/examples/S/S.D11.mp3,Linfala/examples/S/S.D11.mp3,S.D11,S.D11.mp3
examples,2158,https://pub-78d23bf07fce46b3adc19df91148ffb8.r2.dev/Linfala/examples/S/S.D110.mp3,Linfala/examples/S/S.D110.mp3,S.D110,S.D110.mp3
examples,2159,https://pub-78d23bf07fce46b3adc19df91148ffb8.r2.dev/Linfala/examples/S/S.D111.mp3,Linfala/examples/S/S.D111.mp3,S.D111,S.D111.mp3
examples,2160,https://pub-78d23bf07fce46b3adc19df91148ffb8.r2.dev/Linfala/examples/S/S.D112.mp3,Linfala/examples/S/S.D112.mp3,S.D112,S.D112.mp3
examples,2161,https://pub-78d23bf07fce46b3adc19df91148ffb8.r2.dev/Linfala/examples/S/S.D113.mp3,Linfala/examples/S/S.D113.mp3,S.D113,S.D113.mp3
examples,2162,https://pub-78d23bf07fce46b3adc19df91148ffb8.r2.dev/Linfala/examples/S/S.D114.mp3,Linfala/examples/S/S.D114.mp3,S.D114,S.D114.mp3
examples,2163,https://pub-78d23bf07fce46b3adc19df91148ffb8.r2.dev/Linfala/examples/S/S.D115.mp3,Linfala/examples/S/S.D115.mp3,S.D115,S.D115.mp3
examples,2164,https://pub-78d23bf07fce46b3adc19df91148ffb8.r2.dev/Linfala/examples/S/S.D116.mp3,Linfala/examples/S/S.D116.mp3,S.D116,S.D116.mp3
examples,2165,https://pub-78d23bf07fce46b3adc19df91148ffb8.r2.dev/Linfala/examples/S/S.D117.mp3,Linfala/examples/S/S.D117.mp3,S.D117,S.D117.mp3
examples,2166,https://pub-78d23bf07fce46b3adc19df91148ffb8.r2.dev/Linfala/examples/S/S.D118.mp3,Linfala/examples/S/S.D118.mp3,S.D118,S.D118.mp3
examples,2167,https://pub-78d23bf07fce46b3adc19df91148ffb8.r2.dev/Linfala/examples/S/S.D119.mp3,Linfala/examples/S/S.D119.mp3,S.D119,S.D119.mp3
examples,2046,https://pub-78d23bf07fce46b3adc19df91148ffb8.r2.dev/Linfala/examples/S/S.D12.mp3,Linfala/examples/S/S.D12.mp3,S.D12,S.D12.mp3
examples,2168,https://pub-78d23bf07fce46b3adc19df91148ffb8.r2.dev/Linfala/examples/S/S.D120.mp3,Linfala/examples/S/S.D120.mp3,S.D120,S.D120.mp3
examples,2169,https://pub-78d23bf07fce46b3adc19df91148ffb8.r2.dev/Linfala/examples/S/S.D121.mp3,Linfala/examples/S/S.D121.mp3,S.D121,S.D121.mp3
examples,2170,https://pub-78d23bf07fce46b3adc19df91148ffb8.r2.dev/Linfala/examples/S/S.D122.mp3,Linfala/examples/S/S.D122.mp3,S.D122,S.D122.mp3
examples,2171,https://pub-78d23bf07fce46b3adc19df91148ffb8.r2.dev/Linfala/examples/S/S.D123.mp3,Linfala/examples/S/S.D123.mp3,S.D123,S.D123.mp3
examples,2172,https://pub-78d23bf07fce46b3adc19df91148ffb8.r2.dev/Linfala/examples/S/S.D124.mp3,Linfala/examples/S/S.D124.mp3,S.D124,S.D124.mp3
examples,2173,https://pub-78d23bf07fce46b3adc19df91148ffb8.r2.dev/Linfala/examples/S/S.D125.mp3,Linfala/examples/S/S.D125.mp3,S.D125,S.D125.mp3
examples,2175,https://pub-78d23bf07fce46b3adc19df91148ffb8.r2.dev/Linfala/examples/S/S.D126.mp3,Linfala/examples/S/S.D126.mp3,S.D126,S.D126.mp3
examples,2176,https://pub-78d23bf07fce46b3adc19df91148ffb8.r2.dev/Linfala/examples/S/S.D127.mp3,Linfala/examples/S/S.D127.mp3,S.D127,S.D127.mp3
examples,2177,https://pub-78d23bf07fce46b3adc19df91148ffb8.r2.dev/Linfala/examples/S/S.D128.mp3,Linfala/examples/S/S.D128.mp3,S.D128,S.D128.mp3
examples,2178,https://pub-78d23bf07fce46b3adc19df91148ffb8.r2.dev/Linfala/examples/S/S.D129.mp3,Linfala/examples/S/S.D129.mp3,S.D129,S.D129.mp3
examples,2047,https://pub-78d23bf07fce46b3adc19df91148ffb8.r2.dev/Linfala/examples/S/S.D13.mp3,Linfala/examples/S/S.D13.mp3,S.D13,S.D13.mp3
examples,2179,https://pub-78d23bf07fce46b3adc19df91148ffb8.r2.dev/Linfala/examples/S/S.D130.mp3,Linfala/examples/S/S.D130.mp3,S.D130,S.D130.mp3
examples,2180,https://pub-78d23bf07fce46b3adc19df91148ffb8.r2.dev/Linfala/examples/S/S.D131.mp3,Linfala/examples/S/S.D131.mp3,S.D131,S.D131.mp3
examples,2181,https://pub-78d23bf07fce46b3adc19df91148ffb8.r2.dev/Linfala/examples/S/S.D132.mp3,Linfala/examples/S/S.D132.mp3,S.D132,S.D132.mp3
examples,2182,https://pub-78d23bf07fce46b3adc19df91148ffb8.r2.dev/Linfala/examples/S/S.D133.mp3,Linfala/examples/S/S.D133.mp3,S.D133,S.D133.mp3
examples,2184,https://pub-78d23bf07fce46b3adc19df91148ffb8.r2.dev/Linfala/examples/S/S.D134.mp3,Linfala/examples/S/S.D134.mp3,S.D134,S.D134.mp3
examples,2185,https://pub-78d23bf07fce46b3adc19df91148ffb8.r2.dev/Linfala/examples/S/S.D135.mp3,Linfala/examples/S/S.D135.mp3,S.D135,S.D135.mp3
examples,2186,https://pub-78d23bf07fce46b3adc19df91148ffb8.r2.dev/Linfala/examples/S/S.D136.mp3,Linfala/examples/S/S.D136.mp3,S.D136,S.D136.mp3
examples,2187,https://pub-78d23bf07fce46b3adc19df91148ffb8.r2.dev/Linfala/examples/S/S.D137.mp3,Linfala/examples/S/S.D137.mp3,S.D137,S.D137.mp3
examples,2188,https://pub-78d23bf07fce46b3adc19df91148ffb8.r2.dev/Linfala/examples/S/S.D138.mp3,Linfala/examples/S/S.D138.mp3,S.D138,S.D138.mp3
examples,2189,https://pub-78d23bf07fce46b3adc19df91148ffb8.r2.dev/Linfala/examples/S/S.D139.mp3,Linfala/examples/S/S.D139.mp3,S.D139,S.D139.mp3
examples,2048,https://pub-78d23bf07fce46b3adc19df91148ffb8.r2.dev/Linfala/examples/S/S.D14.mp3,Linfala/examples/S/S.D14.mp3,S.D14,S.D14.mp3
examples,2190,https://pub-78d23bf07fce46b3adc19df91148ffb8.r2.dev/Linfala/examples/S/S.D140.mp3,Linfala/examples/S/S.D140.mp3,S.D140,S.D140.mp3
examples,2191,https://pub-78d23bf07fce46b3adc19df91148ffb8.r2.dev/Linfala/examples/S/S.D141.mp3,Linfala/examples/S/S.D141.mp3,S.D141,S.D141.mp3
examples,2192,https://pub-78d23bf07fce46b3adc19df91148ffb8.r2.dev/Linfala/examples/S/S.D142.mp3,Linfala/examples/S/S.D142.mp3,S.D142,S.D142.mp3
examples,2193,https://pub-78d23bf07fce46b3adc19df91148ffb8.r2.dev/Linfala/examples/S/S.D143.mp3,Linfala/examples/S/S.D143.mp3,S.D143,S.D143.mp3
examples,2194,https://pub-78d23bf07fce46b3adc19df91148ffb8.r2.dev/Linfala/examples/S/S.D144.mp3,Linfala/examples/S/S.D144.mp3,S.D144,S.D144.mp3
examples,2195,https://pub-78d23bf07fce46b3adc19df91148ffb8.r2.dev/Linfala/examples/S/S.D145.mp3,Linfala/examples/S/S.D145.mp3,S.D145,S.D145.mp3
examples,2196,https://pub-78d23bf07fce46b3adc19df91148ffb8.r2.dev/Linfala/examples/S/S.D146.mp3,Linfala/examples/S/S.D146.mp3,S.D146,S.D146.mp3
examples,2197,https://pub-78d23bf07fce46b3adc19df91148ffb8.r2.dev/Linfala/examples/S/S.D147.mp3,Linfala/examples/S/S.D147.mp3,S.D147,S.D147.mp3
examples,2198,https://pub-78d23bf07fce46b3adc19df91148ffb8.r2.dev/Linfala/examples/S/S.D148.mp3,Linfala/examples/S/S.D148.mp3,S.D148,S.D148.mp3
examples,2199,https://pub-78d23bf07fce46b3adc19df91148ffb8.r2.dev/Linfala/examples/S/S.D149.mp3,Linfala/examples/S/S.D149.mp3,S.D149,S.D149.mp3
examples,2050,https://pub-78d23bf07fce46b3adc19df91148ffb8.r2.dev/Linfala/examples/S/S.D15.mp3,Linfala/examples/S/S.D15.mp3,S.D15,S.D15.mp3
examples,2200,https://pub-78d23bf07fce46b3adc19df91148ffb8.r2.dev/Linfala/examples/S/S.D150.mp3,Linfala/examples/S/S.D150.mp3,S.D150,S.D150.mp3
examples,2201,https://pub-78d23bf07fce46b3adc19df91148ffb8.r2.dev/Linfala/examples/S/S.D151.mp3,Linfala/examples/S/S.D151.mp3,S.D151,S.D151.mp3
examples,2202,https://pub-78d23bf07fce46b3adc19df91148ffb8.r2.dev/Linfala/examples/S/S.D152.mp3,Linfala/examples/S/S.D152.mp3,S.D152,S.D152.mp3
examples,2203,https://pub-78d23bf07fce46b3adc19df91148ffb8.r2.dev/Linfala/examples/S/S.D153.mp3,Linfala/examples/S/S.D153.mp3,S.D153,S.D153.mp3
examples,2204,https://pub-78d23bf07fce46b3adc19df91148ffb8.r2.dev/Linfala/examples/S/S.D154.mp3,Linfala/examples/S/S.D154.mp3,S.D154,S.D154.mp3
examples,2205,https://pub-78d23bf07fce46b3adc19df91148ffb8.r2.dev/Linfala/examples/S/S.D155.mp3,Linfala/examples/S/S.D155.mp3,S.D155,S.D155.mp3
examples,2206,https://pub-78d23bf07fce46b3adc19df91148ffb8.r2.dev/Linfala/examples/S/S.D156.mp3,Linfala/examples/S/S.D156.mp3,S.D156,S.D156.mp3
examples,2208,https://pub-78d23bf07fce46b3adc19df91148ffb8.r2.dev/Linfala/examples/S/S.D157.mp3,Linfala/examples/S/S.D157.mp3,S.D157,S.D157.mp3
examples,2209,https://pub-78d23bf07fce46b3adc19df91148ffb8.r2.dev/Linfala/examples/S/S.D158.mp3,Linfala/examples/S/S.D158.mp3,S.D158,S.D158.mp3
examples,2210,https://pub-78d23bf07fce46b3adc19df91148ffb8.r2.dev/Linfala/examples/S/S.D159.mp3,Linfala/examples/S/S.D159.mp3,S.D159,S.D159.mp3
examples,2051,https://pub-78d23bf07fce46b3adc19df91148ffb8.r2.dev/Linfala/examples/S/S.D16.mp3,Linfala/examples/S/S.D16.mp3,S.D16,S.D16.mp3
examples,2211,https://pub-78d23bf07fce46b3adc19df91148ffb8.r2.dev/Linfala/examples/S/S.D160.mp3,Linfala/examples/S/S.D160.mp3,S.D160,S.D160.mp3
examples,2212,https://pub-78d23bf07fce46b3adc19df91148ffb8.r2.dev/Linfala/examples/S/S.D161.mp3,Linfala/examples/S/S.D161.mp3,S.D161,S.D161.mp3
examples,2213,https://pub-78d23bf07fce46b3adc19df91148ffb8.r2.dev/Linfala/examples/S/S.D162.mp3,Linfala/examples/S/S.D162.mp3,S.D162,S.D162.mp3
examples,2215,https://pub-78d23bf07fce46b3adc19df91148ffb8.r2.dev/Linfala/examples/S/S.D163.mp3,Linfala/examples/S/S.D163.mp3,S.D163,S.D163.mp3
examples,2216,https://pub-78d23bf07fce46b3adc19df91148ffb8.r2.dev/Linfala/examples/S/S.D164.mp3,Linfala/examples/S/S.D164.mp3,S.D164,S.D164.mp3
examples,2217,https://pub-78d23bf07fce46b3adc19df91148ffb8.r2.dev/Linfala/examples/S/S.D165.mp3,Linfala/examples/S/S.D165.mp3,S.D165,S.D165.mp3
examples,2218,https://pub-78d23bf07fce46b3adc19df91148ffb8.r2.dev/Linfala/examples/S/S.D166.mp3,Linfala/examples/S/S.D166.mp3,S.D166,S.D166.mp3
examples,2220,https://pub-78d23bf07fce46b3adc19df91148ffb8.r2.dev/Linfala/examples/S/S.D167.mp3,Linfala/examples/S/S.D167.mp3,S.D167,S.D167.mp3
examples,2222,https://pub-78d23bf07fce46b3adc19df91148ffb8.r2.dev/Linfala/examples/S/S.D168.mp3,Linfala/examples/S/S.D168.mp3,S.D168,S.D168.mp3
examples,2223,https://pub-78d23bf07fce46b3adc19df91148ffb8.r2.dev/Linfala/examples/S/S.D169.mp3,Linfala/examples/S/S.D169.mp3,S.D169,S.D169.mp3
examples,2052,https://pub-78d23bf07fce46b3adc19df91148ffb8.r2.dev/Linfala/examples/S/S.D17.mp3,Linfala/examples/S/S.D17.mp3,S.D17,S.D17.mp3
examples,2225,https://pub-78d23bf07fce46b3adc19df91148ffb8.r2.dev/Linfala/examples/S/S.D170.mp3,Linfala/examples/S/S.D170.mp3,S.D170,S.D170.mp3
examples,2226,https://pub-78d23bf07fce46b3adc19df91148ffb8.r2.dev/Linfala/examples/S/S.D171.mp3,Linfala/examples/S/S.D171.mp3,S.D171,S.D171.mp3
examples,2053,https://pub-78d23bf07fce46b3adc19df91148ffb8.r2.dev/Linfala/examples/S/S.D18.mp3,Linfala/examples/S/S.D18.mp3,S.D18,S.D18.mp3
examples,2054,https://pub-78d23bf07fce46b3adc19df91148ffb8.r2.dev/Linfala/examples/S/S.D19.mp3,Linfala/examples/S/S.D19.mp3,S.D19,S.D19.mp3
examples,2055,https://pub-78d23bf07fce46b3adc19df91148ffb8.r2.dev/Linfala/examples/S/S.D20.mp3,Linfala/examples/S/S.D20.mp3,S.D20,S.D20.mp3
examples,2056,https://pub-78d23bf07fce46b3adc19df91148ffb8.r2.dev/Linfala/examples/S/S.D21.mp3,Linfala/examples/S/S.D21.mp3,S.D21,S.D21.mp3
examples,2057,https://pub-78d23bf07fce46b3adc19df91148ffb8.r2.dev/Linfala/examples/S/S.D22.mp3,Linfala/examples/S/S.D22.mp3,S.D22,S.D22.mp3
examples,2058,https://pub-78d23bf07fce46b3adc19df91148ffb8.r2.dev/Linfala/examples/S/S.D23.mp3,Linfala/examples/S/S.D23.mp3,S.D23,S.D23.mp3
examples,2060,https://pub-78d23bf07fce46b3adc19df91148ffb8.r2.dev/Linfala/examples/S/S.D25.mp3,Linfala/examples/S/S.D25.mp3,S.D25,S.D25.mp3
examples,2061,https://pub-78d23bf07fce46b3adc19df91148ffb8.r2.dev/Linfala/examples/S/S.D26.mp3,Linfala/examples/S/S.D26.mp3,S.D26,S.D26.mp3
examples,2062,https://pub-78d23bf07fce46b3adc19df91148ffb8.r2.dev/Linfala/examples/S/S.D27.mp3,Linfala/examples/S/S.D27.mp3,S.D27,S.D27.mp3
examples,2063,https://pub-78d23bf07fce46b3adc19df91148ffb8.r2.dev/Linfala/examples/S/S.D28.mp3,Linfala/examples/S/S.D28.mp3,S.D28,S.D28.mp3
examples,2065,https://pub-78d23bf07fce46b3adc19df91148ffb8.r2.dev/Linfala/examples/S/S.D29.mp3,Linfala/examples/S/S.D29.mp3,S.D29,S.D29.mp3
examples,2036,https://pub-78d23bf07fce46b3adc19df91148ffb8.r2.dev/Linfala/examples/S/S.D3.mp3,Linfala/examples/S/S.D3.mp3,S.D3,S.D3.mp3
examples,2066,https://pub-78d23bf07fce46b3adc19df91148ffb8.r2.dev/Linfala/examples/S/S.D30.mp3,Linfala/examples/S/S.D30.mp3,S.D30,S.D30.mp3
examples,2067,https://pub-78d23bf07fce46b3adc19df91148ffb8.r2.dev/Linfala/examples/S/S.D31.mp3,Linfala/examples/S/S.D31.mp3,S.D31,S.D31.mp3
examples,2068,https://pub-78d23bf07fce46b3adc19df91148ffb8.r2.dev/Linfala/examples/S/S.D32.mp3,Linfala/examples/S/S.D32.mp3,S.D32,S.D32.mp3
examples,2069,https://pub-78d23bf07fce46b3adc19df91148ffb8.r2.dev/Linfala/examples/S/S.D33.mp3,Linfala/examples/S/S.D33.mp3,S.D33,S.D33.mp3
examples,2070,https://pub-78d23bf07fce46b3adc19df91148ffb8.r2.dev/Linfala/examples/S/S.D34.mp3,Linfala/examples/S/S.D34.mp3,S.D34,S.D34.mp3
examples,2071,https://pub-78d23bf07fce46b3adc19df91148ffb8.r2.dev/Linfala/examples/S/S.D35.mp3,Linfala/examples/S/S.D35.mp3,S.D35,S.D35.mp3
examples,2072,https://pub-78d23bf07fce46b3adc19df91148ffb8.r2.dev/Linfala/examples/S/S.D36.mp3,Linfala/examples/S/S.D36.mp3,S.D36,S.D36.mp3
examples,2073,https://pub-78d23bf07fce46b3adc19df91148ffb8.r2.dev/Linfala/examples/S/S.D37.mp3,Linfala/examples/S/S.D37.mp3,S.D37,S.D37.mp3
examples,2074,https://pub-78d23bf07fce46b3adc19df91148ffb8.r2.dev/Linfala/examples/S/S.D38.mp3,Linfala/examples/S/S.D38.mp3,S.D38,S.D38.mp3
examples,2076,https://pub-78d23bf07fce46b3adc19df91148ffb8.r2.dev/Linfala/examples/S/S.D39.mp3,Linfala/examples/S/S.D39.mp3,S.D39,S.D39.mp3
examples,2037,https://pub-78d23bf07fce46b3adc19df91148ffb8.r2.dev/Linfala/examples/S/S.D4.mp3,Linfala/examples/S/S.D4.mp3,S.D4,S.D4.mp3
examples,2077,https://pub-78d23bf07fce46b3adc19df91148ffb8.r2.dev/Linfala/examples/S/S.D40.mp3,Linfala/examples/S/S.D40.mp3,S.D40,S.D40.mp3
examples,2078,https://pub-78d23bf07fce46b3adc19df91148ffb8.r2.dev/Linfala/examples/S/S.D41.mp3,Linfala/examples/S/S.D41.mp3,S.D41,S.D41.mp3
examples,2079,https://pub-78d23bf07fce46b3adc19df91148ffb8.r2.dev/Linfala/examples/S/S.D42.mp3,Linfala/examples/S/S.D42.mp3,S.D42,S.D42.mp3
examples,2080,https://pub-78d23bf07fce46b3adc19df91148ffb8.r2.dev/Linfala/examples/S/S.D43.mp3,Linfala/examples/S/S.D43.mp3,S.D43,S.D43.mp3
examples,2081,https://pub-78d23bf07fce46b3adc19df91148ffb8.r2.dev/Linfala/examples/S/S.D44.mp3,Linfala/examples/S/S.D44.mp3,S.D44,S.D44.mp3
examples,2082,https://pub-78d23bf07fce46b3adc19df91148ffb8.r2.dev/Linfala/examples/S/S.D45.mp3,Linfala/examples/S/S.D45.mp3,S.D45,S.D45.mp3
examples,2083,https://pub-78d23bf07fce46b3adc19df91148ffb8.r2.dev/Linfala/examples/S/S.D46.mp3,Linfala/examples/S/S.D46.mp3,S.D46,S.D46.mp3
examples,2084,https://pub-78d23bf07fce46b3adc19df91148ffb8.r2.dev/Linfala/examples/S/S.D47.mp3,Linfala/examples/S/S.D47.mp3,S.D47,S.D47.mp3
examples,2085,https://pub-78d23bf07fce46b3adc19df91148ffb8.r2.dev/Linfala/examples/S/S.D48.mp3,Linfala/examples/S/S.D48.mp3,S.D48,S.D48.mp3
examples,2086,https://pub-78d23bf07fce46b3adc19df91148ffb8.r2.dev/Linfala/examples/S/S.D49.mp3,Linfala/examples/S/S.D49.mp3,S.D49,S.D49.mp3
examples,2038,https://pub-78d23bf07fce46b3adc19df91148ffb8.r2.dev/Linfala/examples/S/S.D5.mp3,Linfala/examples/S/S.D5.mp3,S.D5,S.D5.mp3
examples,2087,https://pub-78d23bf07fce46b3adc19df91148ffb8.r2.dev/Linfala/examples/S/S.D50.mp3,Linfala/examples/S/S.D50.mp3,S.D50,S.D50.mp3
examples,2088,https://pub-78d23bf07fce46b3adc19df91148ffb8.r2.dev/Linfala/examples/S/S.D51.mp3,Linfala/examples/S/S.D51.mp3,S.D51,S.D51.mp3
examples,2089,https://pub-78d23bf07fce46b3adc19df91148ffb8.r2.dev/Linfala/examples/S/S.D52.mp3,Linfala/examples/S/S.D52.mp3,S.D52,S.D52.mp3
examples,2090,https://pub-78d23bf07fce46b3adc19df91148ffb8.r2.dev/Linfala/examples/S/S.D53.mp3,Linfala/examples/S/S.D53.mp3,S.D53,S.D53.mp3
examples,2091,https://pub-78d23bf07fce46b3adc19df91148ffb8.r2.dev/Linfala/examples/S/S.D54.mp3,Linfala/examples/S/S.D54.mp3,S.D54,S.D54.mp3
examples,2092,https://pub-78d23bf07fce46b3adc19df91148ffb8.r2.dev/Linfala/examples/S/S.D55.mp3,Linfala/examples/S/S.D55.mp3,S.D55,S.D55.mp3
examples,2093,https://pub-78d23bf07fce46b3adc19df91148ffb8.r2.dev/Linfala/examples/S/S.D56.mp3,Linfala/examples/S/S.D56.mp3,S.D56,S.D56.mp3
examples,2094,https://pub-78d23bf07fce46b3adc19df91148ffb8.r2.dev/Linfala/examples/S/S.D57.mp3,Linfala/examples/S/S.D57.mp3,S.D57,S.D57.mp3
examples,2095,https://pub-78d23bf07fce46b3adc19df91148ffb8.r2.dev/Linfala/examples/S/S.D58.mp3,Linfala/examples/S/S.D58.mp3,S.D58,S.D58.mp3
examples,2097,https://pub-78d23bf07fce46b3adc19df91148ffb8.r2.dev/Linfala/examples/S/S.D59.mp3,Linfala/examples/S/S.D59.mp3,S.D59,S.D59.mp3
examples,2039,https://pub-78d23bf07fce46b3adc19df91148ffb8.r2.dev/Linfala/examples/S/S.D6.mp3,Linfala/examples/S/S.D6.mp3,S.D6,S.D6.mp3
examples,2098,https://pub-78d23bf07fce46b3adc19df91148ffb8.r2.dev/Linfala/examples/S/S.D60.mp3,Linfala/examples/S/S.D60.mp3,S.D60,S.D60.mp3
examples,2100,https://pub-78d23bf07fce46b3adc19df91148ffb8.r2.dev/Linfala/examples/S/S.D61.mp3,Linfala/examples/S/S.D61.mp3,S.D61,S.D61.mp3
examples,2103,https://pub-78d23bf07fce46b3adc19df91148ffb8.r2.dev/Linfala/examples/S/S.D62.mp3,Linfala/examples/S/S.D62.mp3,S.D62,S.D62.mp3
examples,2104,https://pub-78d23bf07fce46b3adc19df91148ffb8.r2.dev/Linfala/examples/S/S.D63.mp3,Linfala/examples/S/S.D63.mp3,S.D63,S.D63.mp3
examples,2105,https://pub-78d23bf07fce46b3adc19df91148ffb8.r2.dev/Linfala/examples/S/S.D64.mp3,Linfala/examples/S/S.D64.mp3,S.D64,S.D64.mp3
examples,2106,https://pub-78d23bf07fce46b3adc19df91148ffb8.r2.dev/Linfala/examples/S/S.D65.mp3,Linfala/examples/S/S.D65.mp3,S.D65,S.D65.mp3
examples,2107,https://pub-78d23bf07fce46b3adc19df91148ffb8.r2.dev/Linfala/examples/S/S.D66.mp3,Linfala/examples/S/S.D66.mp3,S.D66,S.D66.mp3
examples,2108,https://pub-78d23bf07fce46b3adc19df91148ffb8.r2.dev/Linfala/examples/S/S.D67.mp3,Linfala/examples/S/S.D67.mp3,S.D67,S.D67.mp3
examples,2109,https://pub-78d23bf07fce46b3adc19df91148ffb8.r2.dev/Linfala/examples/S/S.D68.mp3,Linfala/examples/S/S.D68.mp3,S.D68,S.D68.mp3
examples,2111,https://pub-78d23bf07fce46b3adc19df91148ffb8.r2.dev/Linfala/examples/S/S.D69.mp3,Linfala/examples/S/S.D69.mp3,S.D69,S.D69.mp3
examples,2040,https://pub-78d23bf07fce46b3adc19df91148ffb8.r2.dev/Linfala/examples/S/S.D7.mp3,Linfala/examples/S/S.D7.mp3,S.D7,S.D7.mp3
examples,2112,https://pub-78d23bf07fce46b3adc19df91148ffb8.r2.dev/Linfala/examples/S/S.D70.mp3,Linfala/examples/S/S.D70.mp3,S.D70,S.D70.mp3
examples,2113,https://pub-78d23bf07fce46b3adc19df91148ffb8.r2.dev/Linfala/examples/S/S.D71.mp3,Linfala/examples/S/S.D71.mp3,S.D71,S.D71.mp3
examples,2115,https://pub-78d23bf07fce46b3adc19df91148ffb8.r2.dev/Linfala/examples/S/S.D72.mp3,Linfala/examples/S/S.D72.mp3,S.D72,S.D72.mp3
examples,2116,https://pub-78d23bf07fce46b3adc19df91148ffb8.r2.dev/Linfala/examples/S/S.D73.mp3,Linfala/examples/S/S.D73.mp3,S.D73,S.D73.mp3
examples,2117,https://pub-78d23bf07fce46b3adc19df91148ffb8.r2.dev/Linfala/examples/S/S.D74.mp3,Linfala/examples/S/S.D74.mp3,S.D74,S.D74.mp3
examples,2118,https://pub-78d23bf07fce46b3adc19df91148ffb8.r2.dev/Linfala/examples/S/S.D75.mp3,Linfala/examples/S/S.D75.mp3,S.D75,S.D75.mp3
examples,2119,https://pub-78d23bf07fce46b3adc19df91148ffb8.r2.dev/Linfala/examples/S/S.D76.mp3,Linfala/examples/S/S.D76.mp3,S.D76,S.D76.mp3
examples,2120,https://pub-78d23bf07fce46b3adc19df91148ffb8.r2.dev/Linfala/examples/S/S.D77.mp3,Linfala/examples/S/S.D77.mp3,S.D77,S.D77.mp3
examples,2121,https://pub-78d23bf07fce46b3adc19df91148ffb8.r2.dev/Linfala/examples/S/S.D78.mp3,Linfala/examples/S/S.D78.mp3,S.D78,S.D78.mp3
examples,2122,https://pub-78d23bf07fce46b3adc19df91148ffb8.r2.dev/Linfala/examples/S/S.D79.mp3,Linfala/examples/S/S.D79.mp3,S.D79,S.D79.mp3
examples,2041,https://pub-78d23bf07fce46b3adc19df91148ffb8.r2.dev/Linfala/examples/S/S.D8.mp3,Linfala/examples/S/S.D8.mp3,S.D8,S.D8.mp3
examples,2123,https://pub-78d23bf07fce46b3adc19df91148ffb8.r2.dev/Linfala/examples/S/S.D80.mp3,Linfala/examples/S/S.D80.mp3,S.D80,S.D80.mp3
examples,2125,https://pub-78d23bf07fce46b3adc19df91148ffb8.r2.dev/Linfala/examples/S/S.D81.mp3,Linfala/examples/S/S.D81.mp3,S.D81,S.D81.mp3
examples,2126,https://pub-78d23bf07fce46b3adc19df91148ffb8.r2.dev/Linfala/examples/S/S.D82.mp3,Linfala/examples/S/S.D82.mp3,S.D82,S.D82.mp3
examples,2127,https://pub-78d23bf07fce46b3adc19df91148ffb8.r2.dev/Linfala/examples/S/S.D83.mp3,Linfala/examples/S/S.D83.mp3,S.D83,S.D83.mp3
examples,2128,https://pub-78d23bf07fce46b3adc19df91148ffb8.r2.dev/Linfala/examples/S/S.D84.mp3,Linfala/examples/S/S.D84.mp3,S.D84,S.D84.mp3
examples,2129,https://pub-78d23bf07fce46b3adc19df91148ffb8.r2.dev/Linfala/examples/S/S.D85.mp3,Linfala/examples/S/S.D85.mp3,S.D85,S.D85.mp3
examples,2130,https://pub-78d23bf07fce46b3adc19df91148ffb8.r2.dev/Linfala/examples/S/S.D86.mp3,Linfala/examples/S/S.D86.mp3,S.D86,S.D86.mp3
examples,2131,https://pub-78d23bf07fce46b3adc19df91148ffb8.r2.dev/Linfala/examples/S/S.D87.mp3,Linfala/examples/S/S.D87.mp3,S.D87,S.D87.mp3
examples,2132,https://pub-78d23bf07fce46b3adc19df91148ffb8.r2.dev/Linfala/examples/S/S.D88.mp3,Linfala/examples/S/S.D88.mp3,S.D88,S.D88.mp3
examples,2133,https://pub-78d23bf07fce46b3adc19df91148ffb8.r2.dev/Linfala/examples/S/S.D89.mp3,Linfala/examples/S/S.D89.mp3,S.D89,S.D89.mp3
examples,2043,https://pub-78d23bf07fce46b3adc19df91148ffb8.r2.dev/Linfala/examples/S/S.D9.mp3,Linfala/examples/S/S.D9.mp3,S.D9,S.D9.mp3
examples,2134,https://pub-78d23bf07fce46b3adc19df91148ffb8.r2.dev/Linfala/examples/S/S.D90.mp3,Linfala/examples/S/S.D90.mp3,S.D90,S.D90.mp3
examples,2135,https://pub-78d23bf07fce46b3adc19df91148ffb8.r2.dev/Linfala/examples/S/S.D91.mp3,Linfala/examples/S/S.D91.mp3,S.D91,S.D91.mp3
examples,2136,https://pub-78d23bf07fce46b3adc19df91148ffb8.r2.dev/Linfala/examples/S/S.D92.mp3,Linfala/examples/S/S.D92.mp3,S.D92,S.D92.mp3
examples,2137,https://pub-78d23bf07fce46b3adc19df91148ffb8.r2.dev/Linfala/examples/S/S.D93.mp3,Linfala/examples/S/S.D93.mp3,S.D93,S.D93.mp3
examples,2138,https://pub-78d23bf07fce46b3adc19df91148ffb8.r2.dev/Linfala/examples/S/S.D94.mp3,Linfala/examples/S/S.D94.mp3,S.D94,S.D94.mp3
examples,2139,https://pub-78d23bf07fce46b3adc19df91148ffb8.r2.dev/Linfala/examples/S/S.D95.mp3,Linfala/examples/S/S.D95.mp3,S.D95,S.D95.mp3
examples,2140,https://pub-78d23bf07fce46b3adc19df91148ffb8.r2.dev/Linfala/examples/S/S.D96.mp3,Linfala/examples/S/S.D96.mp3,S.D96,S.D96.mp3
examples,2141,https://pub-78d23bf07fce46b3adc19df91148ffb8.r2.dev/Linfala/examples/S/S.D97.mp3,Linfala/examples/S/S.D97.mp3,S.D97,S.D97.mp3
examples,2142,https://pub-78d23bf07fce46b3adc19df91148ffb8.r2.dev/Linfala/examples/S/S.D98.mp3,Linfala/examples/S/S.D98.mp3,S.D98,S.D98.mp3
examples,2144,https://pub-78d23bf07fce46b3adc19df91148ffb8.r2.dev/Linfala/examples/S/S.D99.mp3,Linfala/examples/S/S.D99.mp3,S.D99,S.D99.mp3
senses,2146,https://pub-78d23bf07fce46b3adc19df91148ffb8.r2.dev/Linfala/senses/S/S.F100.mp3,Linfala/senses/S/S.F100.mp3,S.F100,S.F100.mp3
senses,2156,https://pub-78d23bf07fce46b3adc19df91148ffb8.r2.dev/Linfala/senses/S/S.F109.mp3,Linfala/senses/S/S.F109.mp3,S.F109,S.F109.mp3
senses,2174,https://pub-78d23bf07fce46b3adc19df91148ffb8.r2.dev/Linfala/senses/S/S.F125.mp3,Linfala/senses/S/S.F125.mp3,S.F125,S.F125.mp3
senses,2183,https://pub-78d23bf07fce46b3adc19df91148ffb8.r2.dev/Linfala/senses/S/S.F133.mp3,Linfala/senses/S/S.F133.mp3,S.F133,S.F133.mp3
senses,2049,https://pub-78d23bf07fce46b3adc19df91148ffb8.r2.dev/Linfala/senses/S/S.F14.mp3,Linfala/senses/S/S.F14.mp3,S.F14,S.F14.mp3
senses,2207,https://pub-78d23bf07fce46b3adc19df91148ffb8.r2.dev/Linfala/senses/S/S.F156.mp3,Linfala/senses/S/S.F156.mp3,S.F156,S.F156.mp3
senses,2214,https://pub-78d23bf07fce46b3adc19df91148ffb8.r2.dev/Linfala/senses/S/S.F162.mp3,Linfala/senses/S/S.F162.mp3,S.F162,S.F162.mp3
senses,2219,https://pub-78d23bf07fce46b3adc19df91148ffb8.r2.dev/Linfala/senses/S/S.F166.mp3,Linfala/senses/S/S.F166.mp3,S.F166,S.F166.mp3
senses,2221,https://pub-78d23bf07fce46b3adc19df91148ffb8.r2.dev/Linfala/senses/S/S.F167.mp3,Linfala/senses/S/S.F167.mp3,S.F167,S.F167.mp3
senses,2224,https://pub-78d23bf07fce46b3adc19df91148ffb8.r2.dev/Linfala/senses/S/S.F169.mp3,Linfala/senses/S/S.F169.mp3,S.F169,S.F169.mp3
senses,2064,https://pub-78d23bf07fce46b3adc19df91148ffb8.r2.dev/Linfala/senses/S/S.F28.mp3,Linfala/senses/S/S.F28.mp3,S.F28,S.F28.mp3
senses,2075,https://pub-78d23bf07fce46b3adc19df91148ffb8.r2.dev/Linfala/senses/S/S.F38.mp3,Linfala/senses/S/S.F38.mp3,S.F38,S.F38.mp3
senses,2096,https://pub-78d23bf07fce46b3adc19df91148ffb8.r2.dev/Linfala/senses/S/S.F58.mp3,Linfala/senses/S/S.F58.mp3,S.F58,S.F58.mp3
senses,2099,https://pub-78d23bf07fce46b3adc19df91148ffb8.r2.dev/Linfala/senses/S/S.F60.mp3,Linfala/senses/S/S.F60.mp3,S.F60,S.F60.mp3
senses,2101,https://pub-78d23bf07fce46b3adc19df91148ffb8.r2.dev/Linfala/senses/S/S.F61.mp3,Linfala/senses/S/S.F61.mp3,S.F61,S.F61.mp3
senses,2110,https://pub-78d23bf07fce46b3adc19df91148ffb8.r2.dev/Linfala/senses/S/S.F68.mp3,Linfala/senses/S/S.F68.mp3,S.F68,S.F68.mp3
senses,2114,https://pub-78d23bf07fce46b3adc19df91148ffb8.r2.dev/Linfala/senses/S/S.F71.mp3,Linfala/senses/S/S.F71.mp3,S.F71,S.F71.mp3
senses,2042,https://pub-78d23bf07fce46b3adc19df91148ffb8.r2.dev/Linfala/senses/S/S.F8.mp3,Linfala/senses/S/S.F8.mp3,S.F8,S.F8.mp3
senses,2124,https://pub-78d23bf07fce46b3adc19df91148ffb8.r2.dev/Linfala/senses/S/S.F80.mp3,Linfala/senses/S/S.F80.mp3,S.F80,S.F80.mp3
senses,2143,https://pub-78d23bf07fce46b3adc19df91148ffb8.r2.dev/Linfala/senses/S/S.F98.mp3,Linfala/senses/S/S.F98.mp3,S.F98,S.F98.mp3
examples,2146,https://pub-78d23bf07fce46b3adc19df91148ffb8.r2.dev/Linfala/examples/S/S.G100.mp3,Linfala/examples/S/S.G100.mp3,S.G100,S.G100.mp3
examples,2156,https://pub-78d23bf07fce46b3adc19df91148ffb8.r2.dev/Linfala/examples/S/S.G109.mp3,Linfala/examples/S/S.G109.mp3,S.G109,S.G109.mp3
examples,2174,https://pub-78d23bf07fce46b3adc19df91148ffb8.r2.dev/Linfala/examples/S/S.G125.mp3,Linfala/examples/S/S.G125.mp3,S.G125,S.G125.mp3
examples,2183,https://pub-78d23bf07fce46b3adc19df91148ffb8.r2.dev/Linfala/examples/S/S.G133.mp3,Linfala/examples/S/S.G133.mp3,S.G133,S.G133.mp3
examples,2049,https://pub-78d23bf07fce46b3adc19df91148ffb8.r2.dev/Linfala/examples/S/S.G14.mp3,Linfala/examples/S/S.G14.mp3,S.G14,S.G14.mp3
examples,2207,https://pub-78d23bf07fce46b3adc19df91148ffb8.r2.dev/Linfala/examples/S/S.G156.mp3,Linfala/examples/S/S.G156.mp3,S.G156,S.G156.mp3
examples,2214,https://pub-78d23bf07fce46b3adc19df91148ffb8.r2.dev/Linfala/examples/S/S.G162.mp3,Linfala/examples/S/S.G162.mp3,S.G162,S.G162.mp3
examples,2219,https://pub-78d23bf07fce46b3adc19df91148ffb8.r2.dev/Linfala/examples/S/S.G166.mp3,Linfala/examples/S/S.G166.mp3,S.G166,S.G166.mp3
examples,2221,https://pub-78d23bf07fce46b3adc19df91148ffb8.r2.dev/Linfala/examples/S/S.G167.mp3,Linfala/examples/S/S.G167.mp3,S.G167,S.G167.mp3
examples,2224,https://pub-78d23bf07fce46b3adc19df91148ffb8.r2.dev/Linfala/examples/S/S.G169.mp3,Linfala/examples/S/S.G169.mp3,S.G169,S.G169.mp3
examples,2064,https://pub-78d23bf07fce46b3adc19df91148ffb8.r2.dev/Linfala/examples/S/S.G28.mp3,Linfala/examples/S/S.G28.mp3,S.G28,S.G28.mp3
examples,2075,https://pub-78d23bf07fce46b3adc19df91148ffb8.r2.dev/Linfala/examples/S/S.G38.mp3,Linfala/examples/S/S.G38.mp3,S.G38,S.G38.mp3
examples,2096,https://pub-78d23bf07fce46b3adc19df91148ffb8.r2.dev/Linfala/examples/S/S.G58.mp3,Linfala/examples/S/S.G58.mp3,S.G58,S.G58.mp3
examples,2099,https://pub-78d23bf07fce46b3adc19df91148ffb8.r2.dev/Linfala/examples/S/S.G60.mp3,Linfala/examples/S/S.G60.mp3,S.G60,S.G60.mp3
examples,2101,https://pub-78d23bf07fce46b3adc19df91148ffb8.r2.dev/Linfala/examples/S/S.G61.mp3,Linfala/examples/S/S.G61.mp3,S.G61,S.G61.mp3
examples,2110,https://pub-78d23bf07fce46b3adc19df91148ffb8.r2.dev/Linfala/examples/S/S.G68.mp3,Linfala/examples/S/S.G68.mp3,S.G68,S.G68.mp3
examples,2114,https://pub-78d23bf07fce46b3adc19df91148ffb8.r2.dev/Linfala/examples/S/S.G71.mp3,Linfala/examples/S/S.G71.mp3,S.G71,S.G71.mp3
examples,2042,https://pub-78d23bf07fce46b3adc19df91148ffb8.r2.dev/Linfala/examples/S/S.G8.mp3,Linfala/examples/S/S.G8.mp3,S.G8,S.G8.mp3
examples,2124,https://pub-78d23bf07fce46b3adc19df91148ffb8.r2.dev/Linfala/examples/S/S.G80.mp3,Linfala/examples/S/S.G80.mp3,S.G80,S.G80.mp3
examples,2143,https://pub-78d23bf07fce46b3adc19df91148ffb8.r2.dev/Linfala/examples/S/S.G98.mp3,Linfala/examples/S/S.G98.mp3,S.G98,S.G98.mp3
senses,2102,https://pub-78d23bf07fce46b3adc19df91148ffb8.r2.dev/Linfala/senses/S/S.I61.mp3,Linfala/senses/S/S.I61.mp3,S.I61,S.I61.mp3
examples,2157,https://pub-78d23bf07fce46b3adc19df91148ffb8.r2.dev/Linfala/examples/S/S.J109.mp3,Linfala/examples/S/S.J109.mp3,S.J109,S.J109.mp3
examples,2102,https://pub-78d23bf07fce46b3adc19df91148ffb8.r2.dev/Linfala/examples/S/S.J61.mp3,Linfala/examples/S/S.J61.mp3,S.J61,S.J61.mp3
senses,2234,https://pub-78d23bf07fce46b3adc19df91148ffb8.r2.dev/Linfala/senses/T/T.C10.mp3,Linfala/senses/T/T.C10.mp3,T.C10,T.C10.mp3
senses,2341,https://pub-78d23bf07fce46b3adc19df91148ffb8.r2.dev/Linfala/senses/T/T.C100.mp3,Linfala/senses/T/T.C100.mp3,T.C100,T.C100.mp3
senses,2342,https://pub-78d23bf07fce46b3adc19df91148ffb8.r2.dev/Linfala/senses/T/T.C101.mp3,Linfala/senses/T/T.C101.mp3,T.C101,T.C101.mp3
senses,2343,https://pub-78d23bf07fce46b3adc19df91148ffb8.r2.dev/Linfala/senses/T/T.C102.mp3,Linfala/senses/T/T.C102.mp3,T.C102,T.C102.mp3
senses,2344,https://pub-78d23bf07fce46b3adc19df91148ffb8.r2.dev/Linfala/senses/T/T.C103.mp3,Linfala/senses/T/T.C103.mp3,T.C103,T.C103.mp3
senses,2347,https://pub-78d23bf07fce46b3adc19df91148ffb8.r2.dev/Linfala/senses/T/T.C104.mp3,Linfala/senses/T/T.C104.mp3,T.C104,T.C104.mp3
senses,2348,https://pub-78d23bf07fce46b3adc19df91148ffb8.r2.dev/Linfala/senses/T/T.C105.mp3,Linfala/senses/T/T.C105.mp3,T.C105,T.C105.mp3
senses,2349,https://pub-78d23bf07fce46b3adc19df91148ffb8.r2.dev/Linfala/senses/T/T.C106.mp3,Linfala/senses/T/T.C106.mp3,T.C106,T.C106.mp3
senses,2350,https://pub-78d23bf07fce46b3adc19df91148ffb8.r2.dev/Linfala/senses/T/T.C107.mp3,Linfala/senses/T/T.C107.mp3,T.C107,T.C107.mp3
senses,2351,https://pub-78d23bf07fce46b3adc19df91148ffb8.r2.dev/Linfala/senses/T/T.C108.mp3,Linfala/senses/T/T.C108.mp3,T.C108,T.C108.mp3
senses,2352,https://pub-78d23bf07fce46b3adc19df91148ffb8.r2.dev/Linfala/senses/T/T.C109.mp3,Linfala/senses/T/T.C109.mp3,T.C109,T.C109.mp3
senses,2235,https://pub-78d23bf07fce46b3adc19df91148ffb8.r2.dev/Linfala/senses/T/T.C11.mp3,Linfala/senses/T/T.C11.mp3,T.C11,T.C11.mp3
senses,2353,https://pub-78d23bf07fce46b3adc19df91148ffb8.r2.dev/Linfala/senses/T/T.C110.mp3,Linfala/senses/T/T.C110.mp3,T.C110,T.C110.mp3
senses,2354,https://pub-78d23bf07fce46b3adc19df91148ffb8.r2.dev/Linfala/senses/T/T.C111.mp3,Linfala/senses/T/T.C111.mp3,T.C111,T.C111.mp3
senses,2355,https://pub-78d23bf07fce46b3adc19df91148ffb8.r2.dev/Linfala/senses/T/T.C112.mp3,Linfala/senses/T/T.C112.mp3,T.C112,T.C112.mp3
senses,2357,https://pub-78d23bf07fce46b3adc19df91148ffb8.r2.dev/Linfala/senses/T/T.C113.mp3,Linfala/senses/T/T.C113.mp3,T.C113,T.C113.mp3
senses,2358,https://pub-78d23bf07fce46b3adc19df91148ffb8.r2.dev/Linfala/senses/T/T.C114.mp3,Linfala/senses/T/T.C114.mp3,T.C114,T.C114.mp3
senses,2359,https://pub-78d23bf07fce46b3adc19df91148ffb8.r2.dev/Linfala/senses/T/T.C115.mp3,Linfala/senses/T/T.C115.mp3,T.C115,T.C115.mp3
senses,2360,https://pub-78d23bf07fce46b3adc19df91148ffb8.r2.dev/Linfala/senses/T/T.C116.mp3,Linfala/senses/T/T.C116.mp3,T.C116,T.C116.mp3
senses,2361,https://pub-78d23bf07fce46b3adc19df91148ffb8.r2.dev/Linfala/senses/T/T.C117.mp3,Linfala/senses/T/T.C117.mp3,T.C117,T.C117.mp3
senses,2362,https://pub-78d23bf07fce46b3adc19df91148ffb8.r2.dev/Linfala/senses/T/T.C118.mp3,Linfala/senses/T/T.C118.mp3,T.C118,T.C118.mp3
senses,2363,https://pub-78d23bf07fce46b3adc19df91148ffb8.r2.dev/Linfala/senses/T/T.C119.mp3,Linfala/senses/T/T.C119.mp3,T.C119,T.C119.mp3
senses,2236,https://pub-78d23bf07fce46b3adc19df91148ffb8.r2.dev/Linfala/senses/T/T.C12.mp3,Linfala/senses/T/T.C12.mp3,T.C12,T.C12.mp3
senses,2364,https://pub-78d23bf07fce46b3adc19df91148ffb8.r2.dev/Linfala/senses/T/T.C120.mp3,Linfala/senses/T/T.C120.mp3,T.C120,T.C120.mp3
senses,2365,https://pub-78d23bf07fce46b3adc19df91148ffb8.r2.dev/Linfala/senses/T/T.C121.mp3,Linfala/senses/T/T.C121.mp3,T.C121,T.C121.mp3
senses,2366,https://pub-78d23bf07fce46b3adc19df91148ffb8.r2.dev/Linfala/senses/T/T.C122.mp3,Linfala/senses/T/T.C122.mp3,T.C122,T.C122.mp3
senses,2368,https://pub-78d23bf07fce46b3adc19df91148ffb8.r2.dev/Linfala/senses/T/T.C123.mp3,Linfala/senses/T/T.C123.mp3,T.C123,T.C123.mp3
senses,2369,https://pub-78d23bf07fce46b3adc19df91148ffb8.r2.dev/Linfala/senses/T/T.C124.mp3,Linfala/senses/T/T.C124.mp3,T.C124,T.C124.mp3
senses,2370,https://pub-78d23bf07fce46b3adc19df91148ffb8.r2.dev/Linfala/senses/T/T.C125.mp3,Linfala/senses/T/T.C125.mp3,T.C125,T.C125.mp3
senses,2371,https://pub-78d23bf07fce46b3adc19df91148ffb8.r2.dev/Linfala/senses/T/T.C126.mp3,Linfala/senses/T/T.C126.mp3,T.C126,T.C126.mp3
senses,2372,https://pub-78d23bf07fce46b3adc19df91148ffb8.r2.dev/Linfala/senses/T/T.C127.mp3,Linfala/senses/T/T.C127.mp3,T.C127,T.C127.mp3
senses,2373,https://pub-78d23bf07fce46b3adc19df91148ffb8.r2.dev/Linfala/senses/T/T.C128.mp3,Linfala/senses/T/T.C128.mp3,T.C128,T.C128.mp3
senses,2375,https://pub-78d23bf07fce46b3adc19df91148ffb8.r2.dev/Linfala/senses/T/T.C129.mp3,Linfala/senses/T/T.C129.mp3,T.C129,T.C129.mp3
senses,2237,https://pub-78d23bf07fce46b3adc19df91148ffb8.r2.dev/Linfala/senses/T/T.C13.mp3,Linfala/senses/T/T.C13.mp3,T.C13,T.C13.mp3
senses,2376,https://pub-78d23bf07fce46b3adc19df91148ffb8.r2.dev/Linfala/senses/T/T.C130.mp3,Linfala/senses/T/T.C130.mp3,T.C130,T.C130.mp3
senses,2377,https://pub-78d23bf07fce46b3adc19df91148ffb8.r2.dev/Linfala/senses/T/T.C131.mp3,Linfala/senses/T/T.C131.mp3,T.C131,T.C131.mp3
senses,2379,https://pub-78d23bf07fce46b3adc19df91148ffb8.r2.dev/Linfala/senses/T/T.C132.mp3,Linfala/senses/T/T.C132.mp3,T.C132,T.C132.mp3
senses,2380,https://pub-78d23bf07fce46b3adc19df91148ffb8.r2.dev/Linfala/senses/T/T.C133.mp3,Linfala/senses/T/T.C133.mp3,T.C133,T.C133.mp3
senses,2381,https://pub-78d23bf07fce46b3adc19df91148ffb8.r2.dev/Linfala/senses/T/T.C134.mp3,Linfala/senses/T/T.C134.mp3,T.C134,T.C134.mp3
senses,2382,https://pub-78d23bf07fce46b3adc19df91148ffb8.r2.dev/Linfala/senses/T/T.C135.mp3,Linfala/senses/T/T.C135.mp3,T.C135,T.C135.mp3
senses,2383,https://pub-78d23bf07fce46b3adc19df91148ffb8.r2.dev/Linfala/senses/T/T.C136.mp3,Linfala/senses/T/T.C136.mp3,T.C136,T.C136.mp3
senses,2238,https://pub-78d23bf07fce46b3adc19df91148ffb8.r2.dev/Linfala/senses/T/T.C14.mp3,Linfala/senses/T/T.C14.mp3,T.C14,T.C14.mp3
senses,2239,https://pub-78d23bf07fce46b3adc19df91148ffb8.r2.dev/Linfala/senses/T/T.C15.mp3,Linfala/senses/T/T.C15.mp3,T.C15,T.C15.mp3
senses,2243,https://pub-78d23bf07fce46b3adc19df91148ffb8.r2.dev/Linfala/senses/T/T.C16.mp3,Linfala/senses/T/T.C16.mp3,T.C16,T.C16.mp3
senses,2244,https://pub-78d23bf07fce46b3adc19df91148ffb8.r2.dev/Linfala/senses/T/T.C17.mp3,Linfala/senses/T/T.C17.mp3,T.C17,T.C17.mp3
senses,2245,https://pub-78d23bf07fce46b3adc19df91148ffb8.r2.dev/Linfala/senses/T/T.C18.mp3,Linfala/senses/T/T.C18.mp3,T.C18,T.C18.mp3
senses,2246,https://pub-78d23bf07fce46b3adc19df91148ffb8.r2.dev/Linfala/senses/T/T.C19.mp3,Linfala/senses/T/T.C19.mp3,T.C19,T.C19.mp3
senses,2247,https://pub-78d23bf07fce46b3adc19df91148ffb8.r2.dev/Linfala/senses/T/T.C20.mp3,Linfala/senses/T/T.C20.mp3,T.C20,T.C20.mp3
senses,2248,https://pub-78d23bf07fce46b3adc19df91148ffb8.r2.dev/Linfala/senses/T/T.C21.mp3,Linfala/senses/T/T.C21.mp3,T.C21,T.C21.mp3
senses,2249,https://pub-78d23bf07fce46b3adc19df91148ffb8.r2.dev/Linfala/senses/T/T.C22.mp3,Linfala/senses/T/T.C22.mp3,T.C22,T.C22.mp3
senses,2250,https://pub-78d23bf07fce46b3adc19df91148ffb8.r2.dev/Linfala/senses/T/T.C23.mp3,Linfala/senses/T/T.C23.mp3,T.C23,T.C23.mp3
senses,2251,https://pub-78d23bf07fce46b3adc19df91148ffb8.r2.dev/Linfala/senses/T/T.C24.mp3,Linfala/senses/T/T.C24.mp3,T.C24,T.C24.mp3
senses,2252,https://pub-78d23bf07fce46b3adc19df91148ffb8.r2.dev/Linfala/senses/T/T.C25.mp3,Linfala/senses/T/T.C25.mp3,T.C25,T.C25.mp3
senses,2253,https://pub-78d23bf07fce46b3adc19df91148ffb8.r2.dev/Linfala/senses/T/T.C26.mp3,Linfala/senses/T/T.C26.mp3,T.C26,T.C26.mp3
senses,2254,https://pub-78d23bf07fce46b3adc19df91148ffb8.r2.dev/Linfala/senses/T/T.C27.mp3,Linfala/senses/T/T.C27.mp3,T.C27,T.C27.mp3
senses,2255,https://pub-78d23bf07fce46b3adc19df91148ffb8.r2.dev/Linfala/senses/T/T.C28.mp3,Linfala/senses/T/T.C28.mp3,T.C28,T.C28.mp3
senses,2257,https://pub-78d23bf07fce46b3adc19df91148ffb8.r2.dev/Linfala/senses/T/T.C29.mp3,Linfala/senses/T/T.C29.mp3,T.C29,T.C29.mp3
senses,2227,https://pub-78d23bf07fce46b3adc19df91148ffb8.r2.dev/Linfala/senses/T/T.C3.mp3,Linfala/senses/T/T.C3.mp3,T.C3,T.C3.mp3
senses,2258,https://pub-78d23bf07fce46b3adc19df91148ffb8.r2.dev/Linfala/senses/T/T.C30.mp3,Linfala/senses/T/T.C30.mp3,T.C30,T.C30.mp3
senses,2259,https://pub-78d23bf07fce46b3adc19df91148ffb8.r2.dev/Linfala/senses/T/T.C31.mp3,Linfala/senses/T/T.C31.mp3,T.C31,T.C31.mp3
senses,2260,https://pub-78d23bf07fce46b3adc19df91148ffb8.r2.dev/Linfala/senses/T/T.C32.mp3,Linfala/senses/T/T.C32.mp3,T.C32,T.C32.mp3
senses,2261,https://pub-78d23bf07fce46b3adc19df91148ffb8.r2.dev/Linfala/senses/T/T.C33.mp3,Linfala/senses/T/T.C33.mp3,T.C33,T.C33.mp3
senses,2263,https://pub-78d23bf07fce46b3adc19df91148ffb8.r2.dev/Linfala/senses/T/T.C34.mp3,Linfala/senses/T/T.C34.mp3,T.C34,T.C34.mp3
senses,2266,https://pub-78d23bf07fce46b3adc19df91148ffb8.r2.dev/Linfala/senses/T/T.C36.mp3,Linfala/senses/T/T.C36.mp3,T.C36,T.C36.mp3
senses,2267,https://pub-78d23bf07fce46b3adc19df91148ffb8.r2.dev/Linfala/senses/T/T.C37.mp3,Linfala/senses/T/T.C37.mp3,T.C37,T.C37.mp3
senses,2269,https://pub-78d23bf07fce46b3adc19df91148ffb8.r2.dev/Linfala/senses/T/T.C38.mp3,Linfala/senses/T/T.C38.mp3,T.C38,T.C38.mp3
senses,2270,https://pub-78d23bf07fce46b3adc19df91148ffb8.r2.dev/Linfala/senses/T/T.C39.mp3,Linfala/senses/T/T.C39.mp3,T.C39,T.C39.mp3
senses,2228,https://pub-78d23bf07fce46b3adc19df91148ffb8.r2.dev/Linfala/senses/T/T.C4.mp3,Linfala/senses/T/T.C4.mp3,T.C4,T.C4.mp3
senses,2272,https://pub-78d23bf07fce46b3adc19df91148ffb8.r2.dev/Linfala/senses/T/T.C40.mp3,Linfala/senses/T/T.C40.mp3,T.C40,T.C40.mp3
senses,2273,https://pub-78d23bf07fce46b3adc19df91148ffb8.r2.dev/Linfala/senses/T/T.C41.mp3,Linfala/senses/T/T.C41.mp3,T.C41,T.C41.mp3
senses,2274,https://pub-78d23bf07fce46b3adc19df91148ffb8.r2.dev/Linfala/senses/T/T.C42.mp3,Linfala/senses/T/T.C42.mp3,T.C42,T.C42.mp3
senses,2275,https://pub-78d23bf07fce46b3adc19df91148ffb8.r2.dev/Linfala/senses/T/T.C43.mp3,Linfala/senses/T/T.C43.mp3,T.C43,T.C43.mp3
senses,2276,https://pub-78d23bf07fce46b3adc19df91148ffb8.r2.dev/Linfala/senses/T/T.C44.mp3,Linfala/senses/T/T.C44.mp3,T.C44,T.C44.mp3
senses,2277,https://pub-78d23bf07fce46b3adc19df91148ffb8.r2.dev/Linfala/senses/T/T.C45.mp3,Linfala/senses/T/T.C45.mp3,T.C45,T.C45.mp3
senses,2278,https://pub-78d23bf07fce46b3adc19df91148ffb8.r2.dev/Linfala/senses/T/T.C46.mp3,Linfala/senses/T/T.C46.mp3,T.C46,T.C46.mp3
senses,2279,https://pub-78d23bf07fce46b3adc19df91148ffb8.r2.dev/Linfala/senses/T/T.C47.mp3,Linfala/senses/T/T.C47.mp3,T.C47,T.C47.mp3
senses,2280,https://pub-78d23bf07fce46b3adc19df91148ffb8.r2.dev/Linfala/senses/T/T.C48.mp3,Linfala/senses/T/T.C48.mp3,T.C48,T.C48.mp3
senses,2281,https://pub-78d23bf07fce46b3adc19df91148ffb8.r2.dev/Linfala/senses/T/T.C49.mp3,Linfala/senses/T/T.C49.mp3,T.C49,T.C49.mp3
senses,2229,https://pub-78d23bf07fce46b3adc19df91148ffb8.r2.dev/Linfala/senses/T/T.C5.mp3,Linfala/senses/T/T.C5.mp3,T.C5,T.C5.mp3
senses,2282,https://pub-78d23bf07fce46b3adc19df91148ffb8.r2.dev/Linfala/senses/T/T.C50.mp3,Linfala/senses/T/T.C50.mp3,T.C50,T.C50.mp3
senses,2284,https://pub-78d23bf07fce46b3adc19df91148ffb8.r2.dev/Linfala/senses/T/T.C51.mp3,Linfala/senses/T/T.C51.mp3,T.C51,T.C51.mp3
senses,2285,https://pub-78d23bf07fce46b3adc19df91148ffb8.r2.dev/Linfala/senses/T/T.C52.mp3,Linfala/senses/T/T.C52.mp3,T.C52,T.C52.mp3
senses,2286,https://pub-78d23bf07fce46b3adc19df91148ffb8.r2.dev/Linfala/senses/T/T.C53.mp3,Linfala/senses/T/T.C53.mp3,T.C53,T.C53.mp3
senses,2287,https://pub-78d23bf07fce46b3adc19df91148ffb8.r2.dev/Linfala/senses/T/T.C54.mp3,Linfala/senses/T/T.C54.mp3,T.C54,T.C54.mp3
senses,2289,https://pub-78d23bf07fce46b3adc19df91148ffb8.r2.dev/Linfala/senses/T/T.C55.mp3,Linfala/senses/T/T.C55.mp3,T.C55,T.C55.mp3
senses,2290,https://pub-78d23bf07fce46b3adc19df91148ffb8.r2.dev/Linfala/senses/T/T.C56.mp3,Linfala/senses/T/T.C56.mp3,T.C56,T.C56.mp3
senses,2291,https://pub-78d23bf07fce46b3adc19df91148ffb8.r2.dev/Linfala/senses/T/T.C57.mp3,Linfala/senses/T/T.C57.mp3,T.C57,T.C57.mp3
senses,2292,https://pub-78d23bf07fce46b3adc19df91148ffb8.r2.dev/Linfala/senses/T/T.C58.mp3,Linfala/senses/T/T.C58.mp3,T.C58,T.C58.mp3
senses,2293,https://pub-78d23bf07fce46b3adc19df91148ffb8.r2.dev/Linfala/senses/T/T.C59.mp3,Linfala/senses/T/T.C59.mp3,T.C59,T.C59.mp3
senses,2230,https://pub-78d23bf07fce46b3adc19df91148ffb8.r2.dev/Linfala/senses/T/T.C6.mp3,Linfala/senses/T/T.C6.mp3,T.C6,T.C6.mp3
senses,2294,https://pub-78d23bf07fce46b3adc19df91148ffb8.r2.dev/Linfala/senses/T/T.C60.mp3,Linfala/senses/T/T.C60.mp3,T.C60,T.C60.mp3
senses,2295,https://pub-78d23bf07fce46b3adc19df91148ffb8.r2.dev/Linfala/senses/T/T.C61.mp3,Linfala/senses/T/T.C61.mp3,T.C61,T.C61.mp3
senses,2296,https://pub-78d23bf07fce46b3adc19df91148ffb8.r2.dev/Linfala/senses/T/T.C62.mp3,Linfala/senses/T/T.C62.mp3,T.C62,T.C62.mp3
senses,2297,https://pub-78d23bf07fce46b3adc19df91148ffb8.r2.dev/Linfala/senses/T/T.C63.mp3,Linfala/senses/T/T.C63.mp3,T.C63,T.C63.mp3
senses,2298,https://pub-78d23bf07fce46b3adc19df91148ffb8.r2.dev/Linfala/senses/T/T.C64.mp3,Linfala/senses/T/T.C64.mp3,T.C64,T.C64.mp3
senses,2299,https://pub-78d23bf07fce46b3adc19df91148ffb8.r2.dev/Linfala/senses/T/T.C65.mp3,Linfala/senses/T/T.C65.mp3,T.C65,T.C65.mp3
senses,2300,https://pub-78d23bf07fce46b3adc19df91148ffb8.r2.dev/Linfala/senses/T/T.C66.mp3,Linfala/senses/T/T.C66.mp3,T.C66,T.C66.mp3
senses,2301,https://pub-78d23bf07fce46b3adc19df91148ffb8.r2.dev/Linfala/senses/T/T.C67.mp3,Linfala/senses/T/T.C67.mp3,T.C67,T.C67.mp3
senses,2302,https://pub-78d23bf07fce46b3adc19df91148ffb8.r2.dev/Linfala/senses/T/T.C68.mp3,Linfala/senses/T/T.C68.mp3,T.C68,T.C68.mp3
senses,2303,https://pub-78d23bf07fce46b3adc19df91148ffb8.r2.dev/Linfala/senses/T/T.C69.mp3,Linfala/senses/T/T.C69.mp3,T.C69,T.C69.mp3
senses,2231,https://pub-78d23bf07fce46b3adc19df91148ffb8.r2.dev/Linfala/senses/T/T.C7.mp3,Linfala/senses/T/T.C7.mp3,T.C7,T.C7.mp3
senses,2304,https://pub-78d23bf07fce46b3adc19df91148ffb8.r2.dev/Linfala/senses/T/T.C70.mp3,Linfala/senses/T/T.C70.mp3,T.C70,T.C70.mp3
senses,2305,https://pub-78d23bf07fce46b3adc19df91148ffb8.r2.dev/Linfala/senses/T/T.C71.mp3,Linfala/senses/T/T.C71.mp3,T.C71,T.C71.mp3
senses,2306,https://pub-78d23bf07fce46b3adc19df91148ffb8.r2.dev/Linfala/senses/T/T.C72.mp3,Linfala/senses/T/T.C72.mp3,T.C72,T.C72.mp3
senses,2307,https://pub-78d23bf07fce46b3adc19df91148ffb8.r2.dev/Linfala/senses/T/T.C73.mp3,Linfala/senses/T/T.C73.mp3,T.C73,T.C73.mp3
senses,2308,https://pub-78d23bf07fce46b3adc19df91148ffb8.r2.dev/Linfala/senses/T/T.C74.mp3,Linfala/senses/T/T.C74.mp3,T.C74,T.C74.mp3
senses,2309,https://pub-78d23bf07fce46b3adc19df91148ffb8.r2.dev/Linfala/senses/T/T.C75.mp3,Linfala/senses/T/T.C75.mp3,T.C75,T.C75.mp3
senses,2310,https://pub-78d23bf07fce46b3adc19df91148ffb8.r2.dev/Linfala/senses/T/T.C76.mp3,Linfala/senses/T/T.C76.mp3,T.C76,T.C76.mp3
senses,2312,https://pub-78d23bf07fce46b3adc19df91148ffb8.r2.dev/Linfala/senses/T/T.C77.mp3,Linfala/senses/T/T.C77.mp3,T.C77,T.C77.mp3
senses,2314,https://pub-78d23bf07fce46b3adc19df91148ffb8.r2.dev/Linfala/senses/T/T.C78.mp3,Linfala/senses/T/T.C78.mp3,T.C78,T.C78.mp3
senses,2316,https://pub-78d23bf07fce46b3adc19df91148ffb8.r2.dev/Linfala/senses/T/T.C79.mp3,Linfala/senses/T/T.C79.mp3,T.C79,T.C79.mp3
senses,2232,https://pub-78d23bf07fce46b3adc19df91148ffb8.r2.dev/Linfala/senses/T/T.C8.mp3,Linfala/senses/T/T.C8.mp3,T.C8,T.C8.mp3
senses,2317,https://pub-78d23bf07fce46b3adc19df91148ffb8.r2.dev/Linfala/senses/T/T.C80.mp3,Linfala/senses/T/T.C80.mp3,T.C80,T.C80.mp3
senses,2318,https://pub-78d23bf07fce46b3adc19df91148ffb8.r2.dev/Linfala/senses/T/T.C81.mp3,Linfala/senses/T/T.C81.mp3,T.C81,T.C81.mp3
senses,2320,https://pub-78d23bf07fce46b3adc19df91148ffb8.r2.dev/Linfala/senses/T/T.C82.mp3,Linfala/senses/T/T.C82.mp3,T.C82,T.C82.mp3
senses,2321,https://pub-78d23bf07fce46b3adc19df91148ffb8.r2.dev/Linfala/senses/T/T.C83.mp3,Linfala/senses/T/T.C83.mp3,T.C83,T.C83.mp3
senses,2322,https://pub-78d23bf07fce46b3adc19df91148ffb8.r2.dev/Linfala/senses/T/T.C84.mp3,Linfala/senses/T/T.C84.mp3,T.C84,T.C84.mp3
senses,2323,https://pub-78d23bf07fce46b3adc19df91148ffb8.r2.dev/Linfala/senses/T/T.C85.mp3,Linfala/senses/T/T.C85.mp3,T.C85,T.C85.mp3
senses,2324,https://pub-78d23bf07fce46b3adc19df91148ffb8.r2.dev/Linfala/senses/T/T.C86.mp3,Linfala/senses/T/T.C86.mp3,T.C86,T.C86.mp3
senses,2325,https://pub-78d23bf07fce46b3adc19df91148ffb8.r2.dev/Linfala/senses/T/T.C87.mp3,Linfala/senses/T/T.C87.mp3,T.C87,T.C87.mp3
senses,2326,https://pub-78d23bf07fce46b3adc19df91148ffb8.r2.dev/Linfala/senses/T/T.C88.mp3,Linfala/senses/T/T.C88.mp3,T.C88,T.C88.mp3
senses,2328,https://pub-78d23bf07fce46b3adc19df91148ffb8.r2.dev/Linfala/senses/T/T.C89.mp3,Linfala/senses/T/T.C89.mp3,T.C89,T.C89.mp3
senses,2233,https://pub-78d23bf07fce46b3adc19df91148ffb8.r2.dev/Linfala/senses/T/T.C9.mp3,Linfala/senses/T/T.C9.mp3,T.C9,T.C9.mp3
senses,2330,https://pub-78d23bf07fce46b3adc19df91148ffb8.r2.dev/Linfala/senses/T/T.C90.mp3,Linfala/senses/T/T.C90.mp3,T.C90,T.C90.mp3
senses,2331,https://pub-78d23bf07fce46b3adc19df91148ffb8.r2.dev/Linfala/senses/T/T.C91.mp3,Linfala/senses/T/T.C91.mp3,T.C91,T.C91.mp3
senses,2333,https://pub-78d23bf07fce46b3adc19df91148ffb8.r2.dev/Linfala/senses/T/T.C92.mp3,Linfala/senses/T/T.C92.mp3,T.C92,T.C92.mp3
senses,2334,https://pub-78d23bf07fce46b3adc19df91148ffb8.r2.dev/Linfala/senses/T/T.C93.mp3,Linfala/senses/T/T.C93.mp3,T.C93,T.C93.mp3
senses,2335,https://pub-78d23bf07fce46b3adc19df91148ffb8.r2.dev/Linfala/senses/T/T.C94.mp3,Linfala/senses/T/T.C94.mp3,T.C94,T.C94.mp3
senses,2336,https://pub-78d23bf07fce46b3adc19df91148ffb8.r2.dev/Linfala/senses/T/T.C95.mp3,Linfala/senses/T/T.C95.mp3,T.C95,T.C95.mp3
senses,2337,https://pub-78d23bf07fce46b3adc19df91148ffb8.r2.dev/Linfala/senses/T/T.C96.mp3,Linfala/senses/T/T.C96.mp3,T.C96,T.C96.mp3
senses,2338,https://pub-78d23bf07fce46b3adc19df91148ffb8.r2.dev/Linfala/senses/T/T.C97.mp3,Linfala/senses/T/T.C97.mp3,T.C97,T.C97.mp3
senses,2339,https://pub-78d23bf07fce46b3adc19df91148ffb8.r2.dev/Linfala/senses/T/T.C98.mp3,Linfala/senses/T/T.C98.mp3,T.C98,T.C98.mp3
senses,2340,https://pub-78d23bf07fce46b3adc19df91148ffb8.r2.dev/Linfala/senses/T/T.C99.mp3,Linfala/senses/T/T.C99.mp3,T.C99,T.C99.mp3
examples,2234,https://pub-78d23bf07fce46b3adc19df91148ffb8.r2.dev/Linfala/examples/T/T.D10.mp3,Linfala/examples/T/T.D10.mp3,T.D10,T.D10.mp3
examples,2341,https://pub-78d23bf07fce46b3adc19df91148ffb8.r2.dev/Linfala/examples/T/T.D100.mp3,Linfala/examples/T/T.D100.mp3,T.D100,T.D100.mp3
examples,2342,https://pub-78d23bf07fce46b3adc19df91148ffb8.r2.dev/Linfala/examples/T/T.D101.mp3,Linfala/examples/T/T.D101.mp3,T.D101,T.D101.mp3
examples,2343,https://pub-78d23bf07fce46b3adc19df91148ffb8.r2.dev/Linfala/examples/T/T.D102.mp3,Linfala/examples/T/T.D102.mp3,T.D102,T.D102.mp3
examples,2344,https://pub-78d23bf07fce46b3adc19df91148ffb8.r2.dev/Linfala/examples/T/T.D103.mp3,Linfala/examples/T/T.D103.mp3,T.D103,T.D103.mp3
examples,2347,https://pub-78d23bf07fce46b3adc19df91148ffb8.r2.dev/Linfala/examples/T/T.D104.mp3,Linfala/examples/T/T.D104.mp3,T.D104,T.D104.mp3
examples,2348,https://pub-78d23bf07fce46b3adc19df91148ffb8.r2.dev/Linfala/examples/T/T.D105.mp3,Linfala/examples/T/T.D105.mp3,T.D105,T.D105.mp3
examples,2349,https://pub-78d23bf07fce46b3adc19df91148ffb8.r2.dev/Linfala/examples/T/T.D106.mp3,Linfala/examples/T/T.D106.mp3,T.D106,T.D106.mp3
examples,2350,https://pub-78d23bf07fce46b3adc19df91148ffb8.r2.dev/Linfala/examples/T/T.D107.mp3,Linfala/examples/T/T.D107.mp3,T.D107,T.D107.mp3
examples,2351,https://pub-78d23bf07fce46b3adc19df91148ffb8.r2.dev/Linfala/examples/T/T.D108.mp3,Linfala/examples/T/T.D108.mp3,T.D108,T.D108.mp3
examples,2352,https://pub-78d23bf07fce46b3adc19df91148ffb8.r2.dev/Linfala/examples/T/T.D109.mp3,Linfala/examples/T/T.D109.mp3,T.D109,T.D109.mp3
examples,2235,https://pub-78d23bf07fce46b3adc19df91148ffb8.r2.dev/Linfala/examples/T/T.D11.mp3,Linfala/examples/T/T.D11.mp3,T.D11,T.D11.mp3
examples,2353,https://pub-78d23bf07fce46b3adc19df91148ffb8.r2.dev/Linfala/examples/T/T.D110.mp3,Linfala/examples/T/T.D110.mp3,T.D110,T.D110.mp3
examples,2354,https://pub-78d23bf07fce46b3adc19df91148ffb8.r2.dev/Linfala/examples/T/T.D111.mp3,Linfala/examples/T/T.D111.mp3,T.D111,T.D111.mp3
examples,2355,https://pub-78d23bf07fce46b3adc19df91148ffb8.r2.dev/Linfala/examples/T/T.D112.mp3,Linfala/examples/T/T.D112.mp3,T.D112,T.D112.mp3
examples,2357,https://pub-78d23bf07fce46b3adc19df91148ffb8.r2.dev/Linfala/examples/T/T.D113.mp3,Linfala/examples/T/T.D113.mp3,T.D113,T.D113.mp3
examples,2358,https://pub-78d23bf07fce46b3adc19df91148ffb8.r2.dev/Linfala/examples/T/T.D114.mp3,Linfala/examples/T/T.D114.mp3,T.D114,T.D114.mp3
examples,2359,https://pub-78d23bf07fce46b3adc19df91148ffb8.r2.dev/Linfala/examples/T/T.D115.mp3,Linfala/examples/T/T.D115.mp3,T.D115,T.D115.mp3
examples,2360,https://pub-78d23bf07fce46b3adc19df91148ffb8.r2.dev/Linfala/examples/T/T.D116.mp3,Linfala/examples/T/T.D116.mp3,T.D116,T.D116.mp3
examples,2361,https://pub-78d23bf07fce46b3adc19df91148ffb8.r2.dev/Linfala/examples/T/T.D117.mp3,Linfala/examples/T/T.D117.mp3,T.D117,T.D117.mp3
examples,2362,https://pub-78d23bf07fce46b3adc19df91148ffb8.r2.dev/Linfala/examples/T/T.D118.mp3,Linfala/examples/T/T.D118.mp3,T.D118,T.D118.mp3
examples,2363,https://pub-78d23bf07fce46b3adc19df91148ffb8.r2.dev/Linfala/examples/T/T.D119.mp3,Linfala/examples/T/T.D119.mp3,T.D119,T.D119.mp3
examples,2236,https://pub-78d23bf07fce46b3adc19df91148ffb8.r2.dev/Linfala/examples/T/T.D12.mp3,Linfala/examples/T/T.D12.mp3,T.D12,T.D12.mp3
examples,2364,https://pub-78d23bf07fce46b3adc19df91148ffb8.r2.dev/Linfala/examples/T/T.D120.mp3,Linfala/examples/T/T.D120.mp3,T.D120,T.D120.mp3
examples,2365,https://pub-78d23bf07fce46b3adc19df91148ffb8.r2.dev/Linfala/examples/T/T.D121.mp3,Linfala/examples/T/T.D121.mp3,T.D121,T.D121.mp3
examples,2366,https://pub-78d23bf07fce46b3adc19df91148ffb8.r2.dev/Linfala/examples/T/T.D122.mp3,Linfala/examples/T/T.D122.mp3,T.D122,T.D122.mp3
examples,2368,https://pub-78d23bf07fce46b3adc19df91148ffb8.r2.dev/Linfala/examples/T/T.D123.mp3,Linfala/examples/T/T.D123.mp3,T.D123,T.D123.mp3
examples,2369,https://pub-78d23bf07fce46b3adc19df91148ffb8.r2.dev/Linfala/examples/T/T.D124.mp3,Linfala/examples/T/T.D124.mp3,T.D124,T.D124.mp3
examples,2370,https://pub-78d23bf07fce46b3adc19df91148ffb8.r2.dev/Linfala/examples/T/T.D125.mp3,Linfala/examples/T/T.D125.mp3,T.D125,T.D125.mp3
examples,2371,https://pub-78d23bf07fce46b3adc19df91148ffb8.r2.dev/Linfala/examples/T/T.D126.mp3,Linfala/examples/T/T.D126.mp3,T.D126,T.D126.mp3
examples,2372,https://pub-78d23bf07fce46b3adc19df91148ffb8.r2.dev/Linfala/examples/T/T.D127.mp3,Linfala/examples/T/T.D127.mp3,T.D127,T.D127.mp3
examples,2373,https://pub-78d23bf07fce46b3adc19df91148ffb8.r2.dev/Linfala/examples/T/T.D128.mp3,Linfala/examples/T/T.D128.mp3,T.D128,T.D128.mp3
examples,2375,https://pub-78d23bf07fce46b3adc19df91148ffb8.r2.dev/Linfala/examples/T/T.D129.mp3,Linfala/examples/T/T.D129.mp3,T.D129,T.D129.mp3
examples,2237,https://pub-78d23bf07fce46b3adc19df91148ffb8.r2.dev/Linfala/examples/T/T.D13.mp3,Linfala/examples/T/T.D13.mp3,T.D13,T.D13.mp3
examples,2376,https://pub-78d23bf07fce46b3adc19df91148ffb8.r2.dev/Linfala/examples/T/T.D130.mp3,Linfala/examples/T/T.D130.mp3,T.D130,T.D130.mp3
examples,2377,https://pub-78d23bf07fce46b3adc19df91148ffb8.r2.dev/Linfala/examples/T/T.D131.mp3,Linfala/examples/T/T.D131.mp3,T.D131,T.D131.mp3
examples,2379,https://pub-78d23bf07fce46b3adc19df91148ffb8.r2.dev/Linfala/examples/T/T.D132.mp3,Linfala/examples/T/T.D132.mp3,T.D132,T.D132.mp3
examples,2380,https://pub-78d23bf07fce46b3adc19df91148ffb8.r2.dev/Linfala/examples/T/T.D133.mp3,Linfala/examples/T/T.D133.mp3,T.D133,T.D133.mp3
examples,2381,https://pub-78d23bf07fce46b3adc19df91148ffb8.r2.dev/Linfala/examples/T/T.D134.mp3,Linfala/examples/T/T.D134.mp3,T.D134,T.D134.mp3
examples,2382,https://pub-78d23bf07fce46b3adc19df91148ffb8.r2.dev/Linfala/examples/T/T.D135.mp3,Linfala/examples/T/T.D135.mp3,T.D135,T.D135.mp3
examples,2383,https://pub-78d23bf07fce46b3adc19df91148ffb8.r2.dev/Linfala/examples/T/T.D136.mp3,Linfala/examples/T/T.D136.mp3,T.D136,T.D136.mp3
examples,2238,https://pub-78d23bf07fce46b3adc19df91148ffb8.r2.dev/Linfala/examples/T/T.D14.mp3,Linfala/examples/T/T.D14.mp3,T.D14,T.D14.mp3
examples,2239,https://pub-78d23bf07fce46b3adc19df91148ffb8.r2.dev/Linfala/examples/T/T.D15.mp3,Linfala/examples/T/T.D15.mp3,T.D15,T.D15.mp3
examples,2243,https://pub-78d23bf07fce46b3adc19df91148ffb8.r2.dev/Linfala/examples/T/T.D16.mp3,Linfala/examples/T/T.D16.mp3,T.D16,T.D16.mp3
examples,2244,https://pub-78d23bf07fce46b3adc19df91148ffb8.r2.dev/Linfala/examples/T/T.D17.mp3,Linfala/examples/T/T.D17.mp3,T.D17,T.D17.mp3
examples,2245,https://pub-78d23bf07fce46b3adc19df91148ffb8.r2.dev/Linfala/examples/T/T.D18.mp3,Linfala/examples/T/T.D18.mp3,T.D18,T.D18.mp3
examples,2246,https://pub-78d23bf07fce46b3adc19df91148ffb8.r2.dev/Linfala/examples/T/T.D19.mp3,Linfala/examples/T/T.D19.mp3,T.D19,T.D19.mp3
examples,2247,https://pub-78d23bf07fce46b3adc19df91148ffb8.r2.dev/Linfala/examples/T/T.D20.mp3,Linfala/examples/T/T.D20.mp3,T.D20,T.D20.mp3
examples,2248,https://pub-78d23bf07fce46b3adc19df91148ffb8.r2.dev/Linfala/examples/T/T.D21.mp3,Linfala/examples/T/T.D21.mp3,T.D21,T.D21.mp3
examples,2249,https://pub-78d23bf07fce46b3adc19df91148ffb8.r2.dev/Linfala/examples/T/T.D22.mp3,Linfala/examples/T/T.D22.mp3,T.D22,T.D22.mp3
examples,2250,https://pub-78d23bf07fce46b3adc19df91148ffb8.r2.dev/Linfala/examples/T/T.D23.mp3,Linfala/examples/T/T.D23.mp3,T.D23,T.D23.mp3
examples,2251,https://pub-78d23bf07fce46b3adc19df91148ffb8.r2.dev/Linfala/examples/T/T.D24.mp3,Linfala/examples/T/T.D24.mp3,T.D24,T.D24.mp3
examples,2252,https://pub-78d23bf07fce46b3adc19df91148ffb8.r2.dev/Linfala/examples/T/T.D25.mp3,Linfala/examples/T/T.D25.mp3,T.D25,T.D25.mp3
examples,2253,https://pub-78d23bf07fce46b3adc19df91148ffb8.r2.dev/Linfala/examples/T/T.D26.mp3,Linfala/examples/T/T.D26.mp3,T.D26,T.D26.mp3
examples,2254,https://pub-78d23bf07fce46b3adc19df91148ffb8.r2.dev/Linfala/examples/T/T.D27.mp3,Linfala/examples/T/T.D27.mp3,T.D27,T.D27.mp3
examples,2255,https://pub-78d23bf07fce46b3adc19df91148ffb8.r2.dev/Linfala/examples/T/T.D28.mp3,Linfala/examples/T/T.D28.mp3,T.D28,T.D28.mp3
examples,2257,https://pub-78d23bf07fce46b3adc19df91148ffb8.r2.dev/Linfala/examples/T/T.D29.mp3,Linfala/examples/T/T.D29.mp3,T.D29,T.D29.mp3
examples,2227,https://pub-78d23bf07fce46b3adc19df91148ffb8.r2.dev/Linfala/examples/T/T.D3.mp3,Linfala/examples/T/T.D3.mp3,T.D3,T.D3.mp3
examples,2258,https://pub-78d23bf07fce46b3adc19df91148ffb8.r2.dev/Linfala/examples/T/T.D30.mp3,Linfala/examples/T/T.D30.mp3,T.D30,T.D30.mp3
examples,2259,https://pub-78d23bf07fce46b3adc19df91148ffb8.r2.dev/Linfala/examples/T/T.D31.mp3,Linfala/examples/T/T.D31.mp3,T.D31,T.D31.mp3
examples,2260,https://pub-78d23bf07fce46b3adc19df91148ffb8.r2.dev/Linfala/examples/T/T.D32.mp3,Linfala/examples/T/T.D32.mp3,T.D32,T.D32.mp3
examples,2261,https://pub-78d23bf07fce46b3adc19df91148ffb8.r2.dev/Linfala/examples/T/T.D33.mp3,Linfala/examples/T/T.D33.mp3,T.D33,T.D33.mp3
examples,2263,https://pub-78d23bf07fce46b3adc19df91148ffb8.r2.dev/Linfala/examples/T/T.D34.mp3,Linfala/examples/T/T.D34.mp3,T.D34,T.D34.mp3
examples,2265,https://pub-78d23bf07fce46b3adc19df91148ffb8.r2.dev/Linfala/examples/T/T.D35.mp3,Linfala/examples/T/T.D35.mp3,T.D35,T.D35.mp3
examples,2266,https://pub-78d23bf07fce46b3adc19df91148ffb8.r2.dev/Linfala/examples/T/T.D36.mp3,Linfala/examples/T/T.D36.mp3,T.D36,T.D36.mp3
examples,2267,https://pub-78d23bf07fce46b3adc19df91148ffb8.r2.dev/Linfala/examples/T/T.D37.mp3,Linfala/examples/T/T.D37.mp3,T.D37,T.D37.mp3
examples,2269,https://pub-78d23bf07fce46b3adc19df91148ffb8.r2.dev/Linfala/examples/T/T.D38.mp3,Linfala/examples/T/T.D38.mp3,T.D38,T.D38.mp3
examples,2270,https://pub-78d23bf07fce46b3adc19df91148ffb8.r2.dev/Linfala/examples/T/T.D39.mp3,Linfala/examples/T/T.D39.mp3,T.D39,T.D39.mp3
examples,2228,https://pub-78d23bf07fce46b3adc19df91148ffb8.r2.dev/Linfala/examples/T/T.D4.mp3,Linfala/examples/T/T.D4.mp3,T.D4,T.D4.mp3
examples,2272,https://pub-78d23bf07fce46b3adc19df91148ffb8.r2.dev/Linfala/examples/T/T.D40.mp3,Linfala/examples/T/T.D40.mp3,T.D40,T.D40.mp3
examples,2273,https://pub-78d23bf07fce46b3adc19df91148ffb8.r2.dev/Linfala/examples/T/T.D41.mp3,Linfala/examples/T/T.D41.mp3,T.D41,T.D41.mp3
examples,2274,https://pub-78d23bf07fce46b3adc19df91148ffb8.r2.dev/Linfala/examples/T/T.D42.mp3,Linfala/examples/T/T.D42.mp3,T.D42,T.D42.mp3
examples,2275,https://pub-78d23bf07fce46b3adc19df91148ffb8.r2.dev/Linfala/examples/T/T.D43.mp3,Linfala/examples/T/T.D43.mp3,T.D43,T.D43.mp3
examples,2276,https://pub-78d23bf07fce46b3adc19df91148ffb8.r2.dev/Linfala/examples/T/T.D44.mp3,Linfala/examples/T/T.D44.mp3,T.D44,T.D44.mp3
examples,2277,https://pub-78d23bf07fce46b3adc19df91148ffb8.r2.dev/Linfala/examples/T/T.D45.mp3,Linfala/examples/T/T.D45.mp3,T.D45,T.D45.mp3
examples,2278,https://pub-78d23bf07fce46b3adc19df91148ffb8.r2.dev/Linfala/examples/T/T.D46.mp3,Linfala/examples/T/T.D46.mp3,T.D46,T.D46.mp3
examples,2279,https://pub-78d23bf07fce46b3adc19df91148ffb8.r2.dev/Linfala/examples/T/T.D47.mp3,Linfala/examples/T/T.D47.mp3,T.D47,T.D47.mp3
examples,2280,https://pub-78d23bf07fce46b3adc19df91148ffb8.r2.dev/Linfala/examples/T/T.D48.mp3,Linfala/examples/T/T.D48.mp3,T.D48,T.D48.mp3
examples,2281,https://pub-78d23bf07fce46b3adc19df91148ffb8.r2.dev/Linfala/examples/T/T.D49.mp3,Linfala/examples/T/T.D49.mp3,T.D49,T.D49.mp3
examples,2229,https://pub-78d23bf07fce46b3adc19df91148ffb8.r2.dev/Linfala/examples/T/T.D5.mp3,Linfala/examples/T/T.D5.mp3,T.D5,T.D5.mp3
examples,2284,https://pub-78d23bf07fce46b3adc19df91148ffb8.r2.dev/Linfala/examples/T/T.D51.mp3,Linfala/examples/T/T.D51.mp3,T.D51,T.D51.mp3
examples,2285,https://pub-78d23bf07fce46b3adc19df91148ffb8.r2.dev/Linfala/examples/T/T.D52.mp3,Linfala/examples/T/T.D52.mp3,T.D52,T.D52.mp3
examples,2286,https://pub-78d23bf07fce46b3adc19df91148ffb8.r2.dev/Linfala/examples/T/T.D53.mp3,Linfala/examples/T/T.D53.mp3,T.D53,T.D53.mp3
examples,2287,https://pub-78d23bf07fce46b3adc19df91148ffb8.r2.dev/Linfala/examples/T/T.D54.mp3,Linfala/examples/T/T.D54.mp3,T.D54,T.D54.mp3
examples,2289,https://pub-78d23bf07fce46b3adc19df91148ffb8.r2.dev/Linfala/examples/T/T.D55.mp3,Linfala/examples/T/T.D55.mp3,T.D55,T.D55.mp3
examples,2290,https://pub-78d23bf07fce46b3adc19df91148ffb8.r2.dev/Linfala/examples/T/T.D56.mp3,Linfala/examples/T/T.D56.mp3,T.D56,T.D56.mp3
examples,2291,https://pub-78d23bf07fce46b3adc19df91148ffb8.r2.dev/Linfala/examples/T/T.D57.mp3,Linfala/examples/T/T.D57.mp3,T.D57,T.D57.mp3
examples,2292,https://pub-78d23bf07fce46b3adc19df91148ffb8.r2.dev/Linfala/examples/T/T.D58.mp3,Linfala/examples/T/T.D58.mp3,T.D58,T.D58.mp3
examples,2293,https://pub-78d23bf07fce46b3adc19df91148ffb8.r2.dev/Linfala/examples/T/T.D59.mp3,Linfala/examples/T/T.D59.mp3,T.D59,T.D59.mp3
examples,2230,https://pub-78d23bf07fce46b3adc19df91148ffb8.r2.dev/Linfala/examples/T/T.D6.mp3,Linfala/examples/T/T.D6.mp3,T.D6,T.D6.mp3
examples,2294,https://pub-78d23bf07fce46b3adc19df91148ffb8.r2.dev/Linfala/examples/T/T.D60.mp3,Linfala/examples/T/T.D60.mp3,T.D60,T.D60.mp3
examples,2295,https://pub-78d23bf07fce46b3adc19df91148ffb8.r2.dev/Linfala/examples/T/T.D61.mp3,Linfala/examples/T/T.D61.mp3,T.D61,T.D61.mp3
examples,2296,https://pub-78d23bf07fce46b3adc19df91148ffb8.r2.dev/Linfala/examples/T/T.D62.mp3,Linfala/examples/T/T.D62.mp3,T.D62,T.D62.mp3
examples,2297,https://pub-78d23bf07fce46b3adc19df91148ffb8.r2.dev/Linfala/examples/T/T.D63.mp3,Linfala/examples/T/T.D63.mp3,T.D63,T.D63.mp3
examples,2298,https://pub-78d23bf07fce46b3adc19df91148ffb8.r2.dev/Linfala/examples/T/T.D64.mp3,Linfala/examples/T/T.D64.mp3,T.D64,T.D64.mp3
examples,2299,https://pub-78d23bf07fce46b3adc19df91148ffb8.r2.dev/Linfala/examples/T/T.D65.mp3,Linfala/examples/T/T.D65.mp3,T.D65,T.D65.mp3
examples,2300,https://pub-78d23bf07fce46b3adc19df91148ffb8.r2.dev/Linfala/examples/T/T.D66.mp3,Linfala/examples/T/T.D66.mp3,T.D66,T.D66.mp3
examples,2301,https://pub-78d23bf07fce46b3adc19df91148ffb8.r2.dev/Linfala/examples/T/T.D67.mp3,Linfala/examples/T/T.D67.mp3,T.D67,T.D67.mp3
examples,2302,https://pub-78d23bf07fce46b3adc19df91148ffb8.r2.dev/Linfala/examples/T/T.D68.mp3,Linfala/examples/T/T.D68.mp3,T.D68,T.D68.mp3
examples,2303,https://pub-78d23bf07fce46b3adc19df91148ffb8.r2.dev/Linfala/examples/T/T.D69.mp3,Linfala/examples/T/T.D69.mp3,T.D69,T.D69.mp3
examples,2231,https://pub-78d23bf07fce46b3adc19df91148ffb8.r2.dev/Linfala/examples/T/T.D7.mp3,Linfala/examples/T/T.D7.mp3,T.D7,T.D7.mp3
examples,2304,https://pub-78d23bf07fce46b3adc19df91148ffb8.r2.dev/Linfala/examples/T/T.D70.mp3,Linfala/examples/T/T.D70.mp3,T.D70,T.D70.mp3
examples,2305,https://pub-78d23bf07fce46b3adc19df91148ffb8.r2.dev/Linfala/examples/T/T.D71.mp3,Linfala/examples/T/T.D71.mp3,T.D71,T.D71.mp3
examples,2306,https://pub-78d23bf07fce46b3adc19df91148ffb8.r2.dev/Linfala/examples/T/T.D72.mp3,Linfala/examples/T/T.D72.mp3,T.D72,T.D72.mp3
examples,2307,https://pub-78d23bf07fce46b3adc19df91148ffb8.r2.dev/Linfala/examples/T/T.D73.mp3,Linfala/examples/T/T.D73.mp3,T.D73,T.D73.mp3
examples,2308,https://pub-78d23bf07fce46b3adc19df91148ffb8.r2.dev/Linfala/examples/T/T.D74.mp3,Linfala/examples/T/T.D74.mp3,T.D74,T.D74.mp3
examples,2309,https://pub-78d23bf07fce46b3adc19df91148ffb8.r2.dev/Linfala/examples/T/T.D75.mp3,Linfala/examples/T/T.D75.mp3,T.D75,T.D75.mp3
examples,2310,https://pub-78d23bf07fce46b3adc19df91148ffb8.r2.dev/Linfala/examples/T/T.D76.mp3,Linfala/examples/T/T.D76.mp3,T.D76,T.D76.mp3
examples,2312,https://pub-78d23bf07fce46b3adc19df91148ffb8.r2.dev/Linfala/examples/T/T.D77.mp3,Linfala/examples/T/T.D77.mp3,T.D77,T.D77.mp3
examples,2314,https://pub-78d23bf07fce46b3adc19df91148ffb8.r2.dev/Linfala/examples/T/T.D78.mp3,Linfala/examples/T/T.D78.mp3,T.D78,T.D78.mp3
examples,2316,https://pub-78d23bf07fce46b3adc19df91148ffb8.r2.dev/Linfala/examples/T/T.D79.mp3,Linfala/examples/T/T.D79.mp3,T.D79,T.D79.mp3
examples,2232,https://pub-78d23bf07fce46b3adc19df91148ffb8.r2.dev/Linfala/examples/T/T.D8.mp3,Linfala/examples/T/T.D8.mp3,T.D8,T.D8.mp3
examples,2317,https://pub-78d23bf07fce46b3adc19df91148ffb8.r2.dev/Linfala/examples/T/T.D80.mp3,Linfala/examples/T/T.D80.mp3,T.D80,T.D80.mp3
examples,2318,https://pub-78d23bf07fce46b3adc19df91148ffb8.r2.dev/Linfala/examples/T/T.D81.mp3,Linfala/examples/T/T.D81.mp3,T.D81,T.D81.mp3
examples,2320,https://pub-78d23bf07fce46b3adc19df91148ffb8.r2.dev/Linfala/examples/T/T.D82.mp3,Linfala/examples/T/T.D82.mp3,T.D82,T.D82.mp3
examples,2321,https://pub-78d23bf07fce46b3adc19df91148ffb8.r2.dev/Linfala/examples/T/T.D83.mp3,Linfala/examples/T/T.D83.mp3,T.D83,T.D83.mp3
examples,2322,https://pub-78d23bf07fce46b3adc19df91148ffb8.r2.dev/Linfala/examples/T/T.D84.mp3,Linfala/examples/T/T.D84.mp3,T.D84,T.D84.mp3
examples,2323,https://pub-78d23bf07fce46b3adc19df91148ffb8.r2.dev/Linfala/examples/T/T.D85.mp3,Linfala/examples/T/T.D85.mp3,T.D85,T.D85.mp3
examples,2324,https://pub-78d23bf07fce46b3adc19df91148ffb8.r2.dev/Linfala/examples/T/T.D86.mp3,Linfala/examples/T/T.D86.mp3,T.D86,T.D86.mp3
examples,2325,https://pub-78d23bf07fce46b3adc19df91148ffb8.r2.dev/Linfala/examples/T/T.D87.mp3,Linfala/examples/T/T.D87.mp3,T.D87,T.D87.mp3
examples,2326,https://pub-78d23bf07fce46b3adc19df91148ffb8.r2.dev/Linfala/examples/T/T.D88.mp3,Linfala/examples/T/T.D88.mp3,T.D88,T.D88.mp3
examples,2328,https://pub-78d23bf07fce46b3adc19df91148ffb8.r2.dev/Linfala/examples/T/T.D89.mp3,Linfala/examples/T/T.D89.mp3,T.D89,T.D89.mp3
examples,2233,https://pub-78d23bf07fce46b3adc19df91148ffb8.r2.dev/Linfala/examples/T/T.D9.mp3,Linfala/examples/T/T.D9.mp3,T.D9,T.D9.mp3
examples,2330,https://pub-78d23bf07fce46b3adc19df91148ffb8.r2.dev/Linfala/examples/T/T.D90.mp3,Linfala/examples/T/T.D90.mp3,T.D90,T.D90.mp3
examples,2331,https://pub-78d23bf07fce46b3adc19df91148ffb8.r2.dev/Linfala/examples/T/T.D91.mp3,Linfala/examples/T/T.D91.mp3,T.D91,T.D91.mp3
examples,2333,https://pub-78d23bf07fce46b3adc19df91148ffb8.r2.dev/Linfala/examples/T/T.D92.mp3,Linfala/examples/T/T.D92.mp3,T.D92,T.D92.mp3
examples,2334,https://pub-78d23bf07fce46b3adc19df91148ffb8.r2.dev/Linfala/examples/T/T.D93.mp3,Linfala/examples/T/T.D93.mp3,T.D93,T.D93.mp3
examples,2335,https://pub-78d23bf07fce46b3adc19df91148ffb8.r2.dev/Linfala/examples/T/T.D94.mp3,Linfala/examples/T/T.D94.mp3,T.D94,T.D94.mp3
examples,2336,https://pub-78d23bf07fce46b3adc19df91148ffb8.r2.dev/Linfala/examples/T/T.D95.mp3,Linfala/examples/T/T.D95.mp3,T.D95,T.D95.mp3
examples,2337,https://pub-78d23bf07fce46b3adc19df91148ffb8.r2.dev/Linfala/examples/T/T.D96.mp3,Linfala/examples/T/T.D96.mp3,T.D96,T.D96.mp3
examples,2338,https://pub-78d23bf07fce46b3adc19df91148ffb8.r2.dev/Linfala/examples/T/T.D97.mp3,Linfala/examples/T/T.D97.mp3,T.D97,T.D97.mp3
examples,2339,https://pub-78d23bf07fce46b3adc19df91148ffb8.r2.dev/Linfala/examples/T/T.D98.mp3,Linfala/examples/T/T.D98.mp3,T.D98,T.D98.mp3
examples,2340,https://pub-78d23bf07fce46b3adc19df91148ffb8.r2.dev/Linfala/examples/T/T.D99.mp3,Linfala/examples/T/T.D99.mp3,T.D99,T.D99.mp3
senses,2345,https://pub-78d23bf07fce46b3adc19df91148ffb8.r2.dev/Linfala/senses/T/T.F103.mp3,Linfala/senses/T/T.F103.mp3,T.F103,T.F103.mp3
senses,2356,https://pub-78d23bf07fce46b3adc19df91148ffb8.r2.dev/Linfala/senses/T/T.F112.mp3,Linfala/senses/T/T.F112.mp3,T.F112,T.F112.mp3
senses,2367,https://pub-78d23bf07fce46b3adc19df91148ffb8.r2.dev/Linfala/senses/T/T.F122.mp3,Linfala/senses/T/T.F122.mp3,T.F122,T.F122.mp3
senses,2374,https://pub-78d23bf07fce46b3adc19df91148ffb8.r2.dev/Linfala/senses/T/T.F128.mp3,Linfala/senses/T/T.F128.mp3,T.F128,T.F128.mp3
senses,2378,https://pub-78d23bf07fce46b3adc19df91148ffb8.r2.dev/Linfala/senses/T/T.F131.mp3,Linfala/senses/T/T.F131.mp3,T.F131,T.F131.mp3
senses,2384,https://pub-78d23bf07fce46b3adc19df91148ffb8.r2.dev/Linfala/senses/T/T.F136.mp3,Linfala/senses/T/T.F136.mp3,T.F136,T.F136.mp3
senses,2240,https://pub-78d23bf07fce46b3adc19df91148ffb8.r2.dev/Linfala/senses/T/T.F15.mp3,Linfala/senses/T/T.F15.mp3,T.F15,T.F15.mp3
senses,2256,https://pub-78d23bf07fce46b3adc19df91148ffb8.r2.dev/Linfala/senses/T/T.F28.mp3,Linfala/senses/T/T.F28.mp3,T.F28,T.F28.mp3
senses,2262,https://pub-78d23bf07fce46b3adc19df91148ffb8.r2.dev/Linfala/senses/T/T.F33.mp3,Linfala/senses/T/T.F33.mp3,T.F33,T.F33.mp3
senses,2264,https://pub-78d23bf07fce46b3adc19df91148ffb8.r2.dev/Linfala/senses/T/T.F34.mp3,Linfala/senses/T/T.F34.mp3,T.F34,T.F34.mp3
senses,2268,https://pub-78d23bf07fce46b3adc19df91148ffb8.r2.dev/Linfala/senses/T/T.F37.mp3,Linfala/senses/T/T.F37.mp3,T.F37,T.F37.mp3
senses,2271,https://pub-78d23bf07fce46b3adc19df91148ffb8.r2.dev/Linfala/senses/T/T.F39.mp3,Linfala/senses/T/T.F39.mp3,T.F39,T.F39.mp3
senses,2283,https://pub-78d23bf07fce46b3adc19df91148ffb8.r2.dev/Linfala/senses/T/T.F50.mp3,Linfala/senses/T/T.F50.mp3,T.F50,T.F50.mp3
senses,2288,https://pub-78d23bf07fce46b3adc19df91148ffb8.r2.dev/Linfala/senses/T/T.F54.mp3,Linfala/senses/T/T.F54.mp3,T.F54,T.F54.mp3
senses,2311,https://pub-78d23bf07fce46b3adc19df91148ffb8.r2.dev/Linfala/senses/T/T.F76.mp3,Linfala/senses/T/T.F76.mp3,T.F76,T.F76.mp3
senses,2313,https://pub-78d23bf07fce46b3adc19df91148ffb8.r2.dev/Linfala/senses/T/T.F77.mp3,Linfala/senses/T/T.F77.mp3,T.F77,T.F77.mp3
senses,2315,https://pub-78d23bf07fce46b3adc19df91148ffb8.r2.dev/Linfala/senses/T/T.F78.mp3,Linfala/senses/T/T.F78.mp3,T.F78,T.F78.mp3
senses,2319,https://pub-78d23bf07fce46b3adc19df91148ffb8.r2.dev/Linfala/senses/T/T.F81.mp3,Linfala/senses/T/T.F81.mp3,T.F81,T.F81.mp3
senses,2327,https://pub-78d23bf07fce46b3adc19df91148ffb8.r2.dev/Linfala/senses/T/T.F88.mp3,Linfala/senses/T/T.F88.mp3,T.F88,T.F88.mp3
senses,2329,https://pub-78d23bf07fce46b3adc19df91148ffb8.r2.dev/Linfala/senses/T/T.F89.mp3,Linfala/senses/T/T.F89.mp3,T.F89,T.F89.mp3
senses,2332,https://pub-78d23bf07fce46b3adc19df91148ffb8.r2.dev/Linfala/senses/T/T.F91.mp3,Linfala/senses/T/T.F91.mp3,T.F91,T.F91.mp3
examples,2345,https://pub-78d23bf07fce46b3adc19df91148ffb8.r2.dev/Linfala/examples/T/T.G103.mp3,Linfala/examples/T/T.G103.mp3,T.G103,T.G103.mp3
examples,2356,https://pub-78d23bf07fce46b3adc19df91148ffb8.r2.dev/Linfala/examples/T/T.G112.mp3,Linfala/examples/T/T.G112.mp3,T.G112,T.G112.mp3
examples,2367,https://pub-78d23bf07fce46b3adc19df91148ffb8.r2.dev/Linfala/examples/T/T.G122.mp3,Linfala/examples/T/T.G122.mp3,T.G122,T.G122.mp3
examples,2374,https://pub-78d23bf07fce46b3adc19df91148ffb8.r2.dev/Linfala/examples/T/T.G128.mp3,Linfala/examples/T/T.G128.mp3,T.G128,T.G128.mp3
examples,2378,https://pub-78d23bf07fce46b3adc19df91148ffb8.r2.dev/Linfala/examples/T/T.G131.mp3,Linfala/examples/T/T.G131.mp3,T.G131,T.G131.mp3
examples,2384,https://pub-78d23bf07fce46b3adc19df91148ffb8.r2.dev/Linfala/examples/T/T.G136.mp3,Linfala/examples/T/T.G136.mp3,T.G136,T.G136.mp3
examples,2240,https://pub-78d23bf07fce46b3adc19df91148ffb8.r2.dev/Linfala/examples/T/T.G15.mp3,Linfala/examples/T/T.G15.mp3,T.G15,T.G15.mp3
examples,2256,https://pub-78d23bf07fce46b3adc19df91148ffb8.r2.dev/Linfala/examples/T/T.G28.mp3,Linfala/examples/T/T.G28.mp3,T.G28,T.G28.mp3
examples,2262,https://pub-78d23bf07fce46b3adc19df91148ffb8.r2.dev/Linfala/examples/T/T.G33.mp3,Linfala/examples/T/T.G33.mp3,T.G33,T.G33.mp3
examples,2264,https://pub-78d23bf07fce46b3adc19df91148ffb8.r2.dev/Linfala/examples/T/T.G34.mp3,Linfala/examples/T/T.G34.mp3,T.G34,T.G34.mp3
examples,2268,https://pub-78d23bf07fce46b3adc19df91148ffb8.r2.dev/Linfala/examples/T/T.G37.mp3,Linfala/examples/T/T.G37.mp3,T.G37,T.G37.mp3
examples,2271,https://pub-78d23bf07fce46b3adc19df91148ffb8.r2.dev/Linfala/examples/T/T.G39.mp3,Linfala/examples/T/T.G39.mp3,T.G39,T.G39.mp3
examples,2283,https://pub-78d23bf07fce46b3adc19df91148ffb8.r2.dev/Linfala/examples/T/T.G50.mp3,Linfala/examples/T/T.G50.mp3,T.G50,T.G50.mp3
examples,2288,https://pub-78d23bf07fce46b3adc19df91148ffb8.r2.dev/Linfala/examples/T/T.G54.mp3,Linfala/examples/T/T.G54.mp3,T.G54,T.G54.mp3
examples,2311,https://pub-78d23bf07fce46b3adc19df91148ffb8.r2.dev/Linfala/examples/T/T.G76.mp3,Linfala/examples/T/T.G76.mp3,T.G76,T.G76.mp3
examples,2313,https://pub-78d23bf07fce46b3adc19df91148ffb8.r2.dev/Linfala/examples/T/T.G77.mp3,Linfala/examples/T/T.G77.mp3,T.G77,T.G77.mp3
examples,2315,https://pub-78d23bf07fce46b3adc19df91148ffb8.r2.dev/Linfala/examples/T/T.G78.mp3,Linfala/examples/T/T.G78.mp3,T.G78,T.G78.mp3
examples,2319,https://pub-78d23bf07fce46b3adc19df91148ffb8.r2.dev/Linfala/examples/T/T.G81.mp3,Linfala/examples/T/T.G81.mp3,T.G81,T.G81.mp3
examples,2327,https://pub-78d23bf07fce46b3adc19df91148ffb8.r2.dev/Linfala/examples/T/T.G88.mp3,Linfala/examples/T/T.G88.mp3,T.G88,T.G88.mp3
examples,2329,https://pub-78d23bf07fce46b3adc19df91148ffb8.r2.dev/Linfala/examples/T/T.G89.mp3,Linfala/examples/T/T.G89.mp3,T.G89,T.G89.mp3
examples,2332,https://pub-78d23bf07fce46b3adc19df91148ffb8.r2.dev/Linfala/examples/T/T.G91.mp3,Linfala/examples/T/T.G91.mp3,T.G91,T.G91.mp3
senses,2346,https://pub-78d23bf07fce46b3adc19df91148ffb8.r2.dev/Linfala/senses/T/T.I103.mp3,Linfala/senses/T/T.I103.mp3,T.I103,T.I103.mp3
senses,2241,https://pub-78d23bf07fce46b3adc19df91148ffb8.r2.dev/Linfala/senses/T/T.I15.mp3,Linfala/senses/T/T.I15.mp3,T.I15,T.I15.mp3
examples,2346,https://pub-78d23bf07fce46b3adc19df91148ffb8.r2.dev/Linfala/examples/T/T.J103.mp3,Linfala/examples/T/T.J103.mp3,T.J103,T.J103.mp3
examples,2241,https://pub-78d23bf07fce46b3adc19df91148ffb8.r2.dev/Linfala/examples/T/T.J15.mp3,Linfala/examples/T/T.J15.mp3,T.J15,T.J15.mp3
senses,2242,https://pub-78d23bf07fce46b3adc19df91148ffb8.r2.dev/Linfala/senses/T/T.L15.mp3,Linfala/senses/T/T.L15.mp3,T.L15,T.L15.mp3
examples,2242,https://pub-78d23bf07fce46b3adc19df91148ffb8.r2.dev/Linfala/examples/T/T.M15.mp3,Linfala/examples/T/T.M15.mp3,T.M15,T.M15.mp3
senses,2393,https://pub-78d23bf07fce46b3adc19df91148ffb8.r2.dev/Linfala/senses/U/U.C10.mp3,Linfala/senses/U/U.C10.mp3,U.C10,U.C10.mp3
senses,2394,https://pub-78d23bf07fce46b3adc19df91148ffb8.r2.dev/Linfala/senses/U/U.C11.mp3,Linfala/senses/U/U.C11.mp3,U.C11,U.C11.mp3
senses,2395,https://pub-78d23bf07fce46b3adc19df91148ffb8.r2.dev/Linfala/senses/U/U.C12.mp3,Linfala/senses/U/U.C12.mp3,U.C12,U.C12.mp3
senses,2396,https://pub-78d23bf07fce46b3adc19df91148ffb8.r2.dev/Linfala/senses/U/U.C13.mp3,Linfala/senses/U/U.C13.mp3,U.C13,U.C13.mp3
senses,2385,https://pub-78d23bf07fce46b3adc19df91148ffb8.r2.dev/Linfala/senses/U/U.C3.mp3,Linfala/senses/U/U.C3.mp3,U.C3,U.C3.mp3
senses,2386,https://pub-78d23bf07fce46b3adc19df91148ffb8.r2.dev/Linfala/senses/U/U.C4.mp3,Linfala/senses/U/U.C4.mp3,U.C4,U.C4.mp3
senses,2387,https://pub-78d23bf07fce46b3adc19df91148ffb8.r2.dev/Linfala/senses/U/U.C5.mp3,Linfala/senses/U/U.C5.mp3,U.C5,U.C5.mp3
senses,2389,https://pub-78d23bf07fce46b3adc19df91148ffb8.r2.dev/Linfala/senses/U/U.C6.mp3,Linfala/senses/U/U.C6.mp3,U.C6,U.C6.mp3
senses,2390,https://pub-78d23bf07fce46b3adc19df91148ffb8.r2.dev/Linfala/senses/U/U.C7.mp3,Linfala/senses/U/U.C7.mp3,U.C7,U.C7.mp3
senses,2391,https://pub-78d23bf07fce46b3adc19df91148ffb8.r2.dev/Linfala/senses/U/U.C8.mp3,Linfala/senses/U/U.C8.mp3,U.C8,U.C8.mp3
senses,2392,https://pub-78d23bf07fce46b3adc19df91148ffb8.r2.dev/Linfala/senses/U/U.C9.mp3,Linfala/senses/U/U.C9.mp3,U.C9,U.C9.mp3
examples,2393,https://pub-78d23bf07fce46b3adc19df91148ffb8.r2.dev/Linfala/examples/U/U.D10.mp3,Linfala/examples/U/U.D10.mp3,U.D10,U.D10.mp3
examples,2394,https://pub-78d23bf07fce46b3adc19df91148ffb8.r2.dev/Linfala/examples/U/U.D11.mp3,Linfala/examples/U/U.D11.mp3,U.D11,U.D11.mp3
examples,2395,https://pub-78d23bf07fce46b3adc19df91148ffb8.r2.dev/Linfala/examples/U/U.D12.mp3,Linfala/examples/U/U.D12.mp3,U.D12,U.D12.mp3
examples,2396,https://pub-78d23bf07fce46b3adc19df91148ffb8.r2.dev/Linfala/examples/U/U.D13.mp3,Linfala/examples/U/U.D13.mp3,U.D13,U.D13.mp3
examples,2385,https://pub-78d23bf07fce46b3adc19df91148ffb8.r2.dev/Linfala/examples/U/U.D3.mp3,Linfala/examples/U/U.D3.mp3,U.D3,U.D3.mp3
examples,2386,https://pub-78d23bf07fce46b3adc19df91148ffb8.r2.dev/Linfala/examples/U/U.D4.mp3,Linfala/examples/U/U.D4.mp3,U.D4,U.D4.mp3
examples,2387,https://pub-78d23bf07fce46b3adc19df91148ffb8.r2.dev/Linfala/examples/U/U.D5.mp3,Linfala/examples/U/U.D5.mp3,U.D5,U.D5.mp3
examples,2389,https://pub-78d23bf07fce46b3adc19df91148ffb8.r2.dev/Linfala/examples/U/U.D6.mp3,Linfala/examples/U/U.D6.mp3,U.D6,U.D6.mp3
examples,2390,https://pub-78d23bf07fce46b3adc19df91148ffb8.r2.dev/Linfala/examples/U/U.D7.mp3,Linfala/examples/U/U.D7.mp3,U.D7,U.D7.mp3
examples,2391,https://pub-78d23bf07fce46b3adc19df91148ffb8.r2.dev/Linfala/examples/U/U.D8.mp3,Linfala/examples/U/U.D8.mp3,U.D8,U.D8.mp3
examples,2392,https://pub-78d23bf07fce46b3adc19df91148ffb8.r2.dev/Linfala/examples/U/U.D9.mp3,Linfala/examples/U/U.D9.mp3,U.D9,U.D9.mp3
senses,2388,https://pub-78d23bf07fce46b3adc19df91148ffb8.r2.dev/Linfala/senses/U/U.F5.mp3,Linfala/senses/U/U.F5.mp3,U.F5,U.F5.mp3
examples,2388,https://pub-78d23bf07fce46b3adc19df91148ffb8.r2.dev/Linfala/examples/U/U.G5.mp3,Linfala/examples/U/U.G5.mp3,U.G5,U.G5.mp3
senses,2404,https://pub-78d23bf07fce46b3adc19df91148ffb8.r2.dev/Linfala/senses/V/V.C10.mp3,Linfala/senses/V/V.C10.mp3,V.C10,V.C10.mp3
senses,2405,https://pub-78d23bf07fce46b3adc19df91148ffb8.r2.dev/Linfala/senses/V/V.C11.mp3,Linfala/senses/V/V.C11.mp3,V.C11,V.C11.mp3
senses,2406,https://pub-78d23bf07fce46b3adc19df91148ffb8.r2.dev/Linfala/senses/V/V.C12.mp3,Linfala/senses/V/V.C12.mp3,V.C12,V.C12.mp3
senses,2407,https://pub-78d23bf07fce46b3adc19df91148ffb8.r2.dev/Linfala/senses/V/V.C13.mp3,Linfala/senses/V/V.C13.mp3,V.C13,V.C13.mp3
senses,2408,https://pub-78d23bf07fce46b3adc19df91148ffb8.r2.dev/Linfala/senses/V/V.C14.mp3,Linfala/senses/V/V.C14.mp3,V.C14,V.C14.mp3
senses,2409,https://pub-78d23bf07fce46b3adc19df91148ffb8.r2.dev/Linfala/senses/V/V.C15.mp3,Linfala/senses/V/V.C15.mp3,V.C15,V.C15.mp3
senses,2410,https://pub-78d23bf07fce46b3adc19df91148ffb8.r2.dev/Linfala/senses/V/V.C16.mp3,Linfala/senses/V/V.C16.mp3,V.C16,V.C16.mp3
senses,2411,https://pub-78d23bf07fce46b3adc19df91148ffb8.r2.dev/Linfala/senses/V/V.C17.mp3,Linfala/senses/V/V.C17.mp3,V.C17,V.C17.mp3
senses,2412,https://pub-78d23bf07fce46b3adc19df91148ffb8.r2.dev/Linfala/senses/V/V.C18.mp3,Linfala/senses/V/V.C18.mp3,V.C18,V.C18.mp3
senses,2413,https://pub-78d23bf07fce46b3adc19df91148ffb8.r2.dev/Linfala/senses/V/V.C19.mp3,Linfala/senses/V/V.C19.mp3,V.C19,V.C19.mp3
senses,2414,https://pub-78d23bf07fce46b3adc19df91148ffb8.r2.dev/Linfala/senses/V/V.C20.mp3,Linfala/senses/V/V.C20.mp3,V.C20,V.C20.mp3
senses,2415,https://pub-78d23bf07fce46b3adc19df91148ffb8.r2.dev/Linfala/senses/V/V.C21.mp3,Linfala/senses/V/V.C21.mp3,V.C21,V.C21.mp3
senses,2416,https://pub-78d23bf07fce46b3adc19df91148ffb8.r2.dev/Linfala/senses/V/V.C22.mp3,Linfala/senses/V/V.C22.mp3,V.C22,V.C22.mp3
senses,2417,https://pub-78d23bf07fce46b3adc19df91148ffb8.r2.dev/Linfala/senses/V/V.C23.mp3,Linfala/senses/V/V.C23.mp3,V.C23,V.C23.mp3
senses,2418,https://pub-78d23bf07fce46b3adc19df91148ffb8.r2.dev/Linfala/senses/V/V.C24.mp3,Linfala/senses/V/V.C24.mp3,V.C24,V.C24.mp3
senses,2419,https://pub-78d23bf07fce46b3adc19df91148ffb8.r2.dev/Linfala/senses/V/V.C25.mp3,Linfala/senses/V/V.C25.mp3,V.C25,V.C25.mp3
senses,2420,https://pub-78d23bf07fce46b3adc19df91148ffb8.r2.dev/Linfala/senses/V/V.C26.mp3,Linfala/senses/V/V.C26.mp3,V.C26,V.C26.mp3
senses,2421,https://pub-78d23bf07fce46b3adc19df91148ffb8.r2.dev/Linfala/senses/V/V.C27.mp3,Linfala/senses/V/V.C27.mp3,V.C27,V.C27.mp3
senses,2423,https://pub-78d23bf07fce46b3adc19df91148ffb8.r2.dev/Linfala/senses/V/V.C28.mp3,Linfala/senses/V/V.C28.mp3,V.C28,V.C28.mp3
senses,2424,https://pub-78d23bf07fce46b3adc19df91148ffb8.r2.dev/Linfala/senses/V/V.C29.mp3,Linfala/senses/V/V.C29.mp3,V.C29,V.C29.mp3
senses,2425,https://pub-78d23bf07fce46b3adc19df91148ffb8.r2.dev/Linfala/senses/V/V.C30.mp3,Linfala/senses/V/V.C30.mp3,V.C30,V.C30.mp3
senses,2426,https://pub-78d23bf07fce46b3adc19df91148ffb8.r2.dev/Linfala/senses/V/V.C31.mp3,Linfala/senses/V/V.C31.mp3,V.C31,V.C31.mp3
senses,2427,https://pub-78d23bf07fce46b3adc19df91148ffb8.r2.dev/Linfala/senses/V/V.C32.mp3,Linfala/senses/V/V.C32.mp3,V.C32,V.C32.mp3
senses,2428,https://pub-78d23bf07fce46b3adc19df91148ffb8.r2.dev/Linfala/senses/V/V.C33.mp3,Linfala/senses/V/V.C33.mp3,V.C33,V.C33.mp3
senses,2429,https://pub-78d23bf07fce46b3adc19df91148ffb8.r2.dev/Linfala/senses/V/V.C34.mp3,Linfala/senses/V/V.C34.mp3,V.C34,V.C34.mp3
senses,2430,https://pub-78d23bf07fce46b3adc19df91148ffb8.r2.dev/Linfala/senses/V/V.C35.mp3,Linfala/senses/V/V.C35.mp3,V.C35,V.C35.mp3
senses,2431,https://pub-78d23bf07fce46b3adc19df91148ffb8.r2.dev/Linfala/senses/V/V.C36.mp3,Linfala/senses/V/V.C36.mp3,V.C36,V.C36.mp3
senses,2432,https://pub-78d23bf07fce46b3adc19df91148ffb8.r2.dev/Linfala/senses/V/V.C37.mp3,Linfala/senses/V/V.C37.mp3,V.C37,V.C37.mp3
senses,2433,https://pub-78d23bf07fce46b3adc19df91148ffb8.r2.dev/Linfala/senses/V/V.C38.mp3,Linfala/senses/V/V.C38.mp3,V.C38,V.C38.mp3
senses,2434,https://pub-78d23bf07fce46b3adc19df91148ffb8.r2.dev/Linfala/senses/V/V.C39.mp3,Linfala/senses/V/V.C39.mp3,V.C39,V.C39.mp3
senses,2398,https://pub-78d23bf07fce46b3adc19df91148ffb8.r2.dev/Linfala/senses/V/V.C4.mp3,Linfala/senses/V/V.C4.mp3,V.C4,V.C4.mp3
senses,2435,https://pub-78d23bf07fce46b3adc19df91148ffb8.r2.dev/Linfala/senses/V/V.C40.mp3,Linfala/senses/V/V.C40.mp3,V.C40,V.C40.mp3
senses,2436,https://pub-78d23bf07fce46b3adc19df91148ffb8.r2.dev/Linfala/senses/V/V.C41.mp3,Linfala/senses/V/V.C41.mp3,V.C41,V.C41.mp3
senses,2437,https://pub-78d23bf07fce46b3adc19df91148ffb8.r2.dev/Linfala/senses/V/V.C42.mp3,Linfala/senses/V/V.C42.mp3,V.C42,V.C42.mp3
senses,2439,https://pub-78d23bf07fce46b3adc19df91148ffb8.r2.dev/Linfala/senses/V/V.C44.mp3,Linfala/senses/V/V.C44.mp3,V.C44,V.C44.mp3
senses,2440,https://pub-78d23bf07fce46b3adc19df91148ffb8.r2.dev/Linfala/senses/V/V.C45.mp3,Linfala/senses/V/V.C45.mp3,V.C45,V.C45.mp3
senses,2441,https://pub-78d23bf07fce46b3adc19df91148ffb8.r2.dev/Linfala/senses/V/V.C46.mp3,Linfala/senses/V/V.C46.mp3,V.C46,V.C46.mp3
senses,2442,https://pub-78d23bf07fce46b3adc19df91148ffb8.r2.dev/Linfala/senses/V/V.C47.mp3,Linfala/senses/V/V.C47.mp3,V.C47,V.C47.mp3
senses,2443,https://pub-78d23bf07fce46b3adc19df91148ffb8.r2.dev/Linfala/senses/V/V.C48.mp3,Linfala/senses/V/V.C48.mp3,V.C48,V.C48.mp3
senses,2445,https://pub-78d23bf07fce46b3adc19df91148ffb8.r2.dev/Linfala/senses/V/V.C49.mp3,Linfala/senses/V/V.C49.mp3,V.C49,V.C49.mp3
senses,2399,https://pub-78d23bf07fce46b3adc19df91148ffb8.r2.dev/Linfala/senses/V/V.C5.mp3,Linfala/senses/V/V.C5.mp3,V.C5,V.C5.mp3
senses,2446,https://pub-78d23bf07fce46b3adc19df91148ffb8.r2.dev/Linfala/senses/V/V.C50.mp3,Linfala/senses/V/V.C50.mp3,V.C50,V.C50.mp3
senses,2448,https://pub-78d23bf07fce46b3adc19df91148ffb8.r2.dev/Linfala/senses/V/V.C51.mp3,Linfala/senses/V/V.C51.mp3,V.C51,V.C51.mp3
senses,2449,https://pub-78d23bf07fce46b3adc19df91148ffb8.r2.dev/Linfala/senses/V/V.C52.mp3,Linfala/senses/V/V.C52.mp3,V.C52,V.C52.mp3
senses,2450,https://pub-78d23bf07fce46b3adc19df91148ffb8.r2.dev/Linfala/senses/V/V.C53.mp3,Linfala/senses/V/V.C53.mp3,V.C53,V.C53.mp3
senses,2451,https://pub-78d23bf07fce46b3adc19df91148ffb8.r2.dev/Linfala/senses/V/V.C54.mp3,Linfala/senses/V/V.C54.mp3,V.C54,V.C54.mp3
senses,2452,https://pub-78d23bf07fce46b3adc19df91148ffb8.r2.dev/Linfala/senses/V/V.C55.mp3,Linfala/senses/V/V.C55.mp3,V.C55,V.C55.mp3
senses,2453,https://pub-78d23bf07fce46b3adc19df91148ffb8.r2.dev/Linfala/senses/V/V.C56.mp3,Linfala/senses/V/V.C56.mp3,V.C56,V.C56.mp3
senses,2454,https://pub-78d23bf07fce46b3adc19df91148ffb8.r2.dev/Linfala/senses/V/V.C57.mp3,Linfala/senses/V/V.C57.mp3,V.C57,V.C57.mp3
senses,2456,https://pub-78d23bf07fce46b3adc19df91148ffb8.r2.dev/Linfala/senses/V/V.C58.mp3,Linfala/senses/V/V.C58.mp3,V.C58,V.C58.mp3
senses,2457,https://pub-78d23bf07fce46b3adc19df91148ffb8.r2.dev/Linfala/senses/V/V.C59.mp3,Linfala/senses/V/V.C59.mp3,V.C59,V.C59.mp3
senses,2400,https://pub-78d23bf07fce46b3adc19df91148ffb8.r2.dev/Linfala/senses/V/V.C6.mp3,Linfala/senses/V/V.C6.mp3,V.C6,V.C6.mp3
senses,2458,https://pub-78d23bf07fce46b3adc19df91148ffb8.r2.dev/Linfala/senses/V/V.C60.mp3,Linfala/senses/V/V.C60.mp3,V.C60,V.C60.mp3
senses,2461,https://pub-78d23bf07fce46b3adc19df91148ffb8.r2.dev/Linfala/senses/V/V.C61.mp3,Linfala/senses/V/V.C61.mp3,V.C61,V.C61.mp3
senses,2462,https://pub-78d23bf07fce46b3adc19df91148ffb8.r2.dev/Linfala/senses/V/V.C62.mp3,Linfala/senses/V/V.C62.mp3,V.C62,V.C62.mp3
senses,2463,https://pub-78d23bf07fce46b3adc19df91148ffb8.r2.dev/Linfala/senses/V/V.C63.mp3,Linfala/senses/V/V.C63.mp3,V.C63,V.C63.mp3
senses,2464,https://pub-78d23bf07fce46b3adc19df91148ffb8.r2.dev/Linfala/senses/V/V.C64.mp3,Linfala/senses/V/V.C64.mp3,V.C64,V.C64.mp3
senses,2465,https://pub-78d23bf07fce46b3adc19df91148ffb8.r2.dev/Linfala/senses/V/V.C65.mp3,Linfala/senses/V/V.C65.mp3,V.C65,V.C65.mp3
senses,2467,https://pub-78d23bf07fce46b3adc19df91148ffb8.r2.dev/Linfala/senses/V/V.C66.mp3,Linfala/senses/V/V.C66.mp3,V.C66,V.C66.mp3
senses,2468,https://pub-78d23bf07fce46b3adc19df91148ffb8.r2.dev/Linfala/senses/V/V.C67.mp3,Linfala/senses/V/V.C67.mp3,V.C67,V.C67.mp3
senses,2469,https://pub-78d23bf07fce46b3adc19df91148ffb8.r2.dev/Linfala/senses/V/V.C68.mp3,Linfala/senses/V/V.C68.mp3,V.C68,V.C68.mp3
senses,2470,https://pub-78d23bf07fce46b3adc19df91148ffb8.r2.dev/Linfala/senses/V/V.C69.mp3,Linfala/senses/V/V.C69.mp3,V.C69,V.C69.mp3
senses,2401,https://pub-78d23bf07fce46b3adc19df91148ffb8.r2.dev/Linfala/senses/V/V.C7.mp3,Linfala/senses/V/V.C7.mp3,V.C7,V.C7.mp3
senses,2471,https://pub-78d23bf07fce46b3adc19df91148ffb8.r2.dev/Linfala/senses/V/V.C70.mp3,Linfala/senses/V/V.C70.mp3,V.C70,V.C70.mp3
senses,2472,https://pub-78d23bf07fce46b3adc19df91148ffb8.r2.dev/Linfala/senses/V/V.C71.mp3,Linfala/senses/V/V.C71.mp3,V.C71,V.C71.mp3
senses,2473,https://pub-78d23bf07fce46b3adc19df91148ffb8.r2.dev/Linfala/senses/V/V.C72.mp3,Linfala/senses/V/V.C72.mp3,V.C72,V.C72.mp3
senses,2474,https://pub-78d23bf07fce46b3adc19df91148ffb8.r2.dev/Linfala/senses/V/V.C73.mp3,Linfala/senses/V/V.C73.mp3,V.C73,V.C73.mp3
senses,2475,https://pub-78d23bf07fce46b3adc19df91148ffb8.r2.dev/Linfala/senses/V/V.C74.mp3,Linfala/senses/V/V.C74.mp3,V.C74,V.C74.mp3
senses,2476,https://pub-78d23bf07fce46b3adc19df91148ffb8.r2.dev/Linfala/senses/V/V.C75.mp3,Linfala/senses/V/V.C75.mp3,V.C75,V.C75.mp3
senses,2477,https://pub-78d23bf07fce46b3adc19df91148ffb8.r2.dev/Linfala/senses/V/V.C76.mp3,Linfala/senses/V/V.C76.mp3,V.C76,V.C76.mp3
senses,2478,https://pub-78d23bf07fce46b3adc19df91148ffb8.r2.dev/Linfala/senses/V/V.C77.mp3,Linfala/senses/V/V.C77.mp3,V.C77,V.C77.mp3
senses,2479,https://pub-78d23bf07fce46b3adc19df91148ffb8.r2.dev/Linfala/senses/V/V.C78.mp3,Linfala/senses/V/V.C78.mp3,V.C78,V.C78.mp3
senses,2402,https://pub-78d23bf07fce46b3adc19df91148ffb8.r2.dev/Linfala/senses/V/V.C8.mp3,Linfala/senses/V/V.C8.mp3,V.C8,V.C8.mp3
senses,2403,https://pub-78d23bf07fce46b3adc19df91148ffb8.r2.dev/Linfala/senses/V/V.C9.mp3,Linfala/senses/V/V.C9.mp3,V.C9,V.C9.mp3
examples,2404,https://pub-78d23bf07fce46b3adc19df91148ffb8.r2.dev/Linfala/examples/V/V.D10.mp3,Linfala/examples/V/V.D10.mp3,V.D10,V.D10.mp3
examples,2405,https://pub-78d23bf07fce46b3adc19df91148ffb8.r2.dev/Linfala/examples/V/V.D11.mp3,Linfala/examples/V/V.D11.mp3,V.D11,V.D11.mp3
examples,2406,https://pub-78d23bf07fce46b3adc19df91148ffb8.r2.dev/Linfala/examples/V/V.D12.mp3,Linfala/examples/V/V.D12.mp3,V.D12,V.D12.mp3
examples,2407,https://pub-78d23bf07fce46b3adc19df91148ffb8.r2.dev/Linfala/examples/V/V.D13.mp3,Linfala/examples/V/V.D13.mp3,V.D13,V.D13.mp3
examples,2408,https://pub-78d23bf07fce46b3adc19df91148ffb8.r2.dev/Linfala/examples/V/V.D14.mp3,Linfala/examples/V/V.D14.mp3,V.D14,V.D14.mp3
examples,2409,https://pub-78d23bf07fce46b3adc19df91148ffb8.r2.dev/Linfala/examples/V/V.D15.mp3,Linfala/examples/V/V.D15.mp3,V.D15,V.D15.mp3
examples,2410,https://pub-78d23bf07fce46b3adc19df91148ffb8.r2.dev/Linfala/examples/V/V.D16.mp3,Linfala/examples/V/V.D16.mp3,V.D16,V.D16.mp3
examples,2411,https://pub-78d23bf07fce46b3adc19df91148ffb8.r2.dev/Linfala/examples/V/V.D17.mp3,Linfala/examples/V/V.D17.mp3,V.D17,V.D17.mp3
examples,2412,https://pub-78d23bf07fce46b3adc19df91148ffb8.r2.dev/Linfala/examples/V/V.D18.mp3,Linfala/examples/V/V.D18.mp3,V.D18,V.D18.mp3
examples,2413,https://pub-78d23bf07fce46b3adc19df91148ffb8.r2.dev/Linfala/examples/V/V.D19.mp3,Linfala/examples/V/V.D19.mp3,V.D19,V.D19.mp3
examples,2414,https://pub-78d23bf07fce46b3adc19df91148ffb8.r2.dev/Linfala/examples/V/V.D20.mp3,Linfala/examples/V/V.D20.mp3,V.D20,V.D20.mp3
examples,2415,https://pub-78d23bf07fce46b3adc19df91148ffb8.r2.dev/Linfala/examples/V/V.D21.mp3,Linfala/examples/V/V.D21.mp3,V.D21,V.D21.mp3
examples,2416,https://pub-78d23bf07fce46b3adc19df91148ffb8.r2.dev/Linfala/examples/V/V.D22.mp3,Linfala/examples/V/V.D22.mp3,V.D22,V.D22.mp3
examples,2417,https://pub-78d23bf07fce46b3adc19df91148ffb8.r2.dev/Linfala/examples/V/V.D23.mp3,Linfala/examples/V/V.D23.mp3,V.D23,V.D23.mp3
examples,2418,https://pub-78d23bf07fce46b3adc19df91148ffb8.r2.dev/Linfala/examples/V/V.D24.mp3,Linfala/examples/V/V.D24.mp3,V.D24,V.D24.mp3
examples,2419,https://pub-78d23bf07fce46b3adc19df91148ffb8.r2.dev/Linfala/examples/V/V.D25.mp3,Linfala/examples/V/V.D25.mp3,V.D25,V.D25.mp3
examples,2420,https://pub-78d23bf07fce46b3adc19df91148ffb8.r2.dev/Linfala/examples/V/V.D26.mp3,Linfala/examples/V/V.D26.mp3,V.D26,V.D26.mp3
examples,2421,https://pub-78d23bf07fce46b3adc19df91148ffb8.r2.dev/Linfala/examples/V/V.D27.mp3,Linfala/examples/V/V.D27.mp3,V.D27,V.D27.mp3
examples,2423,https://pub-78d23bf07fce46b3adc19df91148ffb8.r2.dev/Linfala/examples/V/V.D28.mp3,Linfala/examples/V/V.D28.mp3,V.D28,V.D28.mp3
examples,2424,https://pub-78d23bf07fce46b3adc19df91148ffb8.r2.dev/Linfala/examples/V/V.D29.mp3,Linfala/examples/V/V.D29.mp3,V.D29,V.D29.mp3
examples,2397,https://pub-78d23bf07fce46b3adc19df91148ffb8.r2.dev/Linfala/examples/V/V.D3.mp3,Linfala/examples/V/V.D3.mp3,V.D3,V.D3.mp3
examples,2425,https://pub-78d23bf07fce46b3adc19df91148ffb8.r2.dev/Linfala/examples/V/V.D30.mp3,Linfala/examples/V/V.D30.mp3,V.D30,V.D30.mp3
examples,2426,https://pub-78d23bf07fce46b3adc19df91148ffb8.r2.dev/Linfala/examples/V/V.D31.mp3,Linfala/examples/V/V.D31.mp3,V.D31,V.D31.mp3
examples,2427,https://pub-78d23bf07fce46b3adc19df91148ffb8.r2.dev/Linfala/examples/V/V.D32.mp3,Linfala/examples/V/V.D32.mp3,V.D32,V.D32.mp3
examples,2428,https://pub-78d23bf07fce46b3adc19df91148ffb8.r2.dev/Linfala/examples/V/V.D33.mp3,Linfala/examples/V/V.D33.mp3,V.D33,V.D33.mp3
examples,2429,https://pub-78d23bf07fce46b3adc19df91148ffb8.r2.dev/Linfala/examples/V/V.D34.mp3,Linfala/examples/V/V.D34.mp3,V.D34,V.D34.mp3
examples,2430,https://pub-78d23bf07fce46b3adc19df91148ffb8.r2.dev/Linfala/examples/V/V.D35.mp3,Linfala/examples/V/V.D35.mp3,V.D35,V.D35.mp3
examples,2431,https://pub-78d23bf07fce46b3adc19df91148ffb8.r2.dev/Linfala/examples/V/V.D36.mp3,Linfala/examples/V/V.D36.mp3,V.D36,V.D36.mp3
examples,2432,https://pub-78d23bf07fce46b3adc19df91148ffb8.r2.dev/Linfala/examples/V/V.D37.mp3,Linfala/examples/V/V.D37.mp3,V.D37,V.D37.mp3
examples,2433,https://pub-78d23bf07fce46b3adc19df91148ffb8.r2.dev/Linfala/examples/V/V.D38.mp3,Linfala/examples/V/V.D38.mp3,V.D38,V.D38.mp3
examples,2434,https://pub-78d23bf07fce46b3adc19df91148ffb8.r2.dev/Linfala/examples/V/V.D39.mp3,Linfala/examples/V/V.D39.mp3,V.D39,V.D39.mp3
examples,2398,https://pub-78d23bf07fce46b3adc19df91148ffb8.r2.dev/Linfala/examples/V/V.D4.mp3,Linfala/examples/V/V.D4.mp3,V.D4,V.D4.mp3
examples,2435,https://pub-78d23bf07fce46b3adc19df91148ffb8.r2.dev/Linfala/examples/V/V.D40.mp3,Linfala/examples/V/V.D40.mp3,V.D40,V.D40.mp3
examples,2436,https://pub-78d23bf07fce46b3adc19df91148ffb8.r2.dev/Linfala/examples/V/V.D41.mp3,Linfala/examples/V/V.D41.mp3,V.D41,V.D41.mp3
examples,2437,https://pub-78d23bf07fce46b3adc19df91148ffb8.r2.dev/Linfala/examples/V/V.D42.mp3,Linfala/examples/V/V.D42.mp3,V.D42,V.D42.mp3
examples,2438,https://pub-78d23bf07fce46b3adc19df91148ffb8.r2.dev/Linfala/examples/V/V.D43.mp3,Linfala/examples/V/V.D43.mp3,V.D43,V.D43.mp3
examples,2439,https://pub-78d23bf07fce46b3adc19df91148ffb8.r2.dev/Linfala/examples/V/V.D44.mp3,Linfala/examples/V/V.D44.mp3,V.D44,V.D44.mp3
examples,2440,https://pub-78d23bf07fce46b3adc19df91148ffb8.r2.dev/Linfala/examples/V/V.D45.mp3,Linfala/examples/V/V.D45.mp3,V.D45,V.D45.mp3
examples,2441,https://pub-78d23bf07fce46b3adc19df91148ffb8.r2.dev/Linfala/examples/V/V.D46.mp3,Linfala/examples/V/V.D46.mp3,V.D46,V.D46.mp3
examples,2442,https://pub-78d23bf07fce46b3adc19df91148ffb8.r2.dev/Linfala/examples/V/V.D47.mp3,Linfala/examples/V/V.D47.mp3,V.D47,V.D47.mp3
examples,2443,https://pub-78d23bf07fce46b3adc19df91148ffb8.r2.dev/Linfala/examples/V/V.D48.mp3,Linfala/examples/V/V.D48.mp3,V.D48,V.D48.mp3
examples,2445,https://pub-78d23bf07fce46b3adc19df91148ffb8.r2.dev/Linfala/examples/V/V.D49.mp3,Linfala/examples/V/V.D49.mp3,V.D49,V.D49.mp3
examples,2399,https://pub-78d23bf07fce46b3adc19df91148ffb8.r2.dev/Linfala/examples/V/V.D5.mp3,Linfala/examples/V/V.D5.mp3,V.D5,V.D5.mp3
examples,2446,https://pub-78d23bf07fce46b3adc19df91148ffb8.r2.dev/Linfala/examples/V/V.D50.mp3,Linfala/examples/V/V.D50.mp3,V.D50,V.D50.mp3
examples,2448,https://pub-78d23bf07fce46b3adc19df91148ffb8.r2.dev/Linfala/examples/V/V.D51.mp3,Linfala/examples/V/V.D51.mp3,V.D51,V.D51.mp3
examples,2449,https://pub-78d23bf07fce46b3adc19df91148ffb8.r2.dev/Linfala/examples/V/V.D52.mp3,Linfala/examples/V/V.D52.mp3,V.D52,V.D52.mp3
examples,2450,https://pub-78d23bf07fce46b3adc19df91148ffb8.r2.dev/Linfala/examples/V/V.D53.mp3,Linfala/examples/V/V.D53.mp3,V.D53,V.D53.mp3
examples,2451,https://pub-78d23bf07fce46b3adc19df91148ffb8.r2.dev/Linfala/examples/V/V.D54.mp3,Linfala/examples/V/V.D54.mp3,V.D54,V.D54.mp3
examples,2452,https://pub-78d23bf07fce46b3adc19df91148ffb8.r2.dev/Linfala/examples/V/V.D55.mp3,Linfala/examples/V/V.D55.mp3,V.D55,V.D55.mp3
examples,2453,https://pub-78d23bf07fce46b3adc19df91148ffb8.r2.dev/Linfala/examples/V/V.D56.mp3,Linfala/examples/V/V.D56.mp3,V.D56,V.D56.mp3
examples,2454,https://pub-78d23bf07fce46b3adc19df91148ffb8.r2.dev/Linfala/examples/V/V.D57.mp3,Linfala/examples/V/V.D57.mp3,V.D57,V.D57.mp3
examples,2456,https://pub-78d23bf07fce46b3adc19df91148ffb8.r2.dev/Linfala/examples/V/V.D58.mp3,Linfala/examples/V/V.D58.mp3,V.D58,V.D58.mp3
examples,2457,https://pub-78d23bf07fce46b3adc19df91148ffb8.r2.dev/Linfala/examples/V/V.D59.mp3,Linfala/examples/V/V.D59.mp3,V.D59,V.D59.mp3
examples,2400,https://pub-78d23bf07fce46b3adc19df91148ffb8.r2.dev/Linfala/examples/V/V.D6.mp3,Linfala/examples/V/V.D6.mp3,V.D6,V.D6.mp3
examples,2458,https://pub-78d23bf07fce46b3adc19df91148ffb8.r2.dev/Linfala/examples/V/V.D60.mp3,Linfala/examples/V/V.D60.mp3,V.D60,V.D60.mp3
examples,2461,https://pub-78d23bf07fce46b3adc19df91148ffb8.r2.dev/Linfala/examples/V/V.D61.mp3,Linfala/examples/V/V.D61.mp3,V.D61,V.D61.mp3
examples,2462,https://pub-78d23bf07fce46b3adc19df91148ffb8.r2.dev/Linfala/examples/V/V.D62.mp3,Linfala/examples/V/V.D62.mp3,V.D62,V.D62.mp3
examples,2463,https://pub-78d23bf07fce46b3adc19df91148ffb8.r2.dev/Linfala/examples/V/V.D63.mp3,Linfala/examples/V/V.D63.mp3,V.D63,V.D63.mp3
examples,2464,https://pub-78d23bf07fce46b3adc19df91148ffb8.r2.dev/Linfala/examples/V/V.D64.mp3,Linfala/examples/V/V.D64.mp3,V.D64,V.D64.mp3
examples,2465,https://pub-78d23bf07fce46b3adc19df91148ffb8.r2.dev/Linfala/examples/V/V.D65.mp3,Linfala/examples/V/V.D65.mp3,V.D65,V.D65.mp3
examples,2467,https://pub-78d23bf07fce46b3adc19df91148ffb8.r2.dev/Linfala/examples/V/V.D66.mp3,Linfala/examples/V/V.D66.mp3,V.D66,V.D66.mp3
examples,2468,https://pub-78d23bf07fce46b3adc19df91148ffb8.r2.dev/Linfala/examples/V/V.D67.mp3,Linfala/examples/V/V.D67.mp3,V.D67,V.D67.mp3
examples,2469,https://pub-78d23bf07fce46b3adc19df91148ffb8.r2.dev/Linfala/examples/V/V.D68.mp3,Linfala/examples/V/V.D68.mp3,V.D68,V.D68.mp3
examples,2470,https://pub-78d23bf07fce46b3adc19df91148ffb8.r2.dev/Linfala/examples/V/V.D69.mp3,Linfala/examples/V/V.D69.mp3,V.D69,V.D69.mp3
examples,2401,https://pub-78d23bf07fce46b3adc19df91148ffb8.r2.dev/Linfala/examples/V/V.D7.mp3,Linfala/examples/V/V.D7.mp3,V.D7,V.D7.mp3
examples,2471,https://pub-78d23bf07fce46b3adc19df91148ffb8.r2.dev/Linfala/examples/V/V.D70.mp3,Linfala/examples/V/V.D70.mp3,V.D70,V.D70.mp3
examples,2472,https://pub-78d23bf07fce46b3adc19df91148ffb8.r2.dev/Linfala/examples/V/V.D71.mp3,Linfala/examples/V/V.D71.mp3,V.D71,V.D71.mp3
examples,2473,https://pub-78d23bf07fce46b3adc19df91148ffb8.r2.dev/Linfala/examples/V/V.D72.mp3,Linfala/examples/V/V.D72.mp3,V.D72,V.D72.mp3
examples,2474,https://pub-78d23bf07fce46b3adc19df91148ffb8.r2.dev/Linfala/examples/V/V.D73.mp3,Linfala/examples/V/V.D73.mp3,V.D73,V.D73.mp3
examples,2475,https://pub-78d23bf07fce46b3adc19df91148ffb8.r2.dev/Linfala/examples/V/V.D74.mp3,Linfala/examples/V/V.D74.mp3,V.D74,V.D74.mp3
examples,2476,https://pub-78d23bf07fce46b3adc19df91148ffb8.r2.dev/Linfala/examples/V/V.D75.mp3,Linfala/examples/V/V.D75.mp3,V.D75,V.D75.mp3
examples,2477,https://pub-78d23bf07fce46b3adc19df91148ffb8.r2.dev/Linfala/examples/V/V.D76.mp3,Linfala/examples/V/V.D76.mp3,V.D76,V.D76.mp3
examples,2478,https://pub-78d23bf07fce46b3adc19df91148ffb8.r2.dev/Linfala/examples/V/V.D77.mp3,Linfala/examples/V/V.D77.mp3,V.D77,V.D77.mp3
examples,2479,https://pub-78d23bf07fce46b3adc19df91148ffb8.r2.dev/Linfala/examples/V/V.D78.mp3,Linfala/examples/V/V.D78.mp3,V.D78,V.D78.mp3
examples,2402,https://pub-78d23bf07fce46b3adc19df91148ffb8.r2.dev/Linfala/examples/V/V.D8.mp3,Linfala/examples/V/V.D8.mp3,V.D8,V.D8.mp3
examples,2403,https://pub-78d23bf07fce46b3adc19df91148ffb8.r2.dev/Linfala/examples/V/V.D9.mp3,Linfala/examples/V/V.D9.mp3,V.D9,V.D9.mp3
senses,2422,https://pub-78d23bf07fce46b3adc19df91148ffb8.r2.dev/Linfala/senses/V/V.F27.mp3,Linfala/senses/V/V.F27.mp3,V.F27,V.F27.mp3
senses,2444,https://pub-78d23bf07fce46b3adc19df91148ffb8.r2.dev/Linfala/senses/V/V.F48.mp3,Linfala/senses/V/V.F48.mp3,V.F48,V.F48.mp3
senses,2447,https://pub-78d23bf07fce46b3adc19df91148ffb8.r2.dev/Linfala/senses/V/V.F50.mp3,Linfala/senses/V/V.F50.mp3,V.F50,V.F50.mp3
senses,2455,https://pub-78d23bf07fce46b3adc19df91148ffb8.r2.dev/Linfala/senses/V/V.F57.mp3,Linfala/senses/V/V.F57.mp3,V.F57,V.F57.mp3
senses,2459,https://pub-78d23bf07fce46b3adc19df91148ffb8.r2.dev/Linfala/senses/V/V.F60.mp3,Linfala/senses/V/V.F60.mp3,V.F60,V.F60.mp3
senses,2466,https://pub-78d23bf07fce46b3adc19df91148ffb8.r2.dev/Linfala/senses/V/V.F65.mp3,Linfala/senses/V/V.F65.mp3,V.F65,V.F65.mp3
examples,2422,https://pub-78d23bf07fce46b3adc19df91148ffb8.r2.dev/Linfala/examples/V/V.G27.mp3,Linfala/examples/V/V.G27.mp3,V.G27,V.G27.mp3
examples,2447,https://pub-78d23bf07fce46b3adc19df91148ffb8.r2.dev/Linfala/examples/V/V.G50.mp3,Linfala/examples/V/V.G50.mp3,V.G50,V.G50.mp3
examples,2455,https://pub-78d23bf07fce46b3adc19df91148ffb8.r2.dev/Linfala/examples/V/V.G57.mp3,Linfala/examples/V/V.G57.mp3,V.G57,V.G57.mp3
examples,2459,https://pub-78d23bf07fce46b3adc19df91148ffb8.r2.dev/Linfala/examples/V/V.G60.mp3,Linfala/examples/V/V.G60.mp3,V.G60,V.G60.mp3
examples,2466,https://pub-78d23bf07fce46b3adc19df91148ffb8.r2.dev/Linfala/examples/V/V.G65.mp3,Linfala/examples/V/V.G65.mp3,V.G65,V.G65.mp3
senses,2460,https://pub-78d23bf07fce46b3adc19df91148ffb8.r2.dev/Linfala/senses/V/V.I60.mp3,Linfala/senses/V/V.I60.mp3,V.I60,V.I60.mp3
examples,2460,https://pub-78d23bf07fce46b3adc19df91148ffb8.r2.dev/Linfala/examples/V/V.J60.mp3,Linfala/examples/V/V.J60.mp3,V.J60,V.J60.mp3
senses,2480,https://pub-78d23bf07fce46b3adc19df91148ffb8.r2.dev/Linfala/senses/W/W.C3.mp3,Linfala/senses/W/W.C3.mp3,W.C3,W.C3.mp3
examples,2480,https://pub-78d23bf07fce46b3adc19df91148ffb8.r2.dev/Linfala/examples/W/W.D3.mp3,Linfala/examples/W/W.D3.mp3,W.D3,W.D3.mp3
senses,2485,https://pub-78d23bf07fce46b3adc19df91148ffb8.r2.dev/Linfala/senses/Y/Y.C3.mp3,Linfala/senses/Y/Y.C3.mp3,Y.C3,Y.C3.mp3
examples,2485,https://pub-78d23bf07fce46b3adc19df91148ffb8.r2.dev/Linfala/examples/Y/Y.D3.mp3,Linfala/examples/Y/Y.D3.mp3,Y.D3,Y.D3.mp3
senses,2486,https://pub-78d23bf07fce46b3adc19df91148ffb8.r2.dev/Linfala/senses/Z/Z.C3.mp3,Linfala/senses/Z/Z.C3.mp3,Z.C3,Z.C3.mp3
senses,2487,https://pub-78d23bf07fce46b3adc19df91148ffb8.r2.dev/Linfala/senses/Z/Z.C4.mp3,Linfala/senses/Z/Z.C4.mp3,Z.C4,Z.C4.mp3
senses,2488,https://pub-78d23bf07fce46b3adc19df91148ffb8.r2.dev/Linfala/senses/Z/Z.C5.mp3,Linfala/senses/Z/Z.C5.mp3,Z.C5,Z.C5.mp3
senses,2489,https://pub-78d23bf07fce46b3adc19df91148ffb8.r2.dev/Linfala/senses/Z/Z.C6.mp3,Linfala/senses/Z/Z.C6.mp3,Z.C6,Z.C6.mp3
examples,2486,https://pub-78d23bf07fce46b3adc19df91148ffb8.r2.dev/Linfala/examples/Z/Z.D3.mp3,Linfala/examples/Z/Z.D3.mp3,Z.D3,Z.D3.mp3
examples,2487,https://pub-78d23bf07fce46b3adc19df91148ffb8.r2.dev/Linfala/examples/Z/Z.D4.mp3,Linfala/examples/Z/Z.D4.mp3,Z.D4,Z.D4.mp3
examples,2488,https://pub-78d23bf07fce46b3adc19df91148ffb8.r2.dev/Linfala/examples/Z/Z.D5.mp3,Linfala/examples/Z/Z.D5.mp3,Z.D5,Z.D5.mp3
examples,2489,https://pub-78d23bf07fce46b3adc19df91148ffb8.r2.dev/Linfala/examples/Z/Z.D6.mp3,Linfala/examples/Z/Z.D6.mp3,Z.D6,Z.D6.mp3
